ytid,start_s,end_s,labels,Scream,Shout,Crying,Explosion,Gunshot,Glass,Siren,Alarm
XDuSUbVG5dc,0.0,10.0,"/m/03j1ly,/m/03kmc9,/m/07yv9,/m/0k4j",0,0,0,0,0,0,1,0
vueq0OKpLrM,200.0,210.0,/m/032s66,0,0,0,0,1,0,0,0
SGxKvnCxXcI,10.0,20.0,"/m/04rlf,/m/07p6fty",0,1,0,0,0,0,0,0
UOfOoG3xszo,150.0,160.0,"/m/04rlf,/m/07p6fty",0,1,0,0,0,0,0,0
A3bL35XpKeY,30.0,40.0,/m/04rlf,0,0,0,0,0,0,0,0
dF6J4OpD__Y,60.0,70.0,"/m/039jq,/m/04rlf,/m/04szw",0,0,0,0,0,1,0,0
5TA99cK7dsU,30.0,40.0,"/m/09x0r,/m/0g6b5",0,0,0,1,0,0,0,0
5rktf6NCKnE,10.0,20.0,"/m/0463cq4,/m/068hy,/m/0bt9lr,/m/0jbk",0,0,1,0,0,0,0,0
y-XEIcHUVJM,220.0,230.0,"/m/09x0r,/m/0c3f7m",0,0,0,0,0,0,0,1
YVAWELATEig,60.0,70.0,"/m/0463cq4,/m/09x0r",0,0,1,0,0,0,0,0
bnmC33g20mA,30.0,40.0,"/m/09x0r,/t/dd00002",0,0,1,0,0,0,0,0
pBAmr-jjGWc,70.0,80.0,"/m/03qc9zr,/m/09x0r,/m/0ytgt",1,0,0,0,0,0,0,0
B6UzSKKLfH8,110.0,120.0,"/m/04rlf,/m/07p6fty,/t/dd00126",0,1,0,0,0,0,0,0
fk6lhvFz-LA,150.0,160.0,/m/039jq,0,0,0,0,0,1,0,0
Xe2C-3p0CIg,100.0,110.0,"/m/03qc9zr,/m/09x0r",1,0,0,0,0,0,0,0
Z7vmkTLjuOo,0.0,7.0,"/m/04_sv,/m/07yv9,/m/09x0r",0,0,0,0,0,0,0,0
E94cS5qiBo0,230.0,240.0,"/m/04rlf,/m/07p6fty,/t/dd00127",0,1,0,0,0,0,0,0
EXOvgKdZOuQ,19.0,29.0,/m/014zdl,0,0,0,1,0,0,0,0
irXG4eCATQk,0.0,10.0,/m/0g6b5,0,0,0,1,0,0,0,0
qnKawSpldn4,20.0,30.0,/m/039jq,0,0,0,0,0,1,0,0
-20uudT97E0,30.0,40.0,"/m/03qc9zr,/m/09x0r",1,0,0,0,0,0,0,0
AxZxCPvCtGA,30.0,40.0,/m/0463cq4,0,0,1,0,0,0,0,0
c7mXuT1W73I,30.0,40.0,/m/09x0r,0,0,0,0,0,0,0,0
NFVilfI5hBg,70.0,80.0,"/m/015lz1,/m/04rlf,/m/07p6fty,/t/dd00126",0,1,0,0,0,0,0,0
DKbPZjiOs8s,10.0,20.0,"/m/012f08,/m/012ndj,/m/03j1ly,/m/07r04,/m/07yv9",0,0,0,0,0,0,1,0
yJNIlzKCEfw,18.0,28.0,"/m/01y3hg,/m/030rvx",0,0,0,0,0,0,0,1
5_yE8o6vnMg,30.0,40.0,/m/09x0r,0,0,0,0,0,0,0,0
YRzbOQY-Zfo,30.0,40.0,/m/04rlf,0,0,0,0,0,0,0,0
TYBfRO1HZh0,30.0,40.0,/m/03kmc9,0,0,0,0,0,0,1,0
28VoHgz8Pbg,30.0,40.0,"/m/03qc9zr,/m/03qtwd,/m/04rlf,/m/053hz1,/m/09x0r,/m/0l15bq",1,0,0,0,0,0,0,0
AoIQX-AJT20,1.0,11.0,"/m/07qz6j3,/t/dd00002",0,0,1,0,0,0,0,0
-sUgHKZQKYc,30.0,40.0,/m/03qc9zr,1,0,0,0,0,0,0,0
ff_riarnjB0,26.0,36.0,"/m/09x0r,/t/dd00002",0,0,1,0,0,0,0,0
tty08Z1cnw8,260.0,270.0,/m/09x0r,0,0,0,0,0,0,0,0
y9CtRWwNVIs,80.0,90.0,"/m/015lz1,/m/03qtwd,/m/04rlf,/m/07p6fty",0,1,0,0,0,0,0,0
9k1ZuVzpF7c,40.0,50.0,"/m/01b_21,/m/01j3sz,/m/0463cq4",0,0,1,0,0,0,0,0
8IBwEFLHxNw,30.0,40.0,/m/0g6b5,0,0,0,1,0,0,0,0
A29Lk1N6HQI,30.0,40.0,"/m/07k1x,/m/09x0r",0,0,0,0,0,0,0,0
SPKCe8qmz6c,90.0,100.0,"/m/015lz1,/m/04rlf",0,0,0,0,0,0,0,0
-GVPW-f3sbo,30.0,40.0,/m/09x0r,0,0,0,0,0,0,0,0
DG6ZWKPfxII,440.0,450.0,"/m/03qtwd,/m/04rlf,/m/09x0r,/m/0g6b5",0,0,0,1,0,0,0,0
oNL_PUVQUh4,30.0,40.0,/m/04rlf,0,0,0,0,0,0,0,0
XzIy5S7QJ0k,7.0,17.0,"/m/03kmc9,/m/0dgbq",0,0,0,0,0,0,1,0
EhaFWYaLNzE,30.0,40.0,/m/09x0r,0,0,0,0,0,0,0,0
8UPLn3M5M_M,30.0,40.0,"/m/04rlf,/m/09x0r",0,0,0,0,0,0,0,0
13q6vtzWRTE,30.0,40.0,/m/09x0r,0,0,0,0,0,0,0,0
CgAGlxEHCes,50.0,60.0,"/m/014zdl,/m/04rlf",0,0,0,1,0,0,0,0
CM1Ov2fBHwE,350.0,360.0,"/m/09x0r,/m/0c3f7m",0,0,0,0,0,0,0,1
VPF75hWXaZc,30.0,40.0,"/m/03kmc9,/m/0dgbq",0,0,0,0,0,0,1,0
9OnIi_5K6do,30.0,40.0,/m/03kmc9,0,0,0,0,0,0,1,0
Yhu4s7p7cJg,260.0,270.0,/m/09x0r,0,0,0,0,0,0,0,0
WDHqT9scXt4,30.0,40.0,/m/014zdl,0,0,0,1,0,0,0,0
irhsdhRIUwI,10.0,20.0,/m/0g6b5,0,0,0,1,0,0,0,0
ZwQxt4wbtGw,60.0,70.0,"/m/01y3hg,/m/09x0r",0,0,0,0,0,0,0,1
m64DZUWfOLg,30.0,40.0,/m/032s66,0,0,0,0,1,0,0,0
1hoHYhaugRU,30.0,40.0,"/m/07pqc89,/m/09x0r",0,0,0,0,0,0,0,0
teJGFO7KuDw,30.0,40.0,"/m/04rlf,/m/07sbbz2",0,0,0,0,0,0,0,0
4PdvcWb9zkM,19.0,29.0,"/m/0g6b5,/t/dd00128",0,0,0,1,0,0,0,0
Zvw6-vi3Aq8,150.0,160.0,"/m/04rlf,/m/09x0r,/t/dd00129",0,0,0,0,0,0,0,0
o7P9RFIeTtk,560.0,570.0,"/m/01g50p,/m/07jdr,/m/07yv9,/m/09x0r",0,0,0,0,0,0,0,0
nH1-Ul2TIsA,22.0,32.0,/t/dd00002,0,0,1,0,0,0,0,0
UikrYQmCYf0,90.0,100.0,"/m/039jq,/m/07rjzl8,/m/09x0r",0,0,0,0,0,1,0,0
EXgFZCBZ18Y,12.0,22.0,"/m/07cx4,/m/0c3f7m",0,0,0,0,0,0,0,1
SAjGpGbmmXY,5.0,15.0,"/m/014zdl,/m/04rlf,/m/07qsvvw,/m/09x0r",0,0,0,1,0,0,0,0
q36GQKVQyOY,30.0,40.0,"/m/09x0r,/m/0g6b5",0,0,0,1,0,0,0,0
DmFS1Cff7JU,18.0,28.0,"/m/014zdl,/m/04rlf",0,0,0,1,0,0,0,0
1ItBtQSY6JQ,10.0,20.0,"/m/015lz1,/m/03qtwd,/m/04rlf,/m/07p6fty",0,1,0,0,0,0,0,0
FkxerJFHgwk,30.0,40.0,"/m/046dlr,/m/07pp_mv",0,0,0,0,0,0,0,1
pgN-Why-duY,0.0,10.0,"/m/032s66,/m/0_1c",0,0,0,0,1,0,0,0
HB1R6eZS_qU,230.0,240.0,"/m/026t6,/m/02hnl,/m/03lty,/m/04rlf,/m/04szw,/m/06by7",0,0,0,0,0,0,0,0
ihEorR4tscc,340.0,350.0,"/m/01j3sz,/m/07p6fty,/m/09x0r",0,1,0,0,0,0,0,0
nA-f8b2Zn6M,80.0,90.0,"/m/09x0r,/m/0g6b5",0,0,0,1,0,0,0,0
I0QHLuIJ2AE,30.0,40.0,/m/09x0r,0,0,0,0,0,0,0,0
AjEPFL65QYM,13.0,23.0,/m/09x0r,0,0,0,0,0,0,0,0
rx9Sarky2d8,50.0,60.0,"/m/012n7d,/m/03j1ly,/m/03kmc9",0,0,0,0,0,0,1,0
J07cyQ6vCgg,30.0,40.0,"/m/04rlf,/m/09x0r",0,0,0,0,0,0,0,0
-mDOld5RYxw,80.0,90.0,"/m/09x0r,/m/0c3f7m",0,0,0,0,0,0,0,1
G2Z747RET00,14.0,24.0,"/m/07qz6j3,/m/09x0r,/t/dd00002",0,0,1,0,0,0,0,0
3P-GdQeEFo8,30.0,40.0,/m/04rlf,0,0,0,0,0,0,0,0
snaFgf4_sZI,30.0,40.0,"/m/04rlf,/m/07sbbz2,/m/09x0r",0,0,0,0,0,0,0,0
9wc0p47yck4,30.0,40.0,"/m/02lkt,/m/04rlf,/m/07gxw",0,0,0,0,0,0,0,0
S0KJJKUtpa4,10.0,20.0,"/m/032s66,/m/04zjc,/m/09x0r",0,0,0,0,1,0,0,0
dwAATor0dwU,100.0,110.0,"/m/03qtwd,/m/053hz1,/t/dd00135",0,1,0,0,0,0,0,0
5LweUhQmvjM,60.0,70.0,"/m/039jq,/m/09x0r,/t/dd00125",0,0,0,0,0,1,0,0
-j8EeIX9ynk,40.0,50.0,"/m/03kmc9,/m/0dgbq",0,0,0,0,0,0,1,0
0EymGuYWkFk,30.0,40.0,"/m/03qc9zr,/m/04rlf",1,0,0,0,0,0,0,0
yg-lsIdL0bU,30.0,40.0,/m/032s66,0,0,0,0,1,0,0,0
TKIlOBgOgMQ,30.0,40.0,/m/032s66,0,0,0,0,1,0,0,0
k17Xq-wWn6w,110.0,120.0,"/m/032s66,/m/04zjc",0,0,0,0,1,0,0,0
7qsAxn-1qQ8,0.0,10.0,"/m/07pp_mv,/t/dd00125",0,0,0,0,0,0,0,1
Q6fDngpwGy0,30.0,40.0,"/m/014zdl,/m/07qsvvw,/m/09x0r",0,0,0,1,0,0,0,0
toaq4xGQOUE,30.0,40.0,/m/09x0r,0,0,0,0,0,0,0,0
vMb98Zz8Djw,80.0,90.0,"/m/039jq,/m/04rlf",0,0,0,0,0,1,0,0
T0CWQn5Pygo,30.0,40.0,/m/014zdl,0,0,0,1,0,0,0,0
hd2eXuNUEC0,10.0,20.0,/m/014zdl,0,0,0,1,0,0,0,0
SK0eG-V-llQ,200.0,210.0,/m/032s66,0,0,0,0,1,0,0,0
BwUfBiv-gr8,270.0,280.0,/m/09x0r,0,0,0,0,0,0,0,0
URJFlb_yriQ,90.0,100.0,"/m/039jq,/m/04rlf",0,0,0,0,0,1,0,0
_-1X_BmFN0g,180.0,190.0,/m/032s66,0,0,0,0,1,0,0,0
RyHHHXTmQE8,120.0,130.0,"/m/039jq,/m/04k94,/m/0838f,/m/09x0r",0,0,0,0,0,1,0,0
eeG5d-BMKjA,90.0,100.0,"/m/03qc9zr,/m/09x0r",1,0,0,0,0,0,0,0
L0RJ5qF3B-M,130.0,140.0,"/m/03qtwd,/m/053hz1,/t/dd00135",0,1,0,0,0,0,0,0
8spbSE-Y5yI,30.0,40.0,"/m/09x0r,/t/dd00002",0,0,1,0,0,0,0,0
HuCkRcQKux0,30.0,40.0,/m/09x0r,0,0,0,0,0,0,0,0
MMDUL0otRG0,10.0,20.0,"/m/0342h,/m/04rlf,/m/04szw,/m/07p6fty,/m/09x0r,/m/0fx80y",0,1,0,0,0,0,0,0
EPHbMgjtAjs,11.0,21.0,"/m/032s66,/m/0_1c",0,0,0,0,1,0,0,0
mtx5x5X6h_w,30.0,40.0,"/m/032s66,/m/0_1c",0,0,0,0,1,0,0,0
dekHnL7ZOBg,10.0,20.0,/m/014zdl,0,0,0,1,0,0,0,0
vJwCeEoc6Ss,290.0,300.0,"/m/032s66,/m/073cg4",0,0,0,0,1,0,0,0
Zhl-klvZBIE,30.0,40.0,"/m/04rlf,/m/09x0r,/t/dd00128",0,0,0,0,0,0,0,0
DiInvIYzq6Q,30.0,40.0,/m/09x0r,0,0,0,0,0,0,0,0
_LyX0W1PAgw,500.0,510.0,"/m/01j3sz,/m/03qc9zr,/m/04rlf,/m/09x0r,/m/0ytgt",1,0,0,0,0,0,0,0
MStmROOpspI,0.0,3.0,"/m/03qc9zr,/m/04rlf",1,0,0,0,0,0,0,0
HgnT0RyMJdU,80.0,90.0,"/m/039jq,/m/04rlf,/m/09x0r",0,0,0,0,0,1,0,0
W8R9fj3e0Jk,0.0,10.0,"/m/03j1ly,/m/03kmc9,/m/04qvtq",0,0,0,0,0,0,1,0
mqmh5F5_nhg,30.0,40.0,/m/04rlf,0,0,0,0,0,0,0,0
EDYI8gBK8_I,40.0,50.0,/m/039jq,0,0,0,0,0,1,0,0
sARTViYYmM8,10.0,20.0,"/m/012n7d,/m/03j1ly,/m/03kmc9",0,0,0,0,0,0,1,0
2LDYDCkYsSM,30.0,40.0,/m/09x0r,0,0,0,0,0,0,0,0
KgAFJk1VceY,80.0,90.0,"/m/015lz1,/m/03lty,/m/04rlf,/m/05r6t,/m/05zppz,/m/06by7,/m/074ft,/m/0dl5d,/m/0dls3",0,0,0,0,0,0,0,0
Yi-Yf39yaZQ,160.0,170.0,"/m/04rlf,/m/06bxc",0,0,0,0,0,0,0,0
jZNdsbYKsDg,30.0,40.0,"/m/07qz6j3,/m/09x0r,/t/dd00002",0,0,1,0,0,0,0,0
lYTYSkmKvyg,50.0,60.0,"/m/02cjck,/m/04rlf",0,0,0,0,0,0,0,0
Hpn0oLqNRiE,30.0,40.0,"/m/012n7d,/m/02mfyn,/m/03j1ly,/m/03kmc9",0,0,0,0,0,0,1,1
wfIFhBZMIQU,0.0,10.0,/m/039jq,0,0,0,0,0,1,0,0
4PYpHAr_6mM,30.0,40.0,"/m/07qz6j3,/m/09x0r,/t/dd00002",0,0,1,0,0,0,0,0
XayzNWAPgzQ,150.0,160.0,"/m/01hgjl,/m/04rlf,/m/0cfdd",0,0,0,0,0,0,0,0
YwdKYFPiqW0,190.0,200.0,"/m/039jq,/m/09x0r",0,0,0,0,0,1,0,0
MuGjEKe9DZY,30.0,40.0,"/m/04rlf,/m/07gxw",0,0,0,0,0,0,0,0
dg9OQY51vog,100.0,110.0,"/m/03qtwd,/m/053hz1,/t/dd00135",0,1,0,0,0,0,0,0
3II3mgbe55o,310.0,320.0,"/m/032s66,/m/0_1c",0,0,0,0,1,0,0,0
4-W488zcbS4,4.0,14.0,/t/dd00002,0,0,1,0,0,0,0,0
mZd6vUHMAjA,30.0,40.0,/m/02mfyn,0,0,0,0,0,0,0,1
IiS0ZtEYgPY,140.0,150.0,/m/0g6b5,0,0,0,1,0,0,0,0
zfIoCDuPbeY,20.0,30.0,/m/01y3hg,0,0,0,0,0,0,0,1
KzoJpKd2tkA,30.0,40.0,"/m/012ndj,/m/03j1ly,/m/03kmc9",0,0,0,0,0,0,1,0
iIVDADfyy54,20.0,30.0,"/m/03qtwd,/m/053hz1,/t/dd00135",0,1,0,0,0,0,0,0
q3DDJUSVers,330.0,340.0,/m/07pp_mv,0,0,0,0,0,0,0,1
ShZniY3UB_g,30.0,40.0,"/m/03qc9zr,/m/09x0r",1,0,0,0,0,0,0,0
MwMky2YsdqM,30.0,40.0,/m/03qc9zr,1,0,0,0,0,0,0,0
uP87XUaQHFo,20.0,30.0,/m/0g6b5,0,0,0,1,0,0,0,0
xx0wiWhWD-0,0.0,10.0,"/m/01y3hg,/m/09x0r",0,0,0,0,0,0,0,1
-5EiLqHCLuI,0.0,10.0,"/m/012n7d,/m/03j1ly,/m/03kmc9",0,0,0,0,0,0,1,0
BaPR4Bscwp4,30.0,40.0,"/m/0463cq4,/m/0ytgt",0,0,1,0,0,0,0,0
oMRrRTeeWes,60.0,70.0,/m/03qc9zr,1,0,0,0,0,0,0,0
0qXq2V4VTlE,30.0,40.0,/m/09x0r,0,0,0,0,0,0,0,0
N7HKE-tZz_w,30.0,40.0,"/m/026t6,/m/04rlf",0,0,0,0,0,0,0,0
YulFrP1Ahf4,40.0,50.0,"/m/012ndj,/m/07yv9",0,0,0,0,0,0,1,0
MnJBhjd_9sE,27.0,37.0,"/m/01y3hg,/m/02fs_r",0,0,0,0,0,0,0,1
tbC_LBMIZYY,130.0,140.0,"/m/09x0r,/m/0g6b5",0,0,0,1,0,0,0,0
SOM1GYP25PE,10.0,20.0,"/m/03qtwd,/m/053hz1,/t/dd00135",0,1,0,0,0,0,0,0
-3VNXArDU6E,21.0,31.0,"/m/02p0sh1,/m/04rlf,/m/05rwpb",0,0,0,0,0,0,0,0
RDHd5pDWJMc,30.0,40.0,"/m/012n7d,/m/02mfyn,/m/03j1ly,/m/03kmc9",0,0,0,0,0,0,1,1
0F06QDlG8nY,60.0,70.0,"/m/03qtwd,/m/053hz1,/t/dd00135",0,1,0,0,0,0,0,0
iaHB5oE8hU0,30.0,40.0,/m/0c3f7m,0,0,0,0,0,0,0,1
jgWHfYFMjOc,10.0,20.0,"/m/03qc9zr,/m/09x0r",1,0,0,0,0,0,0,0
9l9TdwUim2E,10.0,20.0,/m/03qc9zr,1,0,0,0,0,0,0,0
k6KcnHyGU2I,29.0,39.0,/m/04rlf,0,0,0,0,0,0,0,0
Lx6xaU2Ti7s,340.0,350.0,"/m/032s66,/m/073cg4",0,0,0,0,1,0,0,0
yjpd9D4Kc4Q,60.0,70.0,/m/03qc9zr,1,0,0,0,0,0,0,0
-woquFRnQk8,16.0,26.0,"/m/03j1ly,/m/03kmc9,/m/04qvtq",0,0,0,0,0,0,1,0
1QmEajJP3Jc,260.0,270.0,"/m/03qtwd,/m/053hz1,/t/dd00135",0,1,0,0,0,0,0,0
hHsR7wARPxA,30.0,40.0,"/m/06h7j,/m/09x0r,/t/dd00128",0,0,0,0,0,0,0,0
a3NmUlnBjR0,10.0,20.0,"/m/03qtwd,/m/053hz1",0,0,0,0,0,0,0,0
XGINrjREFiE,190.0,200.0,"/m/02z32qm,/m/032s66",0,0,0,0,1,0,0,0
YHaQeLAKdZ0,40.0,50.0,"/m/032s66,/m/073cg4",0,0,0,0,1,0,0,0
MxqWlSxuKvs,30.0,40.0,/m/09x0r,0,0,0,0,0,0,0,0
3qCf8wct2pc,0.0,10.0,"/m/039jq,/m/04rlf,/m/07rn7sz",0,0,0,0,0,1,0,0
I4PlKRQNShI,20.0,30.0,/m/0g6b5,0,0,0,1,0,0,0,0
R9Ml8u2QRC8,30.0,40.0,/m/03kmc9,0,0,0,0,0,0,1,0
w8gLwi2_bEc,30.0,40.0,"/m/03kmc9,/m/04qvtq,/m/07yv9,/m/0k4j",0,0,0,0,0,0,1,0
4EMHsIJLk3c,120.0,130.0,/m/032s66,0,0,0,0,1,0,0,0
nl7uKGb-nUE,7.0,17.0,/m/09x0r,0,0,0,0,0,0,0,0
6aXuMIjRfjY,30.0,40.0,/m/04rlf,0,0,0,0,0,0,0,0
RCQDQeHvNXY,30.0,40.0,/m/04rlf,0,0,0,0,0,0,0,0
-fYzK3t5mCo,30.0,40.0,/m/09x0r,0,0,0,0,0,0,0,0
1lz52K4W9rM,30.0,40.0,"/m/09x0r,/m/0c3f7m",0,0,0,0,0,0,0,1
g8g4zRShESY,440.0,450.0,"/m/039jq,/m/09x0r",0,0,0,0,0,1,0,0
2n2yYSggnwA,90.0,100.0,"/m/04rlf,/m/07p6fty",0,1,0,0,0,0,0,0
W4AptCGYj5w,30.0,40.0,"/m/03qtwd,/m/053hz1,/t/dd00135",0,1,0,0,0,0,0,0
1G15rwfNy1Y,90.0,100.0,"/m/04rlf,/m/04szw,/m/05148p4,/m/05r5c",0,0,0,0,0,0,0,0
0agMSdf3pAY,30.0,40.0,"/m/014zdl,/m/07qsvvw",0,0,0,1,0,0,0,0
E2SmEeozjtM,530.0,540.0,"/m/015lz1,/m/028sqc,/m/04rlf,/m/064t9,/m/0g6b5",0,0,0,1,0,0,0,0
WPE7-WrWOVU,70.0,80.0,"/m/03qtwd,/t/dd00135",0,1,0,0,0,0,0,0
OBzy1bb2Guc,30.0,40.0,"/m/03qc9zr,/m/03qtwd,/m/09x0r,/m/0c1dj",1,0,0,0,0,0,0,0
KC3rnl1inMI,0.0,6.0,"/m/014zdl,/m/07qsvvw",0,0,0,1,0,0,0,0
aXSWtpwQVuo,120.0,130.0,"/m/032s66,/m/0_1c",0,0,0,0,1,0,0,0
R7nS11bmXHc,0.0,10.0,/m/0463cq4,0,0,1,0,0,0,0,0
3uGAvVJEWP8,30.0,40.0,"/m/04rlf,/m/04szw,/m/07y_7",0,0,0,0,0,0,0,0
D1bst-wPWM8,20.0,30.0,"/m/02zsn,/m/09x0r,/m/0jbk",0,0,0,0,0,0,0,0
Nbrnjd-v1aE,5.0,15.0,/m/03qc9zr,1,0,0,0,0,0,0,0
kvjKpEw17x4,5.0,15.0,"/m/032s66,/m/04zjc",0,0,0,0,1,0,0,0
L0-SaQiCX84,380.0,390.0,/m/032s66,0,0,0,0,1,0,0,0
NVNuo-CpRbU,50.0,60.0,/m/07pp_mv,0,0,0,0,0,0,0,1
6dPOgDPbPeg,30.0,40.0,/t/dd00002,0,0,1,0,0,0,0,0
Fwerx8811UQ,340.0,350.0,"/m/032s66,/m/04zjc",0,0,0,0,1,0,0,0
SN-oB7alNy8,30.0,40.0,/m/09x0r,0,0,0,0,0,0,0,0
fu5PSTbkCTY,23.0,33.0,"/m/032s66,/m/073cg4",0,0,0,0,1,0,0,0
3ijkT9Ci4vI,30.0,40.0,"/m/03qc9zr,/t/dd00002",1,0,1,0,0,0,0,0
65YTF_sF3JI,290.0,300.0,"/m/0463cq4,/m/04rlf,/m/09x0r",0,0,1,0,0,0,0,0
KIbl4N5GClM,30.0,40.0,"/m/04rlf,/m/064t9",0,0,0,0,0,0,0,0
YsxXIExMnEU,30.0,40.0,"/m/03qc9zr,/m/09x0r",1,0,0,0,0,0,0,0
hdryQ62eIs4,10.0,20.0,"/m/07pp_mv,/m/09x0r,/m/0c3f7m",0,0,0,0,0,0,0,1
BVFMNhWIVTU,30.0,40.0,"/m/014zdl,/m/07qsvvw,/m/09x0r",0,0,0,1,0,0,0,0
Hy0xX59nP7c,0.0,10.0,"/m/03j1ly,/m/03kmc9,/m/04qvtq",0,0,0,0,0,0,1,0
kmgtDjkNUp4,0.0,10.0,"/m/03qtwd,/m/09x0r,/m/0g6b5",0,0,0,1,0,0,0,0
R0qKK0f8ouA,1.0,11.0,"/m/014zdl,/m/09x0r",0,0,0,1,0,0,0,0
zBl7JwCqz3o,10.0,20.0,"/m/04rlf,/m/07p6fty,/m/09x0r",0,1,0,0,0,0,0,0
sc1X_5ZRTAM,20.0,30.0,/m/0463cq4,0,0,1,0,0,0,0,0
18RuhyZJJ8E,25.0,35.0,"/m/09x0r,/t/dd00002",0,0,1,0,0,0,0,0
-UMvZ8-An7I,30.0,40.0,/m/09x0r,0,0,0,0,0,0,0,0
u6quVRzIU18,80.0,90.0,"/m/039jq,/m/09x0r",0,0,0,0,0,1,0,0
uGjJscNF6Ec,0.0,4.0,"/m/032s66,/m/04zjc",0,0,0,0,1,0,0,0
pA9L5g87K2k,320.0,330.0,"/m/04rlf,/m/07p6fty,/t/dd00128",0,1,0,0,0,0,0,0
d5qtmC7-BJQ,30.0,40.0,"/m/03kmc9,/m/0dgbq",0,0,0,0,0,0,1,0
hGClVqkQbEw,30.0,40.0,/m/09x0r,0,0,0,0,0,0,0,0
812x4Pg1Za0,21.0,31.0,"/m/04rlf,/m/09x0r",0,0,0,0,0,0,0,0
MFaRhAq2JLw,10.0,20.0,/t/dd00002,0,0,1,0,0,0,0,0
-1qu_0fDd_8,250.0,260.0,"/m/09x0r,/t/dd00128",0,0,0,0,0,0,0,0
VagGsiJqPMI,250.0,260.0,"/m/03qtwd,/m/04rlf,/m/07p6fty,/m/09x0r",0,1,0,0,0,0,0,0
9FZiHdiMLf0,50.0,60.0,"/m/028sqc,/m/03qtwd,/m/04rlf",0,0,0,0,0,0,0,0
s7XMFO-wSNw,21.0,31.0,"/m/04rlf,/t/dd00002",0,0,1,0,0,0,0,0
pIaEpiAdOyE,80.0,90.0,"/m/04qvtq,/m/06bz3,/m/09x0r",0,0,0,0,0,0,1,0
EpqhsgnFy7g,0.0,10.0,"/m/012ndj,/m/03j1ly,/m/07r04,/m/07yv9",0,0,0,0,0,0,1,0
i1vFjX74XME,90.0,100.0,"/m/01y3hg,/m/09x0r",0,0,0,0,0,0,0,1
OQtlwXlY_uY,80.0,90.0,"/m/03qc9zr,/m/04rlf",1,0,0,0,0,0,0,0
vS_xhJ-t7BI,10.0,20.0,"/m/015lz1,/m/04rlf,/m/07p6fty,/t/dd00126",0,1,0,0,0,0,0,0
-9XmXoOdb68,30.0,40.0,"/m/032s66,/m/04zjc",0,0,0,0,1,0,0,0
cJJ_nDs491A,0.0,9.0,"/m/032s66,/m/09x0r",0,0,0,0,1,0,0,0
KxDHe0aaOqw,190.0,200.0,/m/02mfyn,0,0,0,0,0,0,0,1
xk2i1aLaDgQ,290.0,300.0,"/m/03qc9zr,/m/09x0r",1,0,0,0,0,0,0,0
z-D3XS_HRxU,0.0,10.0,"/m/012f08,/m/012ndj,/m/03j1ly,/m/07r04,/m/07yv9,/m/0btp2",0,0,0,0,0,0,1,0
8z2yFtX66C4,30.0,40.0,"/m/04rlf,/m/07p6fty,/m/09x0r,/t/dd00127",0,1,0,0,0,0,0,0
YyPlVpq8CT0,140.0,150.0,/m/039jq,0,0,0,0,0,1,0,0
WGbJ3ahXAHw,60.0,70.0,"/m/04_sv,/m/07pp_mv",0,0,0,0,0,0,0,1
3FH0bM6TS8g,6.0,16.0,"/m/02sgy,/m/0342h,/m/04rlf,/m/04szw",0,0,0,0,0,0,0,0
YWXSSqQMFwQ,90.0,100.0,"/m/015lz1,/m/04rlf,/m/064t9,/m/07p6fty,/m/0y4f8",0,1,0,0,0,0,0,0
sNY_HeMbyQc,30.0,40.0,"/m/09x0r,/t/dd00002",0,0,1,0,0,0,0,0
e5ttSYXvblM,50.0,60.0,"/m/03qc9zr,/m/04rlf",1,0,0,0,0,0,0,0
4PEdsR-0Wkc,30.0,40.0,/m/04rlf,0,0,0,0,0,0,0,0
lLbzMeiHjtY,100.0,110.0,"/m/015lz1,/m/04rlf,/m/064t9,/m/07p6fty,/t/dd00126",0,1,0,0,0,0,0,0
tdbgUDVN3bk,210.0,220.0,"/m/015lz1,/m/03qtwd,/m/04rlf,/m/07p6fty",0,1,0,0,0,0,0,0
cafJCt0UoNE,70.0,80.0,"/m/02w4v,/m/04rlf",0,0,0,0,0,0,0,0
ZWvESjqRN-E,140.0,150.0,"/m/09x0r,/m/0c3f7m",0,0,0,0,0,0,0,1
3NaMClMABvo,29.0,39.0,"/m/018vs,/m/0342h,/m/042v_gx,/m/04rlf,/m/04szw,/m/0fx80y",0,0,0,0,0,0,0,0
RDZ0QGSFNLI,30.0,40.0,/m/012ndj,0,0,0,0,0,0,1,0
_41wUdRvRtM,40.0,50.0,"/m/032s66,/m/04zjc",0,0,0,0,1,0,0,0
qh3-YsS6GNU,0.0,10.0,/m/014zdl,0,0,0,1,0,0,0,0
YyVPnZT2zWE,470.0,480.0,"/m/04rlf,/m/07qfr4h,/m/09x0r,/m/0g6b5",0,0,0,1,0,0,0,0
fL5DWeK6XOU,10.0,20.0,/m/03qc9zr,1,0,0,0,0,0,0,0
c-RNhKT5gdo,21.0,31.0,"/m/09x0r,/m/0g6b5,/t/dd00128",0,0,0,1,0,0,0,0
QzQEO8ysYw0,100.0,110.0,"/m/032s66,/m/073cg4",0,0,0,0,1,0,0,0
24Q1FbFL9LY,30.0,40.0,/m/09x0r,0,0,0,0,0,0,0,0
FG9vTn5F3wg,30.0,40.0,"/m/03kmc9,/m/04qvtq",0,0,0,0,0,0,1,0
uOlxp8OzzTo,30.0,40.0,"/m/03kmc9,/m/09x0r",0,0,0,0,0,0,1,0
EDOVSgpdS2Q,30.0,40.0,"/m/09x0r,/t/dd00002",0,0,1,0,0,0,0,0
Pz6j4BUva64,0.0,9.0,/m/014zdl,0,0,0,1,0,0,0,0
6IftpbkdL1Y,70.0,80.0,"/m/06_fw,/m/09x0r",0,0,0,0,0,0,0,0
AaENBBtrL3o,30.0,40.0,"/m/03kmc9,/m/0dgbq",0,0,0,0,0,0,1,0
xoHaU3AwqO8,30.0,40.0,"/m/01sm1g,/m/04rlf,/m/0l14md",0,0,0,0,0,0,0,0
V7C1mwv7H6c,220.0,230.0,"/m/04rlf,/m/07p6fty",0,1,0,0,0,0,0,0
jAmXQfqM-4M,60.0,70.0,"/m/012ndj,/m/03j1ly,/m/03kmc9",0,0,0,0,0,0,1,0
iH-YmWxse4M,120.0,130.0,"/m/09x0r,/m/0g6b5",0,0,0,1,0,0,0,0
UYJfvYUbE-k,0.0,10.0,"/m/032s66,/m/04zjc",0,0,0,0,1,0,0,0
vizUXJFUq1Y,10.0,20.0,"/m/015lz1,/m/04rlf",0,0,0,0,0,0,0,0
aryDW6xC0L0,30.0,40.0,/m/012ndj,0,0,0,0,0,0,1,0
carxZSrRySI,30.0,40.0,/m/09x0r,0,0,0,0,0,0,0,0
-NromfAJyZs,30.0,40.0,"/m/032s66,/m/04zjc",0,0,0,0,1,0,0,0
DPwULFs_NOA,110.0,120.0,/m/0g6b5,0,0,0,1,0,0,0,0
xtZQfhQFjIU,40.0,50.0,"/m/04rlf,/m/064t9",0,0,0,0,0,0,0,0
BR_mM9aKV94,1.0,11.0,"/m/014zdl,/m/09x0r",0,0,0,1,0,0,0,0
FdeHk3CjgB0,0.0,10.0,"/m/039jq,/m/07pc8lb,/m/09x0r,/m/0k4j",0,0,0,0,0,1,0,0
ja5_3urXc9E,180.0,190.0,"/m/03qc9zr,/m/09x0r",1,0,0,0,0,0,0,0
85aZxYO8Jo0,30.0,40.0,"/m/09x0r,/t/dd00002",0,0,1,0,0,0,0,0
GRTS2czOWdk,20.0,30.0,"/m/0342h,/m/039jq,/m/04rlf",0,0,0,0,0,1,0,0
2FsW23lxbBY,30.0,40.0,"/m/03qc9zr,/m/04rlf",1,0,0,0,0,0,0,0
IqmAqjP0V-c,30.0,40.0,/t/dd00002,0,0,1,0,0,0,0,0
kogl199Awl0,0.0,10.0,"/m/07qz6j3,/t/dd00002",0,0,1,0,0,0,0,0
-FHYoiyXjVo,30.0,40.0,/m/03kmc9,0,0,0,0,0,0,1,0
PgijXVt-UQU,30.0,40.0,"/m/012n7d,/m/02mfyn,/m/03j1ly,/m/03kmc9,/m/04qvtq",0,0,0,0,0,0,1,1
D-kGeAU-tAI,30.0,40.0,"/m/0463cq4,/m/09x0r,/t/dd00002",0,0,1,0,0,0,0,0
LJ5C3qSWiHE,10.0,20.0,/m/032s66,0,0,0,0,1,0,0,0
9F9j8DshAvY,30.0,40.0,/m/09x0r,0,0,0,0,0,0,0,0
f-r3G_bZoxs,10.0,20.0,"/m/039jq,/m/09x0r",0,0,0,0,0,1,0,0
YYcc6tXYXnU,30.0,40.0,/m/07pp_mv,0,0,0,0,0,0,0,1
zu53y8M2xBc,20.0,30.0,"/m/032s66,/m/073cg4",0,0,0,0,1,0,0,0
VNIhcuKO0wQ,0.0,10.0,"/m/04rlf,/m/07p6fty,/m/09x0r,/t/dd00126",0,1,0,0,0,0,0,0
qh_dJQOBFzU,310.0,320.0,"/m/026z9,/m/04rlf,/m/08cyft",0,0,0,0,0,0,0,0
PSCFoGriA7o,40.0,50.0,"/m/039jq,/m/04rlf,/m/04szw,/m/0l14md",0,0,0,0,0,1,0,0
Yo9Yo6u6uZw,20.0,30.0,"/m/03qc9zr,/m/09x0r",1,0,0,0,0,0,0,0
rJ10JqTnpiA,0.0,10.0,"/m/032s66,/m/073cg4",0,0,0,0,1,0,0,0
ReEslfvn-BQ,30.0,40.0,"/m/04rlf,/m/09x0r",0,0,0,0,0,0,0,0
EJucDkHyC_U,120.0,130.0,"/m/032s66,/m/0_1c",0,0,0,0,1,0,0,0
ohUpuIJo44M,30.0,40.0,/m/09x0r,0,0,0,0,0,0,0,0
Xhw_7i7IWIQ,30.0,40.0,/m/04rlf,0,0,0,0,0,0,0,0
gM1OcpkBrdk,7.0,17.0,/m/04rlf,0,0,0,0,0,0,0,0
ZkLqM5c8vbc,320.0,330.0,"/m/04rlf,/m/09x0r,/m/0c3f7m",0,0,0,0,0,0,0,1
VCIm4ljZWac,30.0,40.0,/m/02mfyn,0,0,0,0,0,0,0,1
-l_LL2W4TxM,30.0,40.0,/m/09x0r,0,0,0,0,0,0,0,0
AhOUAGaPqjU,50.0,60.0,/m/0c3f7m,0,0,0,0,0,0,0,1
oxEPOW0_nnE,540.0,550.0,"/m/034srq,/m/05kq4,/m/07yv9,/m/09x0r,/m/0k5j",0,0,0,0,0,0,0,0
yznDLT9yyuE,100.0,110.0,"/m/032s66,/m/04zjc",0,0,0,0,1,0,0,0
HUa2zrajF-g,30.0,40.0,/m/09x0r,0,0,0,0,0,0,0,0
-ZeMV790MXE,10.0,20.0,"/m/03j1ly,/m/03kmc9,/m/04qvtq",0,0,0,0,0,0,1,0
5AtdNZxX0Z8,0.0,10.0,"/m/039jq,/m/07q7njn",0,0,0,0,0,1,0,0
wng1ep_j6dw,80.0,90.0,"/m/03qc9zr,/m/09x0r",1,0,0,0,0,0,0,0
h_AeB-1Ye2I,280.0,290.0,"/m/03qc9zr,/m/09x0r,/m/0ytgt",1,0,0,0,0,0,0,0
EnYRcDTV_s8,280.0,290.0,"/m/012n7d,/m/03j1ly,/m/03kmc9",0,0,0,0,0,0,1,0
xyIcscTWV98,30.0,40.0,"/m/04rlf,/m/07qz6j3,/t/dd00002",0,0,1,0,0,0,0,0
RIBa5WJgRBo,0.0,10.0,"/m/02_nn,/m/03qc9zr,/m/09x0r",1,0,0,0,0,0,0,0
9zTEdwrwD_0,30.0,40.0,"/m/04rlf,/m/09x0r",0,0,0,0,0,0,0,0
ut9DrtDMqhM,2.0,12.0,"/m/03j1ly,/m/03kmc9,/m/04qvtq",0,0,0,0,0,0,1,0
o99WkzL9xh4,7.0,17.0,/t/dd00002,0,0,1,0,0,0,0,0
qFKvUT7sh14,10.0,20.0,"/m/09x0r,/t/dd00128",0,0,0,0,0,0,0,0
Pi3R9TBcWck,440.0,450.0,"/m/02_41,/m/039jq,/m/04rlf",0,0,0,0,0,1,0,0
9dg91_16cqM,30.0,40.0,"/m/028ght,/m/03qc9zr,/m/04rlf",1,0,0,0,0,0,0,0
pM-0aSW289M,230.0,240.0,"/m/03qtwd,/t/dd00135",0,1,0,0,0,0,0,0
bXABYl3QEqY,30.0,40.0,"/m/03qc9zr,/m/04rlf,/m/0c1dj",1,0,0,0,0,0,0,0
vcPv3l4KNIs,7.0,17.0,/m/09x0r,0,0,0,0,0,0,0,0
kCL1p_7J3nk,10.0,20.0,"/m/039jq,/m/04rlf",0,0,0,0,0,1,0,0
XmKt0mBm-I8,24.0,34.0,"/m/012n7d,/m/09x0r",0,0,0,0,0,0,1,0
7NsTE5WFhM8,30.0,40.0,"/m/04rlf,/m/07yv9,/m/0k4j",0,0,0,0,0,0,0,0
PDuvf9yhbqQ,0.0,10.0,/m/032s66,0,0,0,0,1,0,0,0
c7rAitgz6js,150.0,160.0,/m/0c3f7m,0,0,0,0,0,0,0,1
-dcZ6POUhPc,190.0,200.0,/m/032s66,0,0,0,0,1,0,0,0
d8K1ggRFh50,30.0,40.0,/m/04rlf,0,0,0,0,0,0,0,0
VADwHI5cXwg,30.0,40.0,/m/07pp_mv,0,0,0,0,0,0,0,1
D-HH1fEG2Xg,30.0,40.0,"/m/015p6,/m/0463cq4,/m/068hy",0,0,1,0,0,0,0,0
m4wiZ3ylxbg,370.0,380.0,/m/032s66,0,0,0,0,1,0,0,0
QV8Mo_SkHlg,70.0,80.0,"/m/04rlf,/m/07p6fty",0,1,0,0,0,0,0,0
-DPFuEk4AKc,30.0,40.0,/m/014zdl,0,0,0,1,0,0,0,0
ZgfzUx8iHJA,10.0,20.0,"/m/04qvtq,/m/09x0r",0,0,0,0,0,0,1,0
6Yv8NkFdGqs,18.0,28.0,/t/dd00002,0,0,1,0,0,0,0,0
Sm_670Aqo5g,10.0,20.0,"/m/03kmc9,/m/0dgbq",0,0,0,0,0,0,1,0
nw4bnJoueuk,30.0,40.0,/m/0g6b5,0,0,0,1,0,0,0,0
980gUFGMSbg,310.0,320.0,/m/032s66,0,0,0,0,1,0,0,0
3Vnql2TQAuo,0.0,9.0,/m/014zdl,0,0,0,1,0,0,0,0
3Qta6wU9kwU,30.0,40.0,"/m/032s66,/m/0_1c",0,0,0,0,1,0,0,0
7BuvZEeXR6Y,390.0,400.0,/m/032s66,0,0,0,0,1,0,0,0
yAeUzjqsBOQ,30.0,40.0,/m/012n7d,0,0,0,0,0,0,1,0
DSzelthxcKQ,30.0,40.0,/m/09x0r,0,0,0,0,0,0,0,0
vvm0SJfDadg,70.0,80.0,"/m/03kmc9,/m/0dgbq",0,0,0,0,0,0,1,0
QNco2aCFz0I,0.0,10.0,"/m/04rlf,/m/07p6fty",0,1,0,0,0,0,0,0
h9bh0Dc9qrw,30.0,40.0,"/m/012n7d,/m/03j1ly,/m/03kmc9",0,0,0,0,0,0,1,0
ZnTY9f50EP4,70.0,80.0,/m/02mfyn,0,0,0,0,0,0,0,1
IxvsAS0hFgs,150.0,160.0,"/m/0342h,/m/04rlf,/m/04szw,/m/07p6fty,/m/07rwj3x,/m/09x0r",0,1,0,0,0,0,0,0
InM9CZgXz8U,460.0,470.0,"/m/04rlf,/m/09x0r,/m/0g6b5",0,0,0,1,0,0,0,0
2aDcV6zKmF8,60.0,70.0,/m/039jq,0,0,0,0,0,1,0,0
DRiPHZXK1Ts,30.0,40.0,/m/04rlf,0,0,0,0,0,0,0,0
YlBynMJB8WU,0.0,7.0,"/m/014zdl,/m/09x0r",0,0,0,1,0,0,0,0
4991l2RDqhs,150.0,160.0,"/m/04rlf,/m/07p6fty,/m/09x0r,/t/dd00126",0,1,0,0,0,0,0,0
S7Aw6OgZOa0,30.0,40.0,"/m/04rlf,/m/09x0r",0,0,0,0,0,0,0,0
k__17ekajLs,300.0,310.0,"/m/04rlf,/m/07p6fty,/m/09x0r",0,1,0,0,0,0,0,0
U1QoSu9qWXY,30.0,40.0,"/m/03qtwd,/m/053hz1,/t/dd00135",0,1,0,0,0,0,0,0
G7itAkPQQb8,6.0,16.0,/m/014zdl,0,0,0,1,0,0,0,0
npvf-uwczss,120.0,130.0,"/m/01y3hg,/m/09x0r",0,0,0,0,0,0,0,1
91LUCmCNzVQ,330.0,340.0,"/m/032s66,/m/04zjc",0,0,0,0,1,0,0,0
Amm_YhCMt4I,190.0,200.0,"/m/09x0r,/m/0g6b5",0,0,0,1,0,0,0,0
qBO-JaBUHf4,30.0,40.0,"/m/032s66,/m/09x0r",0,0,0,0,1,0,0,0
rOagcgSlcvg,30.0,40.0,"/m/03kmc9,/m/0dgbq",0,0,0,0,0,0,1,0
8NyyKliIN74,50.0,60.0,"/m/0463cq4,/m/09x0r,/t/dd00002",0,0,1,0,0,0,0,0
6LbgvAdN5OI,280.0,290.0,/m/032s66,0,0,0,0,1,0,0,0
7GNpKfUnjY4,19.0,29.0,"/m/04rlf,/m/068hy,/m/07rc7d9,/m/0bt9lr,/m/0jbk",0,0,0,0,0,0,0,0
--OVXP9f6qM,30.0,40.0,"/m/04rlf,/m/09x0r",0,0,0,0,0,0,0,0
PmAp4ay9aFM,290.0,300.0,/m/09x0r,0,0,0,0,0,0,0,0
Q1ycpPgr9tk,10.0,20.0,"/m/012n7d,/m/01z5f,/m/07qf0zm",0,0,0,0,0,0,1,0
VnANyF3Pz2U,20.0,30.0,"/m/0463cq4,/m/09x0r",0,0,1,0,0,0,0,0
38Myw2Yf-I8,130.0,140.0,"/m/015lz1,/m/04rlf,/m/07p6fty,/m/09x0r,/t/dd00126",0,1,0,0,0,0,0,0
oL1ysh9fsnU,320.0,330.0,/m/09x0r,0,0,0,0,0,0,0,0
5chbn9ezap8,30.0,40.0,"/m/03kmc9,/m/0dgbq",0,0,0,0,0,0,1,0
M4NtMhDlAIQ,10.0,20.0,"/g/122z_qxw,/m/09x0r,/m/0g6b5,/t/dd00128",0,0,0,1,0,0,0,0
KquPFaTS1Os,30.0,40.0,"/m/02lkt,/m/04rlf,/m/07gxw",0,0,0,0,0,0,0,0
6itX6EYXqTo,30.0,40.0,"/m/03kmc9,/m/0dgbq",0,0,0,0,0,0,1,0
fWE-K3jiQdU,580.0,590.0,/m/032s66,0,0,0,0,1,0,0,0
EaI-XDVgMzc,350.0,360.0,/m/04rlf,0,0,0,0,0,0,0,0
ine4h6re8IE,60.0,70.0,/m/032s66,0,0,0,0,1,0,0,0
PH-Q6uE-Uaw,10.0,20.0,"/m/012f08,/m/012ndj,/m/03kmc9,/m/07r04,/m/07yv9",0,0,0,0,0,0,1,0
SBS6irJEIfs,4.0,14.0,"/m/04rlf,/m/09x0r,/t/dd00002",0,0,1,0,0,0,0,0
hr6qh4rAHl4,10.0,20.0,"/m/039jq,/m/09x0r",0,0,0,0,0,1,0,0
Xkev5-uuBc8,30.0,40.0,/t/dd00002,0,0,1,0,0,0,0,0
Ln9odeiy0sM,30.0,40.0,/m/09x0r,0,0,0,0,0,0,0,0
XcVOUkNzhVg,30.0,40.0,"/m/04rlf,/m/09x0r",0,0,0,0,0,0,0,0
wAv2ybvdAOs,40.0,50.0,"/m/03qtwd,/t/dd00135",0,1,0,0,0,0,0,0
_IjDKdlQH18,110.0,120.0,"/m/032s66,/m/04zjc",0,0,0,0,1,0,0,0
EyOVJLmcp2I,110.0,120.0,/m/04rlf,0,0,0,0,0,0,0,0
PcfJSjWmMl8,7.0,17.0,"/m/068hy,/m/0jbk,/t/dd00002",0,0,1,0,0,0,0,0
K75cKmUPdpw,27.0,37.0,"/m/012ndj,/m/03j1ly,/m/07r04,/m/07yv9,/m/09x0r",0,0,0,0,0,0,1,0
UI8XV1fVYeg,200.0,210.0,"/m/0342h,/m/042v_gx,/m/04rlf,/m/04szw,/m/07s0s5r,/m/09x0r,/m/0fx80y",0,0,0,0,0,0,0,0
JN6ZL4q9gcU,60.0,70.0,/m/0g6b5,0,0,0,1,0,0,0,0
o69UVZJRrbc,0.0,10.0,"/m/01j3sz,/m/07p6fty,/m/09x0r",0,1,0,0,0,0,0,0
cPT4M4Uwd2k,200.0,210.0,"/m/032s66,/m/04zjc",0,0,0,0,1,0,0,0
HQhmJF417n8,70.0,80.0,"/m/0463cq4,/m/09x0r",0,0,1,0,0,0,0,0
wKVoF9NBd-U,90.0,100.0,"/m/09x0r,/m/0c3f7m",0,0,0,0,0,0,0,1
AUTdx-K6Ttk,30.0,40.0,/m/09x0r,0,0,0,0,0,0,0,0
8oiLvEak47k,30.0,40.0,/m/03kmc9,0,0,0,0,0,0,1,0
5_dZTmDLxSQ,30.0,40.0,"/m/03qc9zr,/m/04rlf,/m/0c1dj",1,0,0,0,0,0,0,0
DUDEWfQ8Uek,10.0,20.0,"/m/0463cq4,/m/07p6fty,/m/09x0r",0,1,1,0,0,0,0,0
bW3_XVcKxqE,130.0,140.0,"/m/032s66,/m/04zjc",0,0,0,0,1,0,0,0
gb5K5IjS7EA,290.0,300.0,"/m/046dlr,/m/07pp_mv,/m/09x0r",0,0,0,0,0,0,0,1
l49m9KZ6jkQ,27.0,37.0,"/m/0912c9,/m/09x0r,/t/dd00125",0,0,0,0,0,0,0,0
1tRM3HTuFyM,30.0,40.0,"/m/04rlf,/m/07s72n,/m/09x0r",0,0,0,0,0,0,0,0
Wu7BojFMqgE,80.0,90.0,/m/0c3f7m,0,0,0,0,0,0,0,1
5jgsDJHAblo,140.0,150.0,"/m/07pp_mv,/m/09x0r",0,0,0,0,0,0,0,1
2m1hSYaMjQE,30.0,40.0,"/m/09x0r,/m/0g6b5",0,0,0,1,0,0,0,0
O_xSRtXrPOM,0.0,10.0,/m/014zdl,0,0,0,1,0,0,0,0
2TFNH8MF1Yc,30.0,40.0,"/m/03j1ly,/m/03kmc9,/m/04qvtq",0,0,0,0,0,0,1,0
6ztL-ySuHCk,0.0,10.0,"/m/03qc9zr,/m/09x0r,/m/0ytgt",1,0,0,0,0,0,0,0
C07OgADP2y0,10.0,20.0,"/m/03qc9zr,/m/04rlf",1,0,0,0,0,0,0,0
NJFVJ334o5k,430.0,440.0,/m/039jq,0,0,0,0,0,1,0,0
ON7PKEsEfwM,240.0,250.0,"/m/032s66,/m/04rlf",0,0,0,0,1,0,0,0
2Y6HO7CHUXo,30.0,40.0,"/m/032s66,/m/0_1c",0,0,0,0,1,0,0,0
Sv1MVsQKaPM,23.0,33.0,/t/dd00002,0,0,1,0,0,0,0,0
QIQOODNCaJk,0.0,6.0,/m/03qc9zr,1,0,0,0,0,0,0,0
2srkfPE9kuk,30.0,40.0,"/m/04rlf,/m/09x0r",0,0,0,0,0,0,0,0
MUOvyKtLfDA,30.0,40.0,/m/04rlf,0,0,0,0,0,0,0,0
Z95WIsdhDco,30.0,40.0,/m/032s66,0,0,0,0,1,0,0,0
9hos2rBABmw,30.0,40.0,"/m/09x0r,/t/dd00002",0,0,1,0,0,0,0,0
8P3vGvRotls,30.0,40.0,"/m/02qldy,/m/02zsn,/m/09x0r",0,0,0,0,0,0,0,0
1iG4kkFxrS8,20.0,30.0,"/m/03qc9zr,/m/04rlf,/m/09x0r",1,0,0,0,0,0,0,0
0UePQZOJw7U,0.0,5.0,/m/014zdl,0,0,0,1,0,0,0,0
xm3ShwwqXLc,220.0,230.0,"/m/032s66,/m/04rlf",0,0,0,0,1,0,0,0
yGuifXK86bE,350.0,360.0,"/m/09x0r,/m/0c3f7m",0,0,0,0,0,0,0,1
ImibfxlWSxY,0.0,10.0,"/m/01y3hg,/m/02fs_r,/m/030rvx",0,0,0,0,0,0,0,1
ZNNOJP54tpY,390.0,400.0,"/m/02lkt,/m/04rlf",0,0,0,0,0,0,0,0
il-iaQd-eao,130.0,140.0,/m/039jq,0,0,0,0,0,1,0,0
H9vN-INqDK4,9.0,19.0,"/m/014zdl,/m/07qsvvw",0,0,0,1,0,0,0,0
NjRzmXrLCJQ,140.0,150.0,"/m/04rlf,/m/07p6fty,/t/dd00126",0,1,0,0,0,0,0,0
9rsfJWtG5n0,190.0,200.0,"/g/122z_qxw,/m/09x0r,/m/0g6b5",0,0,0,1,0,0,0,0
Uk3_RecrSDc,80.0,90.0,/m/07pp_mv,0,0,0,0,0,0,0,1
2aaKI7_tBfg,20.0,30.0,"/m/01z7dr,/m/04rlf,/m/0l14gg,/t/dd00037",0,0,0,0,0,0,0,0
-NqzRgswEbI,30.0,40.0,/m/04rlf,0,0,0,0,0,0,0,0
YYZbf3JCFBI,30.0,40.0,"/m/01c194,/m/04rlf",0,0,0,0,0,0,0,0
XE7wFY0H6-A,470.0,480.0,"/m/03qtwd,/m/053hz1,/t/dd00135",0,1,0,0,0,0,0,0
y4phvI46L34,10.0,20.0,"/m/0463cq4,/t/dd00002,/t/dd00125",0,0,1,0,0,0,0,0
lzMhswQC-CM,340.0,350.0,"/m/04rlf,/m/07p6fty",0,1,0,0,0,0,0,0
AR2fKjqtWTo,0.0,8.0,"/m/09x0r,/m/0g6b5",0,0,0,1,0,0,0,0
JFFapa_PqPg,17.0,27.0,"/m/04rlf,/t/dd00002",0,0,1,0,0,0,0,0
Wh44XPs16JQ,110.0,120.0,"/m/03qtwd,/m/053hz1,/t/dd00135",0,1,0,0,0,0,0,0
xx-BlS8-uE4,150.0,160.0,/m/014zdl,0,0,0,1,0,0,0,0
-RAdrtCW1hI,70.0,80.0,"/m/032s66,/m/073cg4",0,0,0,0,1,0,0,0
RLo7i2_-f7w,210.0,220.0,"/m/03qtwd,/m/053hz1,/t/dd00135",0,1,0,0,0,0,0,0
T42NJA_H9mo,60.0,70.0,"/m/03qc9zr,/m/09x0r",1,0,0,0,0,0,0,0
dy7fuT6ASjc,110.0,120.0,"/m/02cjck,/m/04rlf",0,0,0,0,0,0,0,0
8XoFQvKnc3U,120.0,130.0,/m/032s66,0,0,0,0,1,0,0,0
v4lvGVVvPLk,560.0,570.0,"/m/09x0r,/m/0g6b5",0,0,0,1,0,0,0,0
_sH8nIJFn6M,30.0,40.0,/m/09x0r,0,0,0,0,0,0,0,0
yWDTG35SFgA,10.0,20.0,"/m/0463cq4,/m/09x0r,/t/dd00002,/t/dd00125",0,0,1,0,0,0,0,0
p5dwgtNbwWw,90.0,100.0,"/m/015lz1,/m/03qtwd,/m/04rlf,/m/07p6fty",0,1,0,0,0,0,0,0
3JFXgcQ5x5Y,9.0,19.0,/m/09x0r,0,0,0,0,0,0,0,0
cNv_MciBjzI,430.0,440.0,"/m/03qc9zr,/m/09x0r",1,0,0,0,0,0,0,0
6xysRIcH_ps,30.0,40.0,"/m/012ndj,/m/03j1ly,/m/07yv9,/m/09x0r",0,0,0,0,0,0,1,0
5wT1PIq9k-I,0.0,10.0,"/m/0342h,/m/042v_gx,/m/04rlf,/m/04szw,/m/0fx80y",0,0,0,0,0,0,0,0
VyROplv_qAE,30.0,40.0,"/m/030rvx,/m/07pp_mv,/t/dd00125",0,0,0,0,0,0,0,1
ZlOXIgq3_sc,110.0,120.0,"/m/03qc9zr,/m/09x0r",1,0,0,0,0,0,0,0
3tRHKIVsLj8,180.0,190.0,"/m/039jq,/m/04rlf,/m/07rn7sz",0,0,0,0,0,1,0,0
--PG66A3lo4,80.0,90.0,"/m/032s66,/m/04zjc",0,0,0,0,1,0,0,0
AxCPH9jYjsY,30.0,40.0,"/m/04rlf,/t/dd00034",0,0,0,0,0,0,0,0
8J3AVucOV0E,30.0,40.0,/m/03kmc9,0,0,0,0,0,0,1,0
Q5_cCAmEM24,30.0,40.0,"/m/026t6,/m/04rlf,/m/04szw",0,0,0,0,0,0,0,0
ekMl2HLgPqo,3.0,13.0,"/m/014zdl,/m/04rlf,/m/07qsvvw,/m/09x0r",0,0,0,1,0,0,0,0
pIIPiMEE0T4,380.0,390.0,"/m/03j1ly,/m/03kmc9,/m/04qvtq",0,0,0,0,0,0,1,0
DO7QuHOeS2M,50.0,60.0,"/m/03qtwd,/m/053hz1,/t/dd00135",0,1,0,0,0,0,0,0
yASSsS9q6mY,11.0,21.0,/m/03qc9zr,1,0,0,0,0,0,0,0
9Tc_YtdnqN8,100.0,110.0,/m/032s66,0,0,0,0,1,0,0,0
GLHUNDaGGwg,30.0,40.0,/m/0c3f7m,0,0,0,0,0,0,0,1
eesWRPDG6ZI,310.0,320.0,"/m/0463cq4,/m/04rlf,/m/09x0r",0,0,1,0,0,0,0,0
qPL1WveYAZk,0.0,10.0,"/m/039jq,/m/04rlf,/m/07rn7sz",0,0,0,0,0,1,0,0
yJFhmV4a-z8,10.0,20.0,/m/039jq,0,0,0,0,0,1,0,0
zojRJTc9uag,90.0,100.0,"/m/039jq,/m/09x0r",0,0,0,0,0,1,0,0
3O4etBY6e6U,160.0,170.0,"/m/03qc9zr,/m/0c1dj",1,0,0,0,0,0,0,0
HyrBo1x-qlU,27.0,37.0,"/m/09x0r,/t/dd00002",0,0,1,0,0,0,0,0
2JnLNbCUJpM,30.0,40.0,"/m/04rlf,/m/09x0r",0,0,0,0,0,0,0,0
PW432Yx9_j4,30.0,40.0,"/m/014zdl,/m/04rlf,/m/07pxg6y",0,0,0,1,0,0,0,0
E427ft_W4V8,0.0,10.0,"/m/03qtwd,/m/053hz1,/t/dd00135",0,1,0,0,0,0,0,0
rwfA4VVSXVM,0.0,10.0,"/m/032s66,/m/04rlf,/m/06j64v,/m/074ft",0,0,0,0,1,0,0,0
MUAVcWiCmjE,310.0,320.0,"/m/015lz1,/m/04rlf,/m/07p6fty",0,1,0,0,0,0,0,0
5KgGTZEsMsQ,90.0,100.0,"/m/0463cq4,/m/04rlf,/m/09x0r",0,0,1,0,0,0,0,0
z-vX3rbMF4E,1.0,11.0,"/m/04rlf,/m/09x0r",0,0,0,0,0,0,0,0
qG7fL945iEc,170.0,180.0,"/m/03qtwd,/m/053hz1,/t/dd00135",0,1,0,0,0,0,0,0
H506bKP1Jgs,60.0,70.0,"/m/04rlf,/m/07p6fty",0,1,0,0,0,0,0,0
vBWyyJ9SNj0,30.0,40.0,/m/09x0r,0,0,0,0,0,0,0,0
ZKbQ0AwYzJI,21.0,31.0,"/m/04rlf,/m/09x0r",0,0,0,0,0,0,0,0
BOJN3zbeaJ8,30.0,40.0,"/m/04rlf,/m/04szw,/m/07y_7",0,0,0,0,0,0,0,0
8BC9KX-rGM8,330.0,340.0,"/g/122z_qxw,/m/0g6b5",0,0,0,1,0,0,0,0
5_0MOY-BkAM,70.0,80.0,"/m/032s66,/m/04rlf",0,0,0,0,1,0,0,0
ntVVxpfyebA,0.0,10.0,"/m/07pp_mv,/m/07yv9,/m/09x0r",0,0,0,0,0,0,0,1
Qe34YZza30U,30.0,40.0,"/m/09x0r,/m/0g6b5",0,0,0,1,0,0,0,0
Q96HIGqcdyY,260.0,270.0,"/m/015lz1,/m/04rlf,/m/07p6fty,/m/09x0r,/t/dd00127",0,1,0,0,0,0,0,0
BSPnp8sKxMo,0.0,8.0,/m/014zdl,0,0,0,1,0,0,0,0
iX34nDCq9NU,10.0,20.0,/m/02mfyn,0,0,0,0,0,0,0,1
pIDunZg58dI,30.0,40.0,"/m/04rlf,/m/0l14md",0,0,0,0,0,0,0,0
mQbkosAqnxw,40.0,50.0,/m/0463cq4,0,0,1,0,0,0,0,0
lPAlw0HclGo,410.0,420.0,"/m/032s66,/m/073cg4",0,0,0,0,1,0,0,0
qDdj23xlewA,70.0,80.0,"/m/04rlf,/m/05r6t,/m/06by7,/m/07p6fty",0,1,0,0,0,0,0,0
EqwGFL_t0LM,5.0,15.0,"/m/014zdl,/m/09x0r",0,0,0,1,0,0,0,0
TsPKAj8O5M8,0.0,10.0,/m/02mfyn,0,0,0,0,0,0,0,1
llpnRcwTZ9Y,160.0,170.0,"/m/07p6fty,/m/09x0r",0,1,0,0,0,0,0,0
SF82W4-Kh_I,70.0,80.0,"/m/018j2,/m/04rlf",0,0,0,0,0,0,0,0
ignNu0oPAyM,30.0,40.0,"/m/03kmc9,/m/0dgbq",0,0,0,0,0,0,1,0
12fYNHlTyWc,30.0,40.0,"/m/03j1ly,/m/03kmc9,/m/04qvtq",0,0,0,0,0,0,1,0
pwKd2U2urvM,230.0,240.0,"/m/02mk9,/m/09x0r",0,0,0,0,0,0,0,0
FQcwXIE6k4o,30.0,40.0,/m/032s66,0,0,0,0,1,0,0,0
7_eqASD-4ts,30.0,40.0,"/m/04rlf,/m/09x0r",0,0,0,0,0,0,0,0
qUyRSUXp_40,230.0,240.0,"/m/03qtwd,/m/04rlf,/m/06by7,/m/07p6fty,/m/0ggq0m",0,1,0,0,0,0,0,0
5cgAwvF40l8,310.0,320.0,"/m/02z32qm,/m/032s66,/m/09x0r",0,0,0,0,1,0,0,0
qcdhhQZVA9o,50.0,60.0,"/m/07p6fty,/m/07rkbfh,/m/09x0r",0,1,0,0,0,0,0,0
LKCrURlIPEc,30.0,40.0,"/m/012n7d,/m/03j1ly,/m/03kmc9,/m/04qvtq",0,0,0,0,0,0,1,0
Rd-jUpZsKto,10.0,20.0,/m/032s66,0,0,0,0,1,0,0,0
b4ZbmYukpd4,14.0,24.0,"/m/02mfyn,/m/03j1ly,/m/03kmc9,/m/04qvtq",0,0,0,0,0,0,1,1
VtbEVSFY1Lg,110.0,120.0,"/m/04rlf,/m/06by7,/m/07p6fty,/m/07sbbz2",0,1,0,0,0,0,0,0
wgvJDV516wg,0.0,7.0,"/m/03fwl,/m/03qc9zr,/m/09x0r,/m/0jbk",1,0,0,0,0,0,0,0
TB8mtypLGck,340.0,350.0,/m/032s66,0,0,0,0,1,0,0,0
mkHyed8dVII,0.0,10.0,/m/0g6b5,0,0,0,1,0,0,0,0
0b24w9l0flA,10.0,20.0,"/m/03qc9zr,/m/09x0r",1,0,0,0,0,0,0,0
fQH8zSeGA-4,0.0,10.0,"/m/012n7d,/m/03j1ly,/m/03kmc9,/m/04qvtq",0,0,0,0,0,0,1,0
mFoyWVwhvR4,30.0,40.0,"/m/012n7d,/m/03j1ly,/m/03kmc9",0,0,0,0,0,0,1,0
B2IQjwyKAeY,30.0,40.0,"/m/04rlf,/m/09x0r",0,0,0,0,0,0,0,0
s6IX65bm8Fo,10.0,20.0,"/m/012ndj,/m/03j1ly,/m/03kmc9",0,0,0,0,0,0,1,0
l_b_madf7JA,0.0,10.0,"/m/03qtwd,/t/dd00135",0,1,0,0,0,0,0,0
0lB-Of-KGUo,30.0,40.0,"/m/04rlf,/t/dd00002",0,0,1,0,0,0,0,0
JTnBaQjwJiA,30.0,40.0,/m/012ndj,0,0,0,0,0,0,1,0
rIPPVvmt47A,4.0,14.0,"/m/012ndj,/m/03j1ly,/m/07yv9",0,0,0,0,0,0,1,0
Y6SAtJFFY5c,11.0,21.0,"/m/014zdl,/m/09x0r",0,0,0,1,0,0,0,0
xLDuy2sUoLg,30.0,40.0,"/m/04rlf,/m/04szw,/m/09x0r",0,0,0,0,0,0,0,0
GlYT_7H6mbg,90.0,100.0,"/m/07pp_mv,/m/09x0r",0,0,0,0,0,0,0,1
V4_43GnAmh8,0.0,10.0,"/g/122z_qxw,/m/0g6b5",0,0,0,1,0,0,0,0
40arh_al1PU,10.0,20.0,"/m/015lz1,/m/03qtwd,/m/04rlf,/m/07p6fty",0,1,0,0,0,0,0,0
RyB_PJrkeeA,30.0,40.0,"/m/09x0r,/m/0c3f7m",0,0,0,0,0,0,0,1
KqKYwxpq4bA,4.0,14.0,/m/09x0r,0,0,0,0,0,0,0,0
f8lCa1CuQDk,460.0,470.0,"/m/039jq,/m/09x0r",0,0,0,0,0,1,0,0
72ZJouyjAwY,60.0,70.0,"/m/04rlf,/m/04szw,/m/07p6fty,/m/09x0r",0,1,0,0,0,0,0,0
nl6ZCze1e8c,30.0,40.0,"/m/09x0r,/m/0g6b5,/t/dd00128,/t/dd00129",0,0,0,1,0,0,0,0
3YI6A9-zqJM,510.0,520.0,"/m/032s66,/m/04zjc",0,0,0,0,1,0,0,0
mRPZ84Ich-s,30.0,40.0,"/m/0463cq4,/m/07r660_,/m/09x0r,/m/0ytgt,/t/dd00002",0,0,1,0,0,0,0,0
8n2I9d3NZH8,7.0,17.0,/m/0c3f7m,0,0,0,0,0,0,0,1
xoYR_3ZlSFU,60.0,70.0,"/m/012n7d,/m/02mfyn,/m/03j1ly,/m/03kmc9,/m/04qvtq",0,0,0,0,0,0,1,1
VdDrVxVvxog,14.0,24.0,"/m/014zdl,/m/09x0r",0,0,0,1,0,0,0,0
hFbaSxtuKwM,460.0,470.0,"/m/03qc9zr,/m/09x0r",1,0,0,0,0,0,0,0
D66xoA6MX9Q,30.0,40.0,"/m/014zdl,/m/01bjv,/m/07qsvvw,/m/07yv9,/m/09x0r",0,0,0,1,0,0,0,0
00PJ0HfpQRs,80.0,90.0,/m/09x0r,0,0,0,0,0,0,0,0
2mBaz0FtMy0,220.0,230.0,"/m/039jq,/m/09x0r",0,0,0,0,0,1,0,0
2sdRiS7rMI0,80.0,90.0,/m/032s66,0,0,0,0,1,0,0,0
6UP3giSp8cI,40.0,50.0,"/m/03qc9zr,/m/04rlf,/m/09x0r",1,0,0,0,0,0,0,0
t6RsWR2Wlps,0.0,10.0,"/m/03kmc9,/m/0c3f7m",0,0,0,0,0,0,1,1
OMXWpfKRrWU,30.0,40.0,"/m/04rlf,/m/09x0r",0,0,0,0,0,0,0,0
izsN-w3fFhA,25.0,35.0,"/m/04rlf,/t/dd00002",0,0,1,0,0,0,0,0
f0eoE0Et_3U,18.0,28.0,"/m/04rlf,/t/dd00002",0,0,1,0,0,0,0,0
QRXgmXxVW44,200.0,210.0,"/m/03qc9zr,/m/09x0r,/m/0ytgt",1,0,0,0,0,0,0,0
36b6L5fcH1Y,30.0,40.0,"/m/04rlf,/m/085jw",0,0,0,0,0,0,0,0
C1R7CYlMOIw,30.0,40.0,"/m/03qc9zr,/m/09x0r",1,0,0,0,0,0,0,0
60t5otQkaj8,30.0,40.0,/m/04rlf,0,0,0,0,0,0,0,0
OjyvwvCCMvE,30.0,40.0,/m/04rlf,0,0,0,0,0,0,0,0
7sU0jAHPJG0,18.0,28.0,"/m/032s66,/m/073cg4",0,0,0,0,1,0,0,0
3rhSpRI_0rI,180.0,190.0,/m/032s66,0,0,0,0,1,0,0,0
fUPkBQr2Qqg,160.0,170.0,"/m/03qtwd,/m/053hz1,/t/dd00135",0,1,0,0,0,0,0,0
MAsh51mhlaU,0.0,10.0,/m/02mfyn,0,0,0,0,0,0,0,1
i3F_WRpTMMQ,0.0,10.0,"/m/03kmc9,/m/07pp_mv",0,0,0,0,0,0,1,1
_2_HTyByHKI,10.0,20.0,"/m/039jq,/t/dd00125",0,0,0,0,0,1,0,0
GkEApzQSXWI,50.0,60.0,"/m/03qc9zr,/m/09x0r",1,0,0,0,0,0,0,0
6lBL2p_FFAQ,30.0,40.0,"/m/04rlf,/m/09x0r",0,0,0,0,0,0,0,0
G_-3oPXHjLI,70.0,80.0,"/m/03qc9zr,/t/dd00125",1,0,0,0,0,0,0,0
Rlf8HFu3Y20,27.0,37.0,"/m/07qz6j3,/m/09x0r,/t/dd00002",0,0,1,0,0,0,0,0
MuCOz_IQ-R4,90.0,100.0,"/m/039jq,/m/09x0r",0,0,0,0,0,1,0,0
nQq9ABcXUH8,63.0,73.0,/m/02mfyn,0,0,0,0,0,0,0,1
RBnxI5h4O5I,10.0,20.0,"/m/03qc9zr,/m/07qz6j3",1,0,0,0,0,0,0,0
-z47zN0YyE4,420.0,430.0,"/m/012ndj,/m/03j1ly,/m/03kmc9",0,0,0,0,0,0,1,0
0zTV4lhqXpA,10.0,20.0,/m/01y3hg,0,0,0,0,0,0,0,1
WDteDZiNL5U,10.0,20.0,"/m/03qc9zr,/m/07rrh0c,/m/09x0r",1,0,0,0,0,0,0,0
RhduncQ9W40,200.0,210.0,"/m/04rlf,/m/09x0r,/t/dd00125",0,0,0,0,0,0,0,0
NPDPBCTjx9w,30.0,40.0,"/m/04rlf,/m/09x0r,/t/dd00002",0,0,1,0,0,0,0,0
Guy09VEZU1o,10.0,20.0,"/m/0463cq4,/m/09x0r",0,0,1,0,0,0,0,0
Z5wu71zydKE,0.0,10.0,"/m/0463cq4,/m/09x0r,/t/dd00002,/t/dd00125",0,0,1,0,0,0,0,0
APntsRTMsCo,6.0,16.0,"/m/032s66,/m/04zjc",0,0,0,0,1,0,0,0
A52ZfsXXfa4,30.0,40.0,"/m/04rlf,/m/09x0r",0,0,0,0,0,0,0,0
SJdTgAQJhRo,0.0,10.0,/m/0463cq4,0,0,1,0,0,0,0,0
7ghFQZ6tFS0,30.0,40.0,"/m/03qc9zr,/m/09x0r",1,0,0,0,0,0,0,0
RFNZdYwbVkg,30.0,40.0,/m/04rlf,0,0,0,0,0,0,0,0
VaE0aqGwLSw,400.0,410.0,"/m/012ndj,/m/03j1ly,/m/03kmc9",0,0,0,0,0,0,1,0
AUkdLwJrMyo,30.0,40.0,/m/09x0r,0,0,0,0,0,0,0,0
sqjHWgxCYF0,0.0,5.0,/m/032s66,0,0,0,0,1,0,0,0
1fJNudB6faA,30.0,40.0,/m/039jq,0,0,0,0,0,1,0,0
BcUrwkum-nQ,110.0,120.0,/m/0c3f7m,0,0,0,0,0,0,0,1
I_fJ9kIpylI,10.0,20.0,"/m/032s66,/m/04zjc",0,0,0,0,1,0,0,0
NJ4TsDP2o_4,0.0,10.0,"/m/014zdl,/m/07qsvvw",0,0,0,1,0,0,0,0
aQw9UKbwbAw,30.0,40.0,"/m/09x0r,/t/dd00125",0,0,0,0,0,0,0,0
thUgzp6G8Q4,270.0,280.0,"/m/015lz1,/m/04rlf,/m/07p6fty,/t/dd00127",0,1,0,0,0,0,0,0
6xC7Wokz36I,0.0,8.0,"/m/032s66,/m/04zjc",0,0,0,0,1,0,0,0
xnhjGj7rPvs,18.0,28.0,/t/dd00002,0,0,1,0,0,0,0,0
5uLIPWySWXw,30.0,40.0,/m/02mfyn,0,0,0,0,0,0,0,1
XgJfj0xS_94,380.0,390.0,"/m/039jq,/t/dd00112",0,0,0,0,0,1,0,0
SSbj63SZ8Eo,8.0,18.0,/m/014zdl,0,0,0,1,0,0,0,0
8w8AdZP_8jA,0.0,9.0,"/m/014zdl,/m/04rlf,/m/07qsvvw",0,0,0,1,0,0,0,0
0fOmUKLsOR8,30.0,40.0,"/m/04rlf,/m/09x0r",0,0,0,0,0,0,0,0
9_Pe-wbbehQ,10.0,20.0,/m/0c3f7m,0,0,0,0,0,0,0,1
4yZFGlLSP0Q,20.0,30.0,"/m/034srq,/m/03qc9zr,/m/05kq4,/m/09x0r",1,0,0,0,0,0,0,0
yCA5PFnvlKY,13.0,23.0,/t/dd00002,0,0,1,0,0,0,0,0
pOymTBEyJcM,20.0,30.0,"/m/02z32qm,/m/032s66,/m/04rlf",0,0,0,0,1,0,0,0
zo6g0UvoQyU,21.0,31.0,"/m/07qz6j3,/m/09x0r,/t/dd00002",0,0,1,0,0,0,0,0
xwzeIXCcCYk,160.0,170.0,"/m/015lz1,/m/04rlf,/m/07p6fty,/t/dd00127",0,1,0,0,0,0,0,0
XLKo_GPvUOQ,90.0,100.0,"/m/03j1ly,/m/03kmc9",0,0,0,0,0,0,1,0
E1QaQHjCAv4,230.0,240.0,"/m/039jq,/m/0838f",0,0,0,0,0,1,0,0
JShGCs3p8sQ,30.0,40.0,/m/04rlf,0,0,0,0,0,0,0,0
pPLgftbnWLM,30.0,40.0,/m/04rlf,0,0,0,0,0,0,0,0
_jgF1icuU8Y,30.0,40.0,"/m/03kmc9,/m/04qvtq",0,0,0,0,0,0,1,0
SFdFVOilebk,10.0,20.0,/m/0g6b5,0,0,0,1,0,0,0,0
w8_E5C_cBYM,170.0,180.0,"/m/015lz1,/m/04rlf,/m/07p6fty,/t/dd00126",0,1,0,0,0,0,0,0
4hwwaJQV7Go,50.0,60.0,"/m/032s66,/m/0_1c",0,0,0,0,1,0,0,0
XhWRnHhKUsU,30.0,40.0,/m/04rlf,0,0,0,0,0,0,0,0
Z-kasmR2QBM,0.0,10.0,"/m/0463cq4,/m/09x0r,/t/dd00125",0,0,1,0,0,0,0,0
BTCW4xwuXPA,70.0,80.0,"/m/032s66,/m/04rlf",0,0,0,0,1,0,0,0
Exxymryunvc,60.0,70.0,"/m/039jq,/m/09x0r",0,0,0,0,0,1,0,0
f0GJiLo_xoo,520.0,530.0,"/m/039jq,/m/04rlf,/m/0l14md",0,0,0,0,0,1,0,0
yg1XpaSJvYM,200.0,210.0,"/m/01lyv,/m/04rlf,/m/07p6fty",0,1,0,0,0,0,0,0
_X5K8bUAdsQ,120.0,130.0,"/m/03kmc9,/m/0dgbq",0,0,0,0,0,0,1,0
rvXOeao8a8w,30.0,40.0,/m/04rlf,0,0,0,0,0,0,0,0
WYmTBkdDai4,0.0,10.0,"/g/122z_qxw,/m/0g6b5",0,0,0,1,0,0,0,0
j_81J4pNgHk,90.0,100.0,"/m/02lkt,/m/04rlf,/m/07gxw",0,0,0,0,0,0,0,0
eR7-PXPM3NY,10.0,20.0,/m/02mfyn,0,0,0,0,0,0,0,1
6AaFVGjc5os,0.0,10.0,"/m/07pp_mv,/t/dd00125",0,0,0,0,0,0,0,1
jRvjfWtWkvo,40.0,50.0,/m/02mfyn,0,0,0,0,0,0,0,1
cyUxVnEi4RQ,30.0,40.0,"/m/02mfyn,/m/03kmc9",0,0,0,0,0,0,1,1
8h2LNuLXj3Y,10.0,20.0,"/m/04rlf,/m/09x0r",0,0,0,0,0,0,0,0
nyY2VaGlbFk,60.0,70.0,/m/09x0r,0,0,0,0,0,0,0,0
NoU4Ef2tMDk,30.0,40.0,"/m/07qz6j3,/m/09x0r,/t/dd00002",0,0,1,0,0,0,0,0
BYJ0tU29xQY,20.0,30.0,"/m/032s66,/m/04rlf,/m/06cqb,/m/09x0r",0,0,0,0,1,0,0,0
XMl9lI7mKsM,50.0,60.0,"/m/015lz1,/m/04rlf,/m/064t9,/m/07p6fty,/t/dd00126",0,1,0,0,0,0,0,0
3FRpoQqKg68,0.0,7.0,"/m/014zdl,/m/09x0r",0,0,0,1,0,0,0,0
-cljF58r1do,30.0,40.0,/m/09x0r,0,0,0,0,0,0,0,0
nJf75ms04FE,130.0,140.0,"/m/07pp_mv,/m/09x0r,/t/dd00125",0,0,0,0,0,0,0,1
7tp4NGW_jdI,30.0,40.0,/m/09x0r,0,0,0,0,0,0,0,0
msI17vL2fOg,360.0,370.0,"/m/03qtwd,/m/053hz1,/t/dd00135",0,1,0,0,0,0,0,0
Xcr2bliqFZY,50.0,60.0,"/m/04rlf,/m/07p6fty",0,1,0,0,0,0,0,0
7dxmVDDc52w,10.0,20.0,"/m/03j1ly,/m/03kmc9,/m/04qvtq",0,0,0,0,0,0,1,0
cLvdtoX6aVA,30.0,40.0,/m/04rlf,0,0,0,0,0,0,0,0
xV7Mg1QucSc,14.0,24.0,"/m/07qjznl,/m/09x0r",0,0,0,0,0,0,0,0
d63cCi-hV9U,29.0,39.0,/m/014zdl,0,0,0,1,0,0,0,0
WBmCphyD5lc,30.0,40.0,/m/04rlf,0,0,0,0,0,0,0,0
ApkFwAkS7BQ,30.0,40.0,"/m/03kmc9,/m/0dgbq",0,0,0,0,0,0,1,0
dskEU4jAEjc,190.0,200.0,/m/09x0r,0,0,0,0,0,0,0,0
xNnfvnb0H90,16.0,26.0,"/m/07qz6j3,/m/09x0r,/t/dd00002",0,0,1,0,0,0,0,0
0W0scQ2V0qU,280.0,290.0,"/m/04rlf,/m/07p6fty,/m/09x0r,/t/dd00126",0,1,0,0,0,0,0,0
3fwWicjGtuE,10.0,20.0,"/m/01qbl,/m/026t6,/m/02hnl,/m/04rlf,/m/04szw,/m/06rvn,/m/0bm02,/m/0l14md",0,0,0,0,0,0,0,0
90pDMLAof-4,60.0,70.0,/m/039jq,0,0,0,0,0,1,0,0
tYHwIGAYXoQ,40.0,50.0,"/m/03qtwd,/m/053hz1,/t/dd00135",0,1,0,0,0,0,0,0
mrohJ8Y4ITM,60.0,70.0,"/m/039jq,/m/04k94,/m/09x0r",0,0,0,0,0,1,0,0
7mGVgQhMQCE,30.0,40.0,"/m/03qtwd,/m/053hz1,/t/dd00135",0,1,0,0,0,0,0,0
T_byurBxMB4,19.0,29.0,"/m/09x0r,/t/dd00002",0,0,1,0,0,0,0,0
N1rCttKtnIQ,30.0,40.0,/m/04rlf,0,0,0,0,0,0,0,0
pbcx1LKvInk,60.0,70.0,"/m/032s66,/m/073cg4",0,0,0,0,1,0,0,0
avAjZCBev8U,0.0,4.0,/m/09x0r,0,0,0,0,0,0,0,0
XClteeif6e8,200.0,210.0,"/m/01y3hg,/m/09x0r,/t/dd00125",0,0,0,0,0,0,0,1
jQDZ8e6OOrU,30.0,40.0,"/g/122z_qxw,/m/0g6b5",0,0,0,1,0,0,0,0
OQEA_NReKM0,70.0,80.0,"/m/07pp_mv,/m/09x0r",0,0,0,0,0,0,0,1
6rTXZBMRDhY,30.0,40.0,"/m/04rlf,/m/09x0r",0,0,0,0,0,0,0,0
0KD638h0zGM,0.0,10.0,"/m/07ppn3j,/m/0g6b5",0,0,0,1,0,0,0,0
N0sZUYPmDCs,270.0,280.0,"/m/03qc9zr,/m/09x0r",1,0,0,0,0,0,0,0
eP7dpfsLk2Y,30.0,40.0,"/m/012ndj,/m/07yv9,/m/09x0r,/m/0k4j",0,0,0,0,0,0,1,0
uVOrndvoacA,70.0,80.0,"/m/0463cq4,/m/09x0r,/m/0ytgt",0,0,1,0,0,0,0,0
6r1xxeKUqBM,140.0,150.0,"/m/026t6,/m/02hnl,/m/04rlf,/m/04szw,/m/0l14md",0,0,0,0,0,0,0,0
YBjMXYTqKK8,150.0,160.0,"/m/032s66,/m/04zjc",0,0,0,0,1,0,0,0
OKD2gjH-AnQ,50.0,60.0,"/m/032s66,/m/09x0r",0,0,0,0,1,0,0,0
6OLkMHg4u9g,30.0,40.0,"/m/032s66,/m/09x0r",0,0,0,0,1,0,0,0
MIdJeGyPzSQ,0.0,10.0,/m/07pp_mv,0,0,0,0,0,0,0,1
4daBzjK33YA,120.0,130.0,"/m/01y3hg,/m/04rlf,/m/09x0r",0,0,0,0,0,0,0,1
BWyGs_EeEXs,250.0,260.0,"/m/03qc9zr,/m/04rlf,/m/07sr1lc,/m/09x0r",1,0,0,0,0,0,0,0
fw23YtCcY7I,70.0,80.0,"/m/07pp_mv,/m/07yv9,/m/09x0r,/m/0k4j",0,0,0,0,0,0,0,1
pR2joDwuefA,130.0,140.0,"/m/03qtwd,/m/053hz1,/t/dd00135",0,1,0,0,0,0,0,0
kvF23NdlXaI,160.0,170.0,"/m/03qtwd,/m/053hz1,/t/dd00135",0,1,0,0,0,0,0,0
My-rKtYX-p8,0.0,10.0,/m/014zdl,0,0,0,1,0,0,0,0
SA0P4hv6fRY,30.0,40.0,"/m/04rlf,/m/09x0r",0,0,0,0,0,0,0,0
1kQKAtpJFko,30.0,40.0,/m/032s66,0,0,0,0,1,0,0,0
1bJnegjgOhI,30.0,40.0,/m/09x0r,0,0,0,0,0,0,0,0
-yHZKD0XPQE,30.0,40.0,/m/04rlf,0,0,0,0,0,0,0,0
7NJ5TbNEIvA,250.0,260.0,/m/02mfyn,0,0,0,0,0,0,0,1
p-XKdU68RQk,40.0,50.0,"/m/039jq,/m/04rlf,/m/07pc8lb",0,0,0,0,0,1,0,0
4LVLwbsFFU0,30.0,40.0,/m/09x0r,0,0,0,0,0,0,0,0
Um4AOsDSAO0,10.0,20.0,/m/0463cq4,0,0,1,0,0,0,0,0
lQXC_rT1KhM,130.0,140.0,"/m/04rlf,/m/04szw,/m/07p6fty",0,1,0,0,0,0,0,0
o_sYF11nzic,120.0,130.0,"/m/039jq,/m/09x0r",0,0,0,0,0,1,0,0
9qNJRhMrmZA,10.0,20.0,"/m/01j3sz,/m/07p6fty,/m/09x0r",0,1,0,0,0,0,0,0
9BX4em-vy74,0.0,10.0,"/m/03qtwd,/m/053hz1,/t/dd00135",0,1,0,0,0,0,0,0
W2U2hPC-sPk,90.0,100.0,/m/04rlf,0,0,0,0,0,0,0,0
BVc3BeuJbmU,60.0,70.0,"/m/04rlf,/m/0jbk",0,0,0,0,0,0,0,0
q4vw0eFfXoM,150.0,160.0,"/m/015lz1,/m/04rlf,/m/064t9,/m/07p6fty",0,1,0,0,0,0,0,0
W4R_63_UxSw,10.0,20.0,"/m/03qc9zr,/m/09x0r",1,0,0,0,0,0,0,0
LoG863LzdsM,40.0,50.0,"/m/01y3hg,/m/02fs_r",0,0,0,0,0,0,0,1
6WFSpvLJLWU,50.0,60.0,"/m/039jq,/m/09x0r",0,0,0,0,0,1,0,0
1CxFEP-wTmc,210.0,220.0,"/m/04rlf,/m/07p6fty,/m/09x0r",0,1,0,0,0,0,0,0
Kno1Qt815WI,160.0,170.0,"/m/015lz1,/m/04rlf,/m/07p6fty,/m/07sr1lc,/t/dd00128",0,1,0,0,0,0,0,0
0xRAmwW1sts,19.0,29.0,/m/04rlf,0,0,0,0,0,0,0,0
KNY4yu5-7kg,143.0,153.0,"/m/09x0r,/m/0c3f7m",0,0,0,0,0,0,0,1
OqhfyddkPPw,30.0,40.0,"/m/014zdl,/m/07qsvvw",0,0,0,1,0,0,0,0
q31zAadMQJ4,490.0,500.0,"/m/039jq,/m/09x0r",0,0,0,0,0,1,0,0
Oz8RMoXsNbQ,60.0,70.0,"/m/015vgc,/m/04rlf,/m/0ggq0m",0,0,0,0,0,0,0,0
JCK5U2TB2gM,30.0,40.0,/m/09x0r,0,0,0,0,0,0,0,0
yiMWfv6cny8,230.0,240.0,"/m/032s66,/m/09x0r",0,0,0,0,1,0,0,0
p4iHdwOeNpE,120.0,130.0,/m/09x0r,0,0,0,0,0,0,0,0
BmsDamjyTCI,130.0,140.0,"/m/04rlf,/m/07p6fty",0,1,0,0,0,0,0,0
z39tjU4_L4U,210.0,220.0,/m/0463cq4,0,0,1,0,0,0,0,0
fLldS_JpnaE,30.0,40.0,"/m/09x0r,/t/dd00002",0,0,1,0,0,0,0,0
AFbxD0TtqLg,30.0,40.0,/m/04rlf,0,0,0,0,0,0,0,0
LVeAyK7FjtM,200.0,210.0,/m/032s66,0,0,0,0,1,0,0,0
IyxiRouLzh4,190.0,200.0,/m/0g6b5,0,0,0,1,0,0,0,0
1uXJ8CS75g0,30.0,40.0,"/m/09x0r,/t/dd00125",0,0,0,0,0,0,0,0
4mH4vFRYTdY,30.0,40.0,"/m/09x0r,/m/0g6b5",0,0,0,1,0,0,0,0
uDP5wRErCH0,30.0,40.0,"/m/012ndj,/m/03j1ly,/m/07r04,/m/07yv9",0,0,0,0,0,0,1,0
GLaIH978OdI,30.0,40.0,"/m/04qvtq,/m/09x0r",0,0,0,0,0,0,1,0
nhmQo7Pxf-I,20.0,30.0,/m/02mfyn,0,0,0,0,0,0,0,1
ngm1xgtAaio,30.0,40.0,"/m/012n7d,/m/03j1ly,/m/03kmc9",0,0,0,0,0,0,1,0
0YMoPqWzldw,40.0,50.0,/m/03kmc9,0,0,0,0,0,0,1,0
LmxcKoeEYr4,25.0,35.0,"/m/012ndj,/m/03j1ly,/m/07yv9,/m/09x0r",0,0,0,0,0,0,1,0
_-jhziAA43g,30.0,40.0,/m/04rlf,0,0,0,0,0,0,0,0
BCurdPPc6Hg,70.0,80.0,/m/039jq,0,0,0,0,0,1,0,0
2RuhCGW0s1I,30.0,40.0,"/m/02qldy,/m/05zppz,/m/09x0r",0,0,0,0,0,0,0,0
CxQlXNdNbsA,580.0,590.0,"/m/032s66,/m/04zjc",0,0,0,0,1,0,0,0
yiUDYRSJpJI,30.0,40.0,"/m/032s66,/m/0_1c",0,0,0,0,1,0,0,0
UN84r_4GTdQ,20.0,30.0,"/m/032s66,/m/0_1c",0,0,0,0,1,0,0,0
40cLqyj_tZ4,30.0,40.0,/m/09x0r,0,0,0,0,0,0,0,0
FAS1HHE_CCM,30.0,40.0,"/m/09x0r,/m/0c3f7m",0,0,0,0,0,0,0,1
8UCas1-M3eU,1.0,11.0,"/m/014zdl,/m/07qsvvw",0,0,0,1,0,0,0,0
RLnUd1z6LUU,30.0,40.0,/m/09x0r,0,0,0,0,0,0,0,0
_0CWzGszblU,6.0,16.0,/m/014zdl,0,0,0,1,0,0,0,0
uG_yfRo7QsA,140.0,150.0,"/m/039jq,/m/09x0r",0,0,0,0,0,1,0,0
GokYP8thm08,10.0,20.0,"/m/012n7d,/m/03j1ly,/m/03kmc9,/m/04qvtq",0,0,0,0,0,0,1,0
cjTZkHBWjzo,60.0,70.0,"/m/07pp_mv,/m/09x0r",0,0,0,0,0,0,0,1
A0hUX2uHlaw,30.0,40.0,/m/04rlf,0,0,0,0,0,0,0,0
ubonM_TL6Ag,0.0,10.0,"/m/039jq,/m/09x0r",0,0,0,0,0,1,0,0
GrU2GkaGFbs,30.0,40.0,/m/04rlf,0,0,0,0,0,0,0,0
CeZAUsk-OOM,30.0,40.0,/m/09x0r,0,0,0,0,0,0,0,0
4PvWVevquDA,30.0,40.0,/m/09x0r,0,0,0,0,0,0,0,0
hbULNdHS7_8,590.0,600.0,"/m/03qc9zr,/m/09x0r",1,0,0,0,0,0,0,0
cR7N6rh-vXg,0.0,10.0,"/m/039jq,/m/07yv9",0,0,0,0,0,1,0,0
pVTv7zjFJYo,460.0,470.0,"/m/09b5t,/m/09x0r,/t/dd00129",0,0,0,0,0,0,0,0
bMXa39DlY1A,20.0,30.0,"/m/0463cq4,/m/09x0r",0,0,1,0,0,0,0,0
nDPXFV8XkMs,260.0,270.0,"/m/04rlf,/m/07p6fty,/t/dd00127",0,1,0,0,0,0,0,0
EioAuS-NZcM,30.0,40.0,"/m/09x0r,/t/dd00002",0,0,1,0,0,0,0,0
Mwh8lgGRh4I,200.0,210.0,"/m/03qtwd,/m/053hz1,/t/dd00135",0,1,0,0,0,0,0,0
u7rVB-Door8,30.0,40.0,/m/04rlf,0,0,0,0,0,0,0,0
gOKF6PsHMIo,30.0,40.0,/m/04rlf,0,0,0,0,0,0,0,0
9ZfVy0fN1dA,21.0,31.0,"/m/03qtwd,/m/053hz1,/t/dd00135",0,1,0,0,0,0,0,0
PbASjQJaFaA,10.0,20.0,"/m/0463cq4,/m/09x0r",0,0,1,0,0,0,0,0
qmsl-4qwhtM,0.0,8.0,"/m/0140xf,/m/02mscn,/m/0463cq4,/m/04rlf,/m/09x0r",0,0,1,0,0,0,0,0
tSJK-HgGr60,13.0,23.0,/t/dd00002,0,0,1,0,0,0,0,0
mbvuSR4AZ3g,20.0,30.0,/m/039jq,0,0,0,0,0,1,0,0
yLCebXHFo2k,30.0,40.0,"/m/04rlf,/t/dd00035",0,0,0,0,0,0,0,0
BIJNeNPl7-k,310.0,320.0,"/m/04rlf,/m/07p6fty,/m/09x0r,/t/dd00126",0,1,0,0,0,0,0,0
PxAeSHSFWsA,100.0,110.0,"/m/015lz1,/m/04rlf,/m/07p6fty,/m/09x0r,/t/dd00126",0,1,0,0,0,0,0,0
rUB8kAgFhQc,270.0,280.0,"/m/09x0r,/m/0g6b5,/t/dd00128",0,0,0,1,0,0,0,0
YuOkLLp20ss,0.0,10.0,"/m/012f08,/m/012ndj,/m/03j1ly,/m/03kmc9,/m/07r04,/m/07yv9,/m/09x0r",0,0,0,0,0,0,1,0
wVbDqtAXCug,30.0,40.0,"/m/03kmc9,/m/0dgbq",0,0,0,0,0,0,1,0
K8mcImCZbpA,40.0,50.0,/m/09x0r,0,0,0,0,0,0,0,0
QYsALTugVVc,120.0,130.0,"/m/07pp_mv,/m/09x0r",0,0,0,0,0,0,0,1
PFBtgkdzW1o,20.0,30.0,"/m/012n7d,/m/03j1ly,/m/03kmc9",0,0,0,0,0,0,1,0
3bhAFUs-fdg,30.0,40.0,/m/09x0r,0,0,0,0,0,0,0,0
AC6D15z_1pU,80.0,90.0,"/m/025td0t,/m/04rlf",0,0,0,0,0,0,0,0
MCA3wDXShgU,0.0,10.0,/m/0c3f7m,0,0,0,0,0,0,0,1
98KRQexSnbo,170.0,180.0,"/m/09x0r,/m/0g6b5",0,0,0,1,0,0,0,0
Cf0MHLBJ0IE,410.0,420.0,"/g/122z_qxw,/m/0g6b5",0,0,0,1,0,0,0,0
UegzUCAFD1s,260.0,270.0,"/m/09x0r,/m/0c3f7m",0,0,0,0,0,0,0,1
ZJ6L9mdhP30,30.0,40.0,/m/09x0r,0,0,0,0,0,0,0,0
j7P0sDAkg38,230.0,240.0,/m/032s66,0,0,0,0,1,0,0,0
zsg_muuEWLg,30.0,40.0,/m/09x0r,0,0,0,0,0,0,0,0
Nz02i5VaGPE,410.0,420.0,"/m/032s66,/m/04zjc",0,0,0,0,1,0,0,0
oF5qNVILyVU,30.0,40.0,"/m/09x0r,/t/dd00002",0,0,1,0,0,0,0,0
nIFbKv1qjfw,20.0,30.0,/m/03qc9zr,1,0,0,0,0,0,0,0
5ONCVgPLCrM,90.0,100.0,"/m/0319l,/m/04rlf",0,0,0,0,0,0,0,0
ClvtGiTpU-s,80.0,90.0,/m/02mfyn,0,0,0,0,0,0,0,1
QC_irjgXA90,30.0,40.0,"/m/04rlf,/m/07s8j8t",0,0,0,0,0,0,0,0
-bfdae74ahc,0.0,10.0,"/m/012n7d,/m/03j1ly,/m/03kmc9",0,0,0,0,0,0,1,0
jPTczmyBM4A,120.0,130.0,/m/039jq,0,0,0,0,0,1,0,0
dDQBn245g2c,270.0,280.0,"/m/04rlf,/m/09x0r",0,0,0,0,0,0,0,0
p5qKt5zlYaA,21.0,31.0,"/m/09x0r,/t/dd00002",0,0,1,0,0,0,0,0
5er9MoTAogc,10.0,20.0,/t/dd00002,0,0,1,0,0,0,0,0
KRk_e8ILveA,30.0,40.0,/t/dd00002,0,0,1,0,0,0,0,0
ZdGmB_BYUnE,130.0,140.0,"/m/09x0r,/m/0g6b5",0,0,0,1,0,0,0,0
_VX2bfpgB0o,100.0,110.0,"/m/03qtwd,/m/04rlf,/m/07p6fty",0,1,0,0,0,0,0,0
i1_Xk60MGV8,20.0,30.0,"/m/01j3sz,/m/07p6fty,/m/09x0r",0,1,0,0,0,0,0,0
vseX4FQ3OmM,490.0,500.0,/m/032s66,0,0,0,0,1,0,0,0
dzd3vubsmMY,60.0,70.0,"/m/0c3f7m,/t/dd00125",0,0,0,0,0,0,0,1
ZRJhu8MaDpA,0.0,9.0,"/m/01y3hg,/m/04rlf",0,0,0,0,0,0,0,1
Cefw_CgwGgM,100.0,110.0,"/m/012f08,/m/04qvtq,/m/07yv9,/m/0k4j",0,0,0,0,0,0,1,0
8fKrqIhSrw4,60.0,70.0,/m/039jq,0,0,0,0,0,1,0,0
3wE9pAYjDPs,0.0,7.0,"/m/012ndj,/m/03j1ly,/m/07r04,/m/07yv9",0,0,0,0,0,0,1,0
mHnvikXi1HI,30.0,40.0,"/m/04rlf,/t/dd00002",0,0,1,0,0,0,0,0
GA34a0kaco8,10.0,20.0,"/m/015lz1,/m/04rlf,/m/07p6fty,/t/dd00126,/t/dd00127",0,1,0,0,0,0,0,0
8012wTTrLCU,110.0,120.0,/m/09x0r,0,0,0,0,0,0,0,0
aAuBchhX_sQ,10.0,20.0,"/m/032s66,/m/04rlf",0,0,0,0,1,0,0,0
qi32tyTbwkY,30.0,40.0,"/m/04rlf,/m/09x0r",0,0,0,0,0,0,0,0
8dIwX7BcAXo,50.0,60.0,/m/0463cq4,0,0,1,0,0,0,0,0
0QUyf6fYJOo,28.0,38.0,"/m/014zdl,/m/07qsvvw,/m/09x0r",0,0,0,1,0,0,0,0
YMjuxBTGvq0,130.0,140.0,"/m/039jq,/m/09x0r",0,0,0,0,0,1,0,0
OzAu_2IcCCY,280.0,290.0,"/m/015lz1,/m/04rlf,/m/07p6fty",0,1,0,0,0,0,0,0
gLwbrzxmKZI,0.0,10.0,/m/032s66,0,0,0,0,1,0,0,0
54EJiYdS03s,30.0,40.0,"/m/014zdl,/m/07pc8lb",0,0,0,1,0,0,0,0
OQwiF7VjgWA,210.0,220.0,/m/032s66,0,0,0,0,1,0,0,0
vJwyx1wI3wU,20.0,30.0,"/m/0342h,/m/04rlf,/m/05rwpb,/m/06by7,/m/07p6fty",0,1,0,0,0,0,0,0
ahnroyJ_ZT4,160.0,170.0,"/m/032s66,/m/04zjc",0,0,0,0,1,0,0,0
FWWmYf_dcHI,30.0,40.0,/m/04rlf,0,0,0,0,0,0,0,0
f3ZutqBqIxo,0.0,7.0,"/m/03qc9zr,/m/07bgp",1,0,0,0,0,0,0,0
9TZpQZMyx_c,30.0,40.0,/m/04rlf,0,0,0,0,0,0,0,0
NlLbqdjd3mI,100.0,110.0,"/m/015lz1,/m/04rlf,/m/0l14jd,/m/0y4f8",0,0,0,0,0,0,0,0
x13tD3SPR1g,90.0,100.0,/m/02mfyn,0,0,0,0,0,0,0,1
-AMMMmcvUW4,30.0,40.0,"/m/02lkt,/m/04rlf,/m/07gxw",0,0,0,0,0,0,0,0
fduaEf7W9ic,54.0,64.0,"/m/01j3sz,/m/04rlf,/m/09x0r",0,0,0,0,0,0,0,0
VDaxD2iTdwo,440.0,450.0,"/m/0463cq4,/m/04rlf,/m/09x0r,/t/dd00125",0,0,1,0,0,0,0,0
OFphGjmQ7Xk,30.0,40.0,"/m/03kmc9,/m/0dgbq",0,0,0,0,0,0,1,0
nGwsUF7FNmw,21.0,31.0,"/m/012ndj,/m/03kmc9",0,0,0,0,0,0,1,0
u7nf-MhpJgg,30.0,40.0,/m/0c3f7m,0,0,0,0,0,0,0,1
Zub0gYFPmY8,80.0,90.0,/m/0c3f7m,0,0,0,0,0,0,0,1
HAYAEhnbcmw,80.0,90.0,"/m/07yv9,/m/09x0r,/m/0ytgt,/t/dd00129",0,0,0,0,0,0,0,0
E0jIgWZgHOk,20.0,30.0,/m/0c3f7m,0,0,0,0,0,0,0,1
COKbFafzCog,27.0,37.0,"/m/0463cq4,/m/09x0r,/m/0ytgt",0,0,1,0,0,0,0,0
jc8SPqDauFA,10.0,20.0,/m/03qc9zr,1,0,0,0,0,0,0,0
cj-TZ2VuKtk,200.0,210.0,"/m/014zdl,/m/09x0r,/t/dd00128",0,0,0,1,0,0,0,0
FPQpOUNaq_Y,21.0,31.0,/m/0c3f7m,0,0,0,0,0,0,0,1
OTk4P465UuE,0.0,10.0,"/m/03qc9zr,/m/04rlf",1,0,0,0,0,0,0,0
iXCg-9B_K_8,260.0,270.0,"/m/032s66,/m/04zjc",0,0,0,0,1,0,0,0
nweMFq8XxQg,30.0,40.0,/m/01y3hg,0,0,0,0,0,0,0,1
s1fxGZUobaw,14.0,24.0,"/m/0463cq4,/m/09x0r,/t/dd00002",0,0,1,0,0,0,0,0
tmwSyk2rv-I,30.0,40.0,"/m/01y3hg,/m/09x0r",0,0,0,0,0,0,0,1
N-Hfef5vL8Q,150.0,160.0,"/m/015lz1,/m/04rlf,/m/07p6fty",0,1,0,0,0,0,0,0
I8K0sfBBIcM,30.0,40.0,/m/04rlf,0,0,0,0,0,0,0,0
RbZwsfHw-UA,4.0,14.0,"/m/014zdl,/m/07qsvvw,/m/09x0r",0,0,0,1,0,0,0,0
IN_NwMYjpYI,30.0,40.0,"/m/03qtwd,/m/053hz1,/t/dd00135",0,1,0,0,0,0,0,0
75MKX1nmeNA,30.0,40.0,/m/03qc9zr,1,0,0,0,0,0,0,0
APPV-m8RGMg,10.0,20.0,"/m/015lz1,/m/04rlf,/t/dd00126",0,0,0,0,0,0,0,0
lHGYWoR3rzQ,190.0,200.0,"/m/03qtwd,/t/dd00135",0,1,0,0,0,0,0,0
8wFeTA5EI6U,510.0,520.0,"/m/09x0r,/m/0c3f7m",0,0,0,0,0,0,0,1
NyNDQbOUyAA,30.0,40.0,/m/03kmc9,0,0,0,0,0,0,1,0
lZpQmn6ROHM,30.0,40.0,"/m/03kmc9,/m/04qvtq",0,0,0,0,0,0,1,0
a5pMdRrYgmI,15.0,25.0,"/m/03kmc9,/m/04rlf",0,0,0,0,0,0,1,0
2-BB_iabdPI,0.0,10.0,"/m/012f08,/m/07pp_mv,/m/07yv9,/m/0k4j",0,0,0,0,0,0,0,1
d7FnQR6u1i4,30.0,40.0,/m/04rlf,0,0,0,0,0,0,0,0
Dx89R8wkKmA,40.0,50.0,/m/0g6b5,0,0,0,1,0,0,0,0
Qe3Z-krkM1o,30.0,40.0,/m/09x0r,0,0,0,0,0,0,0,0
j1CXKDC-_QY,290.0,300.0,"/m/09x0r,/t/dd00125",0,0,0,0,0,0,0,0
XqlwkKFnnoo,0.0,10.0,/m/02mfyn,0,0,0,0,0,0,0,1
tzIDxAVr5mE,4.0,14.0,"/m/03j1ly,/m/03kmc9,/m/04qvtq",0,0,0,0,0,0,1,0
P6nnNLrOQDA,20.0,30.0,/m/0c3f7m,0,0,0,0,0,0,0,1
AfwgFFrYORA,130.0,140.0,"/m/03qtwd,/m/07p6fty,/m/09x0r",0,1,0,0,0,0,0,0
LtZAcnV5TmQ,30.0,40.0,/m/03kmc9,0,0,0,0,0,0,1,0
aAxH7n6APp8,190.0,200.0,"/m/032s66,/m/04zjc",0,0,0,0,1,0,0,0
BTmOZIQ_bko,70.0,80.0,"/m/039jq,/m/04rlf",0,0,0,0,0,1,0,0
vmjxdF8Jp-0,30.0,40.0,"/m/03kmc9,/m/0dgbq",0,0,0,0,0,0,1,0
THDFOFCcHSw,50.0,60.0,"/m/039jq,/m/04rlf",0,0,0,0,0,1,0,0
09O0DdjpXxA,30.0,40.0,/m/09x0r,0,0,0,0,0,0,0,0
IrEjE8ZD5b4,90.0,100.0,/m/04rlf,0,0,0,0,0,0,0,0
DdQu_rQZeYw,220.0,230.0,/m/03kmc9,0,0,0,0,0,0,1,0
jFK6o2ClEsc,30.0,40.0,/m/09x0r,0,0,0,0,0,0,0,0
ft4qhVlRvR4,30.0,40.0,"/m/032s66,/m/0c1dj",0,0,0,0,1,0,0,0
iN8FpLot93E,30.0,40.0,/m/09x0r,0,0,0,0,0,0,0,0
L3-iKVXn7AA,180.0,190.0,"/m/018vs,/m/01b9nn,/m/0342h,/m/04rlf",0,0,0,0,0,0,0,0
wzylR_m_Ppg,90.0,100.0,"/m/01y3hg,/m/030rvx",0,0,0,0,0,0,0,1
mX1ZQyiwUhw,160.0,170.0,"/m/09x0r,/m/0c3f7m",0,0,0,0,0,0,0,1
96c8vgRnmzo,80.0,90.0,"/m/0463cq4,/m/09x0r",0,0,1,0,0,0,0,0
VmSwRj6lqyY,0.0,10.0,/m/03qc9zr,1,0,0,0,0,0,0,0
8nRp29GyvfM,60.0,70.0,"/m/01y3hg,/m/02fs_r,/m/09x0r,/t/dd00125",0,0,0,0,0,0,0,1
nYgWorJ2I_A,30.0,40.0,"/m/04rlf,/m/09x0r",0,0,0,0,0,0,0,0
t7FsZg20p2g,80.0,90.0,"/m/012ndj,/m/07r04,/m/07yv9",0,0,0,0,0,0,1,0
5VhJgckNQok,12.0,22.0,"/m/032s66,/m/0_1c",0,0,0,0,1,0,0,0
ijf4sriIuH8,70.0,80.0,"/m/04rlf,/m/05rwpb,/m/06by7,/m/07p6fty",0,1,0,0,0,0,0,0
RXPHkrxBE8M,40.0,50.0,"/m/032s66,/m/04zjc",0,0,0,0,1,0,0,0
luFUwfaE7d0,30.0,40.0,"/m/015p6,/m/020bb7,/m/09x0r",0,0,0,0,0,0,0,0
qxetWYHhZj0,60.0,70.0,"/g/122z_qxw,/m/0g6b5",0,0,0,1,0,0,0,0
lT-XceKukKU,140.0,150.0,"/m/039jq,/t/dd00125",0,0,0,0,0,1,0,0
bBffrM9J5nU,50.0,60.0,"/m/09x0r,/m/0g6b5",0,0,0,1,0,0,0,0
KNqoXUYBxZ0,7.0,17.0,/m/02mfyn,0,0,0,0,0,0,0,1
OpeWQLWgswI,30.0,40.0,"/m/012ndj,/m/03j1ly,/m/07yv9,/m/09x0r",0,0,0,0,0,0,1,0
VLPeKWp_-Gk,140.0,150.0,/m/032s66,0,0,0,0,1,0,0,0
Ue1urqAHBJg,290.0,300.0,"/m/04rlf,/m/07p6fty",0,1,0,0,0,0,0,0
rh8nSlOo2i4,340.0,350.0,"/m/015lz1,/m/04rlf,/m/07p6fty,/t/dd00126",0,1,0,0,0,0,0,0
dTqRhBWUgW4,230.0,240.0,"/m/039jq,/m/04rlf",0,0,0,0,0,1,0,0
GyygYycarL0,80.0,90.0,/m/0c3f7m,0,0,0,0,0,0,0,1
3bV_8hyJGXQ,30.0,40.0,/m/02mfyn,0,0,0,0,0,0,0,1
FrMqnic0t7E,0.0,4.0,"/m/03qc9zr,/m/04rlf",1,0,0,0,0,0,0,0
7_lN_eK6PeI,0.0,10.0,/m/04qvtq,0,0,0,0,0,0,1,0
lE7BIQ_X9-M,290.0,300.0,"/m/03qtwd,/m/053hz1,/t/dd00135",0,1,0,0,0,0,0,0
y9krXjUBswo,50.0,60.0,"/m/039jq,/m/04rlf",0,0,0,0,0,1,0,0
2cLoIAMnddw,10.0,20.0,"/m/07pp_mv,/m/09x0r,/m/0c3f7m,/t/dd00125",0,0,0,0,0,0,0,1
kzpGjp1ynEg,10.0,20.0,/m/0c3f7m,0,0,0,0,0,0,0,1
O77pfiwVpcU,260.0,270.0,/m/032s66,0,0,0,0,1,0,0,0
_FYxjWrPSw4,210.0,220.0,"/m/04rlf,/m/07q4ntr,/m/0g6b5,/t/dd00128",0,0,0,1,0,0,0,0
tl46whoS7dY,560.0,570.0,/m/032s66,0,0,0,0,1,0,0,0
3zu2FaPGQZ0,30.0,40.0,"/m/06bz3,/m/09x0r",0,0,0,0,0,0,0,0
JjIQqd5mjFE,0.0,10.0,"/m/03kmc9,/m/07yv9",0,0,0,0,0,0,1,0
gGXorO8Eh20,20.0,30.0,"/m/01j3sz,/m/07p6fty,/m/09x0r",0,1,0,0,0,0,0,0
wqyBBUXMM4E,190.0,200.0,/m/032s66,0,0,0,0,1,0,0,0
7xIbmY3vZOc,20.0,30.0,"/m/09x0r,/m/0g6b5",0,0,0,1,0,0,0,0
Oc_oaRihbAY,40.0,50.0,/m/03qc9zr,1,0,0,0,0,0,0,0
pvoyTODUvpw,370.0,380.0,"/m/03qc9zr,/m/09x0r",1,0,0,0,0,0,0,0
cTCTXBLOMB8,0.0,10.0,"/m/0342h,/m/04rlf,/m/04szw,/m/0fx80y",0,0,0,0,0,0,0,0
GizX7pGc3Ec,30.0,40.0,"/m/012n7d,/m/03j1ly,/m/03kmc9",0,0,0,0,0,0,1,0
W5U-uxU5Vjs,10.0,20.0,"/m/07p6fty,/m/09x0r",0,1,0,0,0,0,0,0
L0Bu-uBI67E,190.0,200.0,"/m/04rlf,/m/06by7,/m/07p6fty,/m/07sbbz2",0,1,0,0,0,0,0,0
ijGYg0ol2dY,10.0,20.0,"/m/068hy,/m/09x0r,/m/0bt9lr,/m/0jbk",0,0,0,0,0,0,0,0
5Y3AcTL4r54,25.0,35.0,/m/09x0r,0,0,0,0,0,0,0,0
Aa9CLKVTxaQ,20.0,30.0,/m/0c3f7m,0,0,0,0,0,0,0,1
z6oOz1AYk7Y,10.0,20.0,/m/01y3hg,0,0,0,0,0,0,0,1
YlsmwMOSbxU,80.0,90.0,"/m/039jq,/m/09x0r",0,0,0,0,0,1,0,0
iMsqPa6nQ2o,30.0,40.0,"/m/032s66,/m/04zjc",0,0,0,0,1,0,0,0
yN4jOvo2sZI,30.0,40.0,/m/09x0r,0,0,0,0,0,0,0,0
kLYRNSLPcDg,240.0,250.0,"/m/039jq,/m/09x0r",0,0,0,0,0,1,0,0
IsyJcazWt7U,40.0,50.0,"/m/015lz1,/m/016cjb,/m/04rlf",0,0,0,0,0,0,0,0
sljOYe87J7E,170.0,180.0,/m/01y3hg,0,0,0,0,0,0,0,1
2dW--Di1H9U,30.0,40.0,/m/09x0r,0,0,0,0,0,0,0,0
W9bPspOhjRg,280.0,290.0,/m/0g6b5,0,0,0,1,0,0,0,0
mQxRVppg0JQ,190.0,200.0,"/m/04rlf,/m/07p6fty,/m/09x0r",0,1,0,0,0,0,0,0
nWHHtgTPhUo,250.0,260.0,"/m/03qc9zr,/m/04rlf,/m/09x0r",1,0,0,0,0,0,0,0
nnMWK_w3HF0,460.0,470.0,"/m/03qtwd,/m/053hz1,/t/dd00135",0,1,0,0,0,0,0,0
lQO7mhuLRpI,23.0,33.0,"/m/03j1ly,/m/03kmc9,/m/04qvtq",0,0,0,0,0,0,1,0
QBYtl0RfPIA,310.0,320.0,/m/03qc9zr,1,0,0,0,0,0,0,0
8kpd83JCeB8,1.0,11.0,/m/014zdl,0,0,0,1,0,0,0,0
X0mCZoFcc0k,0.0,10.0,"/m/0463cq4,/m/09x0r,/m/0ytgt",0,0,1,0,0,0,0,0
1YyWDHJ3OCM,30.0,40.0,"/m/03qc9zr,/m/04rlf",1,0,0,0,0,0,0,0
N4QytdExGZE,80.0,90.0,"/m/03kmc9,/m/0dgbq",0,0,0,0,0,0,1,0
S0idkWh7SZI,450.0,460.0,"/m/032s66,/m/04zjc",0,0,0,0,1,0,0,0
qGwAHw5fSNU,100.0,110.0,"/m/07pp_mv,/m/09x0r",0,0,0,0,0,0,0,1
LCqZT19NuZw,30.0,40.0,"/m/014zdl,/m/04rlf",0,0,0,1,0,0,0,0
Yv8a2aak25Y,30.0,40.0,"/m/012ndj,/m/03kmc9,/m/04qvtq,/m/09x0r",0,0,0,0,0,0,1,0
nLVmclZYZMY,200.0,210.0,/m/03qc9zr,1,0,0,0,0,0,0,0
WX_w_lXoTbU,30.0,40.0,"/m/014zdl,/m/07pxg6y",0,0,0,1,0,0,0,0
iplU8Q0HZI0,160.0,170.0,"/m/032s66,/m/073cg4",0,0,0,0,1,0,0,0
MfFv5uT-QmI,80.0,90.0,/m/0463cq4,0,0,1,0,0,0,0,0
Bd3byJ5B9W0,90.0,100.0,"/m/039jq,/m/04k94,/m/0838f,/m/09x0r",0,0,0,0,0,1,0,0
G0Sg_IhZG4g,460.0,470.0,"/g/122z_qxw,/m/0g6b5",0,0,0,1,0,0,0,0
d9EQbILtTGU,0.0,10.0,/m/032s66,0,0,0,0,1,0,0,0
-pxKb7MGnec,40.0,50.0,/m/0g6b5,0,0,0,1,0,0,0,0
E6C-3XVCmfk,0.0,10.0,"/m/01bjv,/m/01y3hg,/m/07yv9",0,0,0,0,0,0,0,1
NfMlW-jVGBk,380.0,390.0,"/m/039jq,/m/09x0r",0,0,0,0,0,1,0,0
KkLYEnNDMN8,30.0,40.0,/m/09x0r,0,0,0,0,0,0,0,0
S7RNZmSdDlE,0.0,10.0,"/m/03qc9zr,/m/09x0r",1,0,0,0,0,0,0,0
vBWYA_Pawvw,80.0,90.0,"/m/01j3sz,/m/07pp_mv,/m/07rgt08,/m/09x0r,/m/0c3f7m",0,0,0,0,0,0,0,1
J63vlQl4V2E,30.0,40.0,"/m/032s66,/m/0_1c",0,0,0,0,1,0,0,0
0n1etUBX0no,8.0,18.0,"/m/014zdl,/m/07qsvvw",0,0,0,1,0,0,0,0
XiQteL5knzo,10.0,20.0,/m/032s66,0,0,0,0,1,0,0,0
Ck17fc7X_sk,30.0,40.0,"/m/03qc9zr,/m/04rlf",1,0,0,0,0,0,0,0
PAmNTUjc0G8,80.0,90.0,"/m/01y3hg,/m/09x0r",0,0,0,0,0,0,0,1
04rFdVxzfF8,30.0,40.0,/m/04rlf,0,0,0,0,0,0,0,0
x1riEaQWEdI,60.0,70.0,"/m/04rlf,/m/06rvn",0,0,0,0,0,0,0,0
hE-QnAr6UD4,260.0,270.0,"/m/02rr_,/m/02sgy,/m/0342h,/m/04rlf,/m/04szw,/m/0fx80y,/m/0g12c5",0,0,0,0,0,0,0,0
Mln0mA-PCSo,30.0,40.0,"/m/03qc9zr,/m/04rlf,/m/09x0r",1,0,0,0,0,0,0,0
zh2UPYFQPfs,590.0,600.0,/m/032s66,0,0,0,0,1,0,0,0
UJEZK5o_L5Q,0.0,10.0,"/m/03qc9zr,/m/09x0r",1,0,0,0,0,0,0,0
-09rxiqNNEs,30.0,40.0,"/m/03kmc9,/m/0dgbq",0,0,0,0,0,0,1,0
CvMFTC0yU1M,60.0,70.0,/m/03qc9zr,1,0,0,0,0,0,0,0
axnd3_MSHq0,50.0,60.0,"/m/0463cq4,/m/09x0r",0,0,1,0,0,0,0,0
jhdgd5LqdCA,10.0,20.0,"/m/032s66,/m/0_1c",0,0,0,0,1,0,0,0
TYcfOi9qgyM,30.0,40.0,"/m/012n7d,/m/02mfyn,/m/03j1ly,/m/03kmc9",0,0,0,0,0,0,1,1
7aZCdDORrIM,30.0,40.0,"/m/02lkt,/m/04rlf,/m/07gxw",0,0,0,0,0,0,0,0
SRPrQ6W_CgM,30.0,40.0,"/m/0463cq4,/m/07qz6j3,/m/09x0r,/m/0ytgt,/t/dd00002,/t/dd00125",0,0,1,0,0,0,0,0
L1SgdjH3OBo,70.0,80.0,"/m/032s66,/m/073cg4",0,0,0,0,1,0,0,0
5TWL_hGlwyg,110.0,120.0,/m/03qc9zr,1,0,0,0,0,0,0,0
Hkltdxt_xt0,0.0,10.0,"/m/09x0r,/m/0c3f7m",0,0,0,0,0,0,0,1
fHR2wiI63cQ,20.0,30.0,"/m/04rlf,/m/07p6fty",0,1,0,0,0,0,0,0
JrNCF9Osh6o,340.0,350.0,"/m/032s66,/m/04zjc",0,0,0,0,1,0,0,0
N9-uDmwv81g,70.0,80.0,"/m/0463cq4,/m/09x0r,/t/dd00002",0,0,1,0,0,0,0,0
Uo4JXGniwVw,50.0,60.0,"/m/03qtwd,/t/dd00135",0,1,0,0,0,0,0,0
uQlTyQCuE-U,9.0,19.0,"/m/04qvtq,/m/07yv9,/m/0k4j,/t/dd00134",0,0,0,0,0,0,1,0
lM2lPRvb7Z8,200.0,210.0,"/m/039jq,/m/09x0r",0,0,0,0,0,1,0,0
MXXaUSxhr3w,30.0,40.0,"/m/01xqw,/m/0342h,/m/04rlf,/m/04szw",0,0,0,0,0,0,0,0
RwMSiW02zBk,140.0,150.0,"/m/01y3hg,/m/07pp_mv,/m/09x0r",0,0,0,0,0,0,0,1
0S7f_5UHQhk,30.0,40.0,"/m/04rlf,/m/07qcpgn",0,0,0,0,0,0,0,0
fsSKgAQ3hrY,100.0,110.0,"/m/0342h,/m/04rlf,/m/04szw,/m/07y_7,/m/0gg8l",0,0,0,0,0,0,0,0
E-kDtymGz50,380.0,390.0,"/m/039jq,/m/0838f",0,0,0,0,0,1,0,0
zlAgX6UeZwA,330.0,340.0,"/m/039jq,/m/09x0r",0,0,0,0,0,1,0,0
kPYiPN6kEXY,20.0,30.0,/m/032s66,0,0,0,0,1,0,0,0
cX50at51k1Y,160.0,170.0,/m/03qc9zr,1,0,0,0,0,0,0,0
_tO3qt89WDA,22.0,32.0,"/m/04rlf,/m/09x0r",0,0,0,0,0,0,0,0
i9mt9U6xPzM,30.0,40.0,"/m/04rlf,/m/09x0r",0,0,0,0,0,0,0,0
yGrS5TJ2RTU,30.0,40.0,/m/02mfyn,0,0,0,0,0,0,0,1
r5vbyN4xlgc,90.0,100.0,"/m/01hgjl,/m/02lkt,/m/03mb9,/m/04rlf,/m/0glt670",0,0,0,0,0,0,0,0
ziNxJj_gmEY,160.0,170.0,/m/09x0r,0,0,0,0,0,0,0,0
NEw40T9lEhc,60.0,70.0,"/m/0463cq4,/m/09x0r",0,0,1,0,0,0,0,0
iDdY9Kzw8Js,70.0,80.0,"/m/039jq,/m/07q7njn,/m/0c1dj",0,0,0,0,0,1,0,0
W6dkKuzQOso,290.0,300.0,"/m/02fsn,/m/04rlf,/m/04szw,/m/06ncr,/t/dd00126",0,0,0,0,0,0,0,0
K1DJtD6-bJw,0.0,10.0,"/m/015lz1,/m/0463cq4",0,0,1,0,0,0,0,0
Fxiq7k6bKUA,20.0,30.0,"/m/014zdl,/m/07pxg6y,/m/09x0r",0,0,0,1,0,0,0,0
E1OLhcgcvnQ,30.0,40.0,/m/03qc9zr,1,0,0,0,0,0,0,0
z87LyYnrFBo,20.0,30.0,/m/032s66,0,0,0,0,1,0,0,0
9BuMXykbHQM,130.0,140.0,"/m/015lz1,/m/04rlf,/m/07p6fty,/t/dd00126",0,1,0,0,0,0,0,0
jVwcvUzK-vY,0.0,10.0,"/m/032s66,/m/04zjc",0,0,0,0,1,0,0,0
7hBUH83OJmQ,380.0,390.0,/m/03qc9zr,1,0,0,0,0,0,0,0
-rP7QaqnA3k,30.0,40.0,"/m/09x0r,/t/dd00002",0,0,1,0,0,0,0,0
P2cynrHx-Z4,30.0,40.0,"/m/09x0r,/t/dd00002",0,0,1,0,0,0,0,0
JjUxwv0FNUw,20.0,30.0,"/m/012ndj,/m/07r04,/m/07yv9",0,0,0,0,0,0,1,0
RPp724eucqw,0.0,10.0,"/m/012f08,/m/04qvtq,/m/07yv9,/m/09x0r,/m/0k4j",0,0,0,0,0,0,1,0
uUiZrgUpw2A,30.0,40.0,"/m/012ndj,/m/03j1ly,/m/03kmc9",0,0,0,0,0,0,1,0
n02hQUfgkOw,50.0,60.0,"/m/039jq,/m/04k94,/m/09x0r",0,0,0,0,0,1,0,0
xB4S1Gpc5sY,140.0,150.0,"/m/0342h,/m/04rlf,/m/04szw,/m/0fx80y,/t/dd00125",0,0,0,0,0,0,0,0
UMQ0-vMABuY,20.0,30.0,"/m/04rlf,/m/07p6fty",0,1,0,0,0,0,0,0
tXS2_n_JwU4,0.0,10.0,"/m/07qz6j3,/m/09x0r,/t/dd00002",0,0,1,0,0,0,0,0
bfLtJvHY2mU,340.0,350.0,/m/09x0r,0,0,0,0,0,0,0,0
9RDxqx_gY2A,12.0,22.0,/m/04qvtq,0,0,0,0,0,0,1,0
BkAg4w7Hjsw,40.0,50.0,/m/07pp_mv,0,0,0,0,0,0,0,1
E6WeZqna6KU,120.0,130.0,"/m/01v1d8,/m/04rlf,/m/04szw,/m/0l14qv",0,0,0,0,0,0,0,0
3pNZ8N1oifk,150.0,160.0,"/m/03kmc9,/m/09x0r",0,0,0,0,0,0,1,0
ce7AZ4mgPME,10.0,20.0,"/m/01wy6,/m/04rlf,/m/04szw",0,0,0,0,0,0,0,0
U7iZYppHrG0,50.0,60.0,/m/09x0r,0,0,0,0,0,0,0,0
TqqnCCkkldk,70.0,80.0,/m/0g6b5,0,0,0,1,0,0,0,0
FNF9S_g_VFM,30.0,40.0,"/m/04qvtq,/m/09x0r",0,0,0,0,0,0,1,0
tucDT1-g9N8,100.0,110.0,/m/03qc9zr,1,0,0,0,0,0,0,0
s8AXi56SPz0,0.0,10.0,/m/0463cq4,0,0,1,0,0,0,0,0
pOMhAMQ_3Ag,20.0,30.0,"/m/07pzfmf,/m/0g6b5",0,0,0,1,0,0,0,0
-J2fAN0dXLU,140.0,150.0,/m/032s66,0,0,0,0,1,0,0,0
vsg9J95sGkE,0.0,10.0,/m/0c3f7m,0,0,0,0,0,0,0,1
9bM_mkoP3lw,270.0,280.0,"/m/03lty,/m/03qc9zr,/m/04rlf,/m/06by7",1,0,0,0,0,0,0,0
5-SVszCU5Vc,30.0,40.0,/m/09x0r,0,0,0,0,0,0,0,0
EZsXODJrMpc,0.0,10.0,/m/0463cq4,0,0,1,0,0,0,0,0
DtzKl-PH_Uk,70.0,80.0,/m/032s66,0,0,0,0,1,0,0,0
9D5zrR8ygd4,160.0,170.0,/m/012n7d,0,0,0,0,0,0,1,0
9ghzrwN6QYo,0.0,9.0,/m/0g6b5,0,0,0,1,0,0,0,0
Qg5oOABIJMw,15.0,25.0,"/m/03j1ly,/m/03kmc9,/m/04qvtq",0,0,0,0,0,0,1,0
8TddUGafopE,20.0,30.0,"/m/032s66,/m/073cg4",0,0,0,0,1,0,0,0
rC3xz0gSA-w,200.0,210.0,"/m/03qtwd,/m/053hz1,/t/dd00135",0,1,0,0,0,0,0,0
sqxz6PhK-qI,50.0,60.0,"/m/03qc9zr,/m/09x0r",1,0,0,0,0,0,0,0
2fYQmpmjL4k,380.0,390.0,"/m/032s66,/m/04zjc",0,0,0,0,1,0,0,0
eNsJB02DXqg,30.0,40.0,"/m/09x0r,/t/dd00002",0,0,1,0,0,0,0,0
2dScU-xnfmY,0.0,10.0,"/m/07pp_mv,/m/09x0r",0,0,0,0,0,0,0,1
mdyaFNH5XNw,30.0,40.0,"/m/07qz6j3,/m/09x0r,/t/dd00002",0,0,1,0,0,0,0,0
971TB9uP1z4,20.0,30.0,"/m/03qc9zr,/m/09x0r",1,0,0,0,0,0,0,0
k8lg21IE2rg,30.0,40.0,"/m/04rlf,/t/dd00125",0,0,0,0,0,0,0,0
I6TqSAXcdtw,0.0,10.0,"/m/09x0r,/m/0g6b5,/t/dd00126",0,0,0,1,0,0,0,0
51i7eWAML9Y,20.0,30.0,"/m/032s66,/m/04zjc",0,0,0,0,1,0,0,0
2GvM-Qro1Ys,0.0,10.0,/m/032s66,0,0,0,0,1,0,0,0
5DYX9kkbdww,0.0,10.0,"/g/122z_qxw,/m/028v0c,/m/0g6b5,/t/dd00128",0,0,0,1,0,0,0,0
cZ3ymA6PSlY,30.0,40.0,/m/014zdl,0,0,0,1,0,0,0,0
6xq36kUeL84,30.0,40.0,"/m/012ndj,/m/07yv9,/m/0k4j",0,0,0,0,0,0,1,0
Z4pWkOvfnGY,6.0,16.0,"/m/032s66,/m/0_1c",0,0,0,0,1,0,0,0
8t42qBCskdw,20.0,30.0,/m/07pp_mv,0,0,0,0,0,0,0,1
ySDD_e_-E-M,30.0,40.0,/m/09x0r,0,0,0,0,0,0,0,0
5Unut8KldHk,30.0,40.0,"/m/07qz6j3,/t/dd00002",0,0,1,0,0,0,0,0
j3BACP6tkuE,350.0,360.0,"/m/032s66,/m/04zjc",0,0,0,0,1,0,0,0
_t3dwdSr928,0.0,10.0,"/m/032s66,/m/09x0r",0,0,0,0,1,0,0,0
8NuEnkt3D2A,25.0,35.0,"/m/04rlf,/m/09x0r",0,0,0,0,0,0,0,0
vAFlySpK1iw,470.0,480.0,"/m/01y3hg,/m/09x0r",0,0,0,0,0,0,0,1
hP8BcCHKV8k,170.0,180.0,"/m/09x0r,/t/dd00129",0,0,0,0,0,0,0,0
XGvmE0l1nJk,50.0,60.0,"/m/0463cq4,/m/09x0r,/m/0ytgt",0,0,1,0,0,0,0,0
1icEOZdgkVY,30.0,40.0,/t/dd00002,0,0,1,0,0,0,0,0
m0N4JTHAClQ,10.0,20.0,/m/02mfyn,0,0,0,0,0,0,0,1
gHUcKIpX_PM,90.0,100.0,"/m/02lkt,/m/03mb9,/m/04rlf",0,0,0,0,0,0,0,0
nhfep0qen4g,130.0,140.0,"/m/03qtwd,/m/053hz1,/t/dd00135",0,1,0,0,0,0,0,0
XZiuCfXko-I,100.0,110.0,"/m/09x0r,/m/0c3f7m",0,0,0,0,0,0,0,1
v2n6w1fuVB0,390.0,400.0,/m/07pp_mv,0,0,0,0,0,0,0,1
xvRTdi5JU8c,50.0,60.0,"/m/039jq,/m/09x0r",0,0,0,0,0,1,0,0
y_1aaL5hPCo,40.0,50.0,/m/032s66,0,0,0,0,1,0,0,0
S9ELFE9wm6k,30.0,40.0,/m/09x0r,0,0,0,0,0,0,0,0
mJgRXlPBx3o,10.0,20.0,/m/0g6b5,0,0,0,1,0,0,0,0
lKyHJkSDS0c,30.0,40.0,/m/032s66,0,0,0,0,1,0,0,0
gepRRiltWHE,0.0,10.0,"/m/014zdl,/m/07qsvvw",0,0,0,1,0,0,0,0
PoqbhfBdZho,530.0,540.0,"/m/039jq,/m/04rlf",0,0,0,0,0,1,0,0
bXo1LI0JSxA,30.0,40.0,/m/09x0r,0,0,0,0,0,0,0,0
wQN-VAPfqi8,10.0,20.0,"/m/09x0r,/m/0g6b5",0,0,0,1,0,0,0,0
I19_273UXc0,140.0,150.0,"/m/039jq,/m/09x0r",0,0,0,0,0,1,0,0
30DWYj-POo0,170.0,180.0,"/m/04rlf,/m/07p6fty",0,1,0,0,0,0,0,0
UTG6-04IRPo,30.0,40.0,"/m/032s66,/m/04zjc",0,0,0,0,1,0,0,0
iMHgNZ6KoIE,290.0,300.0,"/m/03qc9zr,/m/0ytgt",1,0,0,0,0,0,0,0
apVH3jJR5RM,0.0,10.0,/m/0463cq4,0,0,1,0,0,0,0,0
iTogHZ4AmhM,10.0,20.0,"/m/012ndj,/m/03j1ly,/m/03kmc9",0,0,0,0,0,0,1,0
YwWKiZNL5_I,80.0,90.0,/m/039jq,0,0,0,0,0,1,0,0
Pgom8ORu7iE,21.0,31.0,"/m/04rlf,/m/09x0r",0,0,0,0,0,0,0,0
w0-Dfn4K490,30.0,40.0,"/m/04rlf,/m/09x0r",0,0,0,0,0,0,0,0
7cQFArXOqL4,10.0,20.0,"/m/03qtwd,/m/053hz1,/t/dd00135",0,1,0,0,0,0,0,0
9xohZqQ3dUg,60.0,70.0,"/m/0463cq4,/m/09x0r",0,0,1,0,0,0,0,0
YrDmEizc-d8,340.0,350.0,"/m/0342h,/m/04rlf,/m/06by7,/m/07p6fty",0,1,0,0,0,0,0,0
gx2XlQCxf70,30.0,40.0,/m/09x0r,0,0,0,0,0,0,0,0
d4beUXa_lLE,80.0,90.0,"/m/014zdl,/m/04rlf",0,0,0,1,0,0,0,0
hG11UhNkIn0,30.0,40.0,"/m/03qtwd,/t/dd00135",0,1,0,0,0,0,0,0
uuCsu6qOvgE,70.0,80.0,/m/04qvtq,0,0,0,0,0,0,1,0
vYryT5zfNFU,30.0,40.0,"/m/012n7d,/m/03j1ly,/m/03kmc9,/m/04qvtq",0,0,0,0,0,0,1,0
icui3nlZaRk,20.0,30.0,/m/0g6b5,0,0,0,1,0,0,0,0
h1nrcoAy6YA,120.0,130.0,"/m/04rlf,/m/04szw,/m/07p6fty",0,1,0,0,0,0,0,0
t7kdnUhl1ns,6.0,16.0,"/m/09x0r,/t/dd00002",0,0,1,0,0,0,0,0
Qip-lwJogdc,23.0,33.0,"/m/014zdl,/m/07pxg6y,/m/09x0r",0,0,0,1,0,0,0,0
-BfN0ydYNdQ,20.0,30.0,/m/07pp_mv,0,0,0,0,0,0,0,1
nHNa_igMhTE,300.0,310.0,"/m/032s66,/m/09x0r",0,0,0,0,1,0,0,0
diEnFvBD8KE,30.0,40.0,"/m/04rlf,/m/09x0r",0,0,0,0,0,0,0,0
eUw5JADu-0I,420.0,430.0,/m/0c3f7m,0,0,0,0,0,0,0,1
Itt-b2w7xLs,30.0,40.0,"/m/012n7d,/m/03j1ly,/m/03kmc9",0,0,0,0,0,0,1,0
CC3yy_0TbDo,30.0,40.0,"/m/0326g,/m/04rlf",0,0,0,0,0,0,0,0
HT2Ibv_P1WQ,26.0,36.0,/m/09x0r,0,0,0,0,0,0,0,0
7P1CqhBq6cg,30.0,40.0,"/m/068hy,/m/07qz6j3,/m/0jbk,/t/dd00002",0,0,1,0,0,0,0,0
ZfmYlwGMi-w,30.0,40.0,/m/03kmc9,0,0,0,0,0,0,1,0
ACKexWBpL1s,30.0,40.0,/m/04rlf,0,0,0,0,0,0,0,0
U15qm_gMwzw,580.0,590.0,"/m/09x0r,/m/0c3f7m",0,0,0,0,0,0,0,1
TUT3uK5UQ7I,100.0,110.0,"/m/039jq,/m/09x0r",0,0,0,0,0,1,0,0
oNfE6nJVvk0,340.0,350.0,/m/039jq,0,0,0,0,0,1,0,0
IoosP6XOZA0,20.0,30.0,"/m/09x0r,/m/0c3f7m",0,0,0,0,0,0,0,1
utFQrg7IA64,30.0,40.0,"/m/039jq,/m/09x0r",0,0,0,0,0,1,0,0
GUwwsyvmVtA,60.0,70.0,"/m/04rlf,/m/06j6l",0,0,0,0,0,0,0,0
ostd6VihluM,30.0,40.0,"/m/09x0r,/t/dd00002",0,0,1,0,0,0,0,0
cnmE_P7-lHw,70.0,80.0,"/m/03qc9zr,/m/09x0r",1,0,0,0,0,0,0,0
NH78rEz21AQ,27.0,37.0,/m/032s66,0,0,0,0,1,0,0,0
Qdc34pib8rI,50.0,60.0,"/m/03qc9zr,/m/09x0r",1,0,0,0,0,0,0,0
nBGn-AqYLbw,0.0,10.0,"/m/039jq,/m/09x0r",0,0,0,0,0,1,0,0
s8KF_x3wzLc,50.0,60.0,"/m/039jq,/m/04rlf",0,0,0,0,0,1,0,0
fwDeyfhn8VA,20.0,30.0,"/m/07pp_mv,/m/09x0r",0,0,0,0,0,0,0,1
8raR0nIrbug,15.0,25.0,"/m/04qvtq,/m/04rlf",0,0,0,0,0,0,1,0
pRR0NoGHjVk,50.0,60.0,"/m/03qc9zr,/m/09x0r,/m/0ytgt",1,0,0,0,0,0,0,0
6G-zGh5Sk_E,60.0,70.0,"/m/07pp_mv,/m/09x0r",0,0,0,0,0,0,0,1
dj3OG-Dxcx8,140.0,150.0,/m/03qc9zr,1,0,0,0,0,0,0,0
1ayn8Zgyj5Y,60.0,70.0,/m/0g6b5,0,0,0,1,0,0,0,0
JjXNwVq0taU,60.0,70.0,"/m/0463cq4,/m/09x0r,/m/0ytgt",0,0,1,0,0,0,0,0
_DOSm1vFxVE,0.0,10.0,"/m/03qc9zr,/m/09x0r,/m/0ytgt",1,0,0,0,0,0,0,0
6ZbaQq6XwYU,22.0,32.0,"/m/09x0r,/t/dd00002",0,0,1,0,0,0,0,0
asnk2K9HXSM,80.0,90.0,"/m/039jq,/m/09x0r",0,0,0,0,0,1,0,0
3Kyy2HshOi0,30.0,40.0,"/m/03kmc9,/m/0dgbq",0,0,0,0,0,0,1,0
iD9RhUTIqVE,30.0,40.0,/m/03kmc9,0,0,0,0,0,0,1,0
8527ZnUSVR4,60.0,70.0,"/g/122z_qxw,/m/0g6b5",0,0,0,1,0,0,0,0
ic8fSs7AoF0,23.0,33.0,/m/04rlf,0,0,0,0,0,0,0,0
mV1DN62pm9Y,50.0,60.0,"/m/015lz1,/m/04rlf,/m/07p6fty,/t/dd00126",0,1,0,0,0,0,0,0
Ul9QSVBvaHU,60.0,70.0,/m/032s66,0,0,0,0,1,0,0,0
K_paNg92jrc,0.0,10.0,"/m/039jq,/m/09x0r",0,0,0,0,0,1,0,0
tUaofQRAQDw,40.0,50.0,/m/0g6b5,0,0,0,1,0,0,0,0
N-MLD5tRPxw,140.0,150.0,"/m/03qtwd,/t/dd00135",0,1,0,0,0,0,0,0
AnRdIsoUTK4,30.0,40.0,/m/03qc9zr,1,0,0,0,0,0,0,0
utlhrFfzlro,0.0,7.0,"/m/039jq,/m/07pc8lb,/m/0c1dj",0,0,0,0,0,1,0,0
xx3yKzrSOBI,40.0,50.0,"/m/012f08,/m/03j1ly,/m/03kmc9,/m/04qvtq,/m/09x0r,/t/dd00128",0,0,0,0,0,0,1,0
rPFHrkuGrWQ,140.0,150.0,"/m/04rlf,/m/06cqb",0,0,0,0,0,0,0,0
Vi1iTDV2CTo,300.0,310.0,"/m/03qc9zr,/m/09x0r",1,0,0,0,0,0,0,0
PnHw_R3xyPQ,30.0,40.0,/m/04rlf,0,0,0,0,0,0,0,0
4mQIYQmVYWQ,10.0,20.0,"/m/03j1ly,/m/03kmc9,/m/04qvtq",0,0,0,0,0,0,1,0
AHp0H40WiJk,0.0,10.0,"/m/04rlf,/m/07p6fty,/m/09x0r",0,1,0,0,0,0,0,0
t312hrd8hL0,140.0,150.0,"/m/015p6,/m/03qc9zr,/m/09x0r,/m/0dbvp",1,0,0,0,0,0,0,0
xi1vZRTb8IU,20.0,30.0,"/m/01kcd,/m/04rlf,/m/04szw,/m/07gql",0,0,0,0,0,0,0,0
Wad61elm4dw,0.0,10.0,"/m/03qtwd,/m/053hz1,/t/dd00135",0,1,0,0,0,0,0,0
4aXNnYg5zAg,40.0,50.0,/m/07pp_mv,0,0,0,0,0,0,0,1
27JPo7b3FUc,20.0,30.0,"/m/03qtwd,/m/053hz1,/t/dd00135",0,1,0,0,0,0,0,0
SRveye9IdKE,30.0,40.0,/m/039jq,0,0,0,0,0,1,0,0
5yH42S7qkGk,30.0,40.0,"/m/02sgy,/m/0342h,/m/04rlf,/m/04szw,/m/07s0s5r",0,0,0,0,0,0,0,0
5WvuMN8nr0g,120.0,130.0,"/m/0463cq4,/m/09x0r",0,0,1,0,0,0,0,0
2YPEuBTGQoc,130.0,140.0,"/m/03qc9zr,/m/09x0r",1,0,0,0,0,0,0,0
rYI4AOVgjq8,50.0,60.0,/m/03qc9zr,1,0,0,0,0,0,0,0
bMP3qOSuk-A,120.0,130.0,/m/02mfyn,0,0,0,0,0,0,0,1
nq19wFnYfBs,40.0,50.0,"/m/039jq,/m/09x0r",0,0,0,0,0,1,0,0
CTPHdwpBtN4,0.0,9.0,/m/014zdl,0,0,0,1,0,0,0,0
WI6SpnlwQw8,160.0,170.0,"/m/03qtwd,/m/053hz1,/t/dd00135",0,1,0,0,0,0,0,0
5Li27UYvseY,90.0,100.0,/m/09x0r,0,0,0,0,0,0,0,0
xVXQjZDB6Oo,30.0,40.0,/m/0463cq4,0,0,1,0,0,0,0,0
iujUjo82bbU,10.0,20.0,/m/07pp_mv,0,0,0,0,0,0,0,1
ntKZDYCkhPc,30.0,40.0,"/m/04rlf,/m/09x0r",0,0,0,0,0,0,0,0
PugAdmIQdEk,80.0,90.0,/m/039jq,0,0,0,0,0,1,0,0
cv2Zynq_-u0,20.0,30.0,/m/0g6b5,0,0,0,1,0,0,0,0
dpnzm2DPoBI,40.0,50.0,"/m/0463cq4,/t/dd00002",0,0,1,0,0,0,0,0
-ihxrsUYzso,30.0,40.0,"/m/04rlf,/m/09x0r",0,0,0,0,0,0,0,0
R6RYX8W3ggo,30.0,40.0,"/m/04rlf,/m/04szw,/m/07y_7,/m/09x0r",0,0,0,0,0,0,0,0
1NzgluE_9lo,0.0,7.0,"/m/03qc9zr,/m/04rlf,/m/09x0r",1,0,0,0,0,0,0,0
cNJEC1QJQt4,0.0,10.0,"/m/0140xf,/m/02mscn,/m/04rlf,/m/07pp_mv",0,0,0,0,0,0,0,1
UMkUoPA9zkA,30.0,40.0,"/m/012f08,/m/012ndj,/m/03j1ly,/m/03kmc9,/m/07yv9",0,0,0,0,0,0,1,0
i71sgpuEslk,0.0,9.0,"/m/012ndj,/m/03j1ly,/m/07r04,/m/07yv9",0,0,0,0,0,0,1,0
9gCfNKhR3-g,30.0,40.0,"/m/01y3hg,/m/03kmc9,/m/04qvtq,/m/0c3f7m",0,0,0,0,0,0,1,1
izcBDJZuhVw,180.0,190.0,"/m/039jq,/m/04rlf",0,0,0,0,0,1,0,0
PUE2as331XY,50.0,60.0,"/m/0342h,/m/042v_gx,/m/04rlf,/m/04szw,/m/0fx80y",0,0,0,0,0,0,0,0
bUldzudX7qw,490.0,500.0,/m/03qc9zr,1,0,0,0,0,0,0,0
kq05v9uyFwo,140.0,150.0,"/m/04rlf,/m/07p6fty",0,1,0,0,0,0,0,0
I1kbBmlAvdI,30.0,40.0,/m/09x0r,0,0,0,0,0,0,0,0
XsBhAMITDCQ,30.0,40.0,/m/02mfyn,0,0,0,0,0,0,0,1
D-YflsjEDDI,60.0,70.0,"/m/0463cq4,/m/09x0r",0,0,1,0,0,0,0,0
8W3rnIeudKc,0.0,10.0,"/m/068hy,/m/09x0r,/m/0jbk",0,0,0,0,0,0,0,0
v8zsuwMB0K4,300.0,310.0,"/m/015lz1,/m/04rlf,/m/064t9,/m/07p6fty,/t/dd00126",0,1,0,0,0,0,0,0
4oL9mkCXQn4,30.0,40.0,"/m/04rlf,/m/09x0r,/t/dd00003,/t/dd00004",0,0,0,0,0,0,0,0
oWjtwguskdE,50.0,60.0,"/m/04rlf,/m/07p6fty",0,1,0,0,0,0,0,0
WG5erreJFXQ,0.0,5.0,"/m/032s66,/m/09x0r,/m/0c1dj",0,0,0,0,1,0,0,0
PaunC3eiKks,13.0,23.0,"/m/012ndj,/m/03j1ly,/m/03kmc9",0,0,0,0,0,0,1,0
FYe5yA4NqlE,30.0,40.0,"/m/026t6,/m/02hnl,/m/04rlf,/m/04szw",0,0,0,0,0,0,0,0
39EIpLSCcg4,60.0,70.0,"/m/04rlf,/m/05w3f",0,0,0,0,0,0,0,0
lw8WLBVihIg,100.0,110.0,"/m/039jq,/m/04rlf,/m/09x0r",0,0,0,0,0,1,0,0
38ifl-DBpBQ,15.0,25.0,"/m/09x0r,/t/dd00002",0,0,1,0,0,0,0,0
rTWGZ35aVXY,370.0,380.0,"/m/032s66,/m/04zjc",0,0,0,0,1,0,0,0
OzGD7ylhf_s,10.0,20.0,"/m/012n7d,/m/012ndj,/m/03j1ly,/m/03kmc9",0,0,0,0,0,0,1,0
_8gDltDuTwk,180.0,190.0,/m/03qc9zr,1,0,0,0,0,0,0,0
fPEc43qW4_s,30.0,40.0,/m/014zdl,0,0,0,1,0,0,0,0
JwDrtVBBwOc,70.0,80.0,"/m/032s66,/m/09x0r,/m/0_1c",0,0,0,0,1,0,0,0
5cezddiPBAo,20.0,30.0,"/m/039jq,/m/04rlf,/m/0l14md",0,0,0,0,0,1,0,0
XuTt61TkdzQ,220.0,230.0,/m/01y3hg,0,0,0,0,0,0,0,1
-pwgypWE-J8,30.0,40.0,"/m/03qc9zr,/m/09x0r,/m/0c1dj",1,0,0,0,0,0,0,0
b3VWkj_t7pk,520.0,530.0,"/m/032s66,/m/09x0r",0,0,0,0,1,0,0,0
fkb5J5iWoj4,110.0,120.0,/m/03kmc9,0,0,0,0,0,0,1,0
kTqM4QRmuAY,0.0,10.0,"/m/03kmc9,/m/0c3f7m,/t/dd00125",0,0,0,0,0,0,1,1
yzRA_UJ5GKE,0.0,10.0,/m/07pp_mv,0,0,0,0,0,0,0,1
o-F9OT4w0bI,110.0,120.0,"/m/039jq,/m/09x0r",0,0,0,0,0,1,0,0
UufFLcEFpZs,180.0,190.0,"/m/0g6b5,/t/dd00128",0,0,0,1,0,0,0,0
4DSTpxdidqA,30.0,40.0,"/m/068hy,/m/07rc7d9,/m/09x0r,/m/0bt9lr,/m/0jbk",0,0,0,0,0,0,0,0
JIyXFTbmAhk,30.0,40.0,"/m/014zdl,/m/07qsvvw",0,0,0,1,0,0,0,0
25j6vtYSIdk,160.0,170.0,/m/03qc9zr,1,0,0,0,0,0,0,0
iKvT5_TIGn4,0.0,8.0,"/m/03qtwd,/t/dd00135",0,1,0,0,0,0,0,0
H3wDttmT2Fw,30.0,40.0,"/m/09x0r,/m/0c3f7m",0,0,0,0,0,0,0,1
gDTE8ahVpPM,150.0,160.0,/m/03qc9zr,1,0,0,0,0,0,0,0
nYsdMOLIAlk,0.0,10.0,"/m/0261r1,/m/0463cq4",0,0,1,0,0,0,0,0
IAj-meCa5N4,30.0,40.0,"/m/04qvtq,/m/09x0r,/m/0k4j",0,0,0,0,0,0,1,0
bzmR-7uDikA,120.0,130.0,"/g/122z_qxw,/m/0g6b5",0,0,0,1,0,0,0,0
_OwXukXTR9E,0.0,10.0,"/m/04rlf,/m/07pp_mv",0,0,0,0,0,0,0,1
2NwLY_lLcZw,20.0,30.0,"/m/04qvtq,/m/09x0r",0,0,0,0,0,0,1,0
Gk93WXk_tP0,0.0,10.0,"/m/039jq,/m/09x0r",0,0,0,0,0,1,0,0
HjwDaIoNbKg,10.0,20.0,/m/01y3hg,0,0,0,0,0,0,0,1
iTZkNgmSn0c,180.0,190.0,"/m/04rlf,/m/07p6fty,/m/09x0r",0,1,0,0,0,0,0,0
mI4X7BBnO1k,30.0,40.0,"/m/04rlf,/m/09x0r",0,0,0,0,0,0,0,0
xX5rypDqgos,30.0,40.0,/m/039jq,0,0,0,0,0,1,0,0
Nmqq83EfK8U,80.0,90.0,"/m/068hy,/m/09x0r,/m/0bt9lr,/m/0jbk",0,0,0,0,0,0,0,0
TlFSjfGa5Bc,170.0,180.0,/m/03qc9zr,1,0,0,0,0,0,0,0
FRMZUyi4LZQ,280.0,290.0,"/m/026t6,/m/04rlf,/m/04szw,/m/06rvn,/m/09x0r",0,0,0,0,0,0,0,0
K9Dy11NGBIE,30.0,40.0,/m/09x0r,0,0,0,0,0,0,0,0
Uhz86Gi1Nz0,10.0,20.0,"/m/014zdl,/m/02_41",0,0,0,1,0,0,0,0
A82zTrM-bP8,170.0,180.0,/m/032s66,0,0,0,0,1,0,0,0
XaW0X1DuPFI,30.0,40.0,/m/04rlf,0,0,0,0,0,0,0,0
lpq4Hynau4A,0.0,10.0,/m/0g6b5,0,0,0,1,0,0,0,0
oWu73k9OQX0,30.0,40.0,"/m/03j1ly,/m/03kmc9,/m/04qvtq",0,0,0,0,0,0,1,0
iEAP_Qzl8dg,30.0,40.0,"/m/0283d,/m/02lkt,/m/04rlf,/m/07s72n",0,0,0,0,0,0,0,0
PUnwcoBF9dc,30.0,40.0,"/m/01x3z,/m/04rlf,/m/09x0r",0,0,0,0,0,0,0,0
NaIF-ixt_bM,0.0,10.0,"/m/0463cq4,/m/04rlf,/m/07p6fty,/m/09x0r",0,1,1,0,0,0,0,0
fzkOIeM_-k8,30.0,40.0,/m/09x0r,0,0,0,0,0,0,0,0
drzJvrKcJ9s,0.0,10.0,"/m/04rlf,/m/09x0r",0,0,0,0,0,0,0,0
X3Mb0FylN_E,40.0,50.0,/m/0g6b5,0,0,0,1,0,0,0,0
3PRUAJZGI58,30.0,40.0,/m/09x0r,0,0,0,0,0,0,0,0
e7gIpy4Gj38,70.0,80.0,/m/03qc9zr,1,0,0,0,0,0,0,0
Q5JjkzAjmo0,140.0,150.0,"/m/03qc9zr,/m/09x0r",1,0,0,0,0,0,0,0
yZqGXTvzQCw,30.0,40.0,/m/09x0r,0,0,0,0,0,0,0,0
W_UrewNPU6A,10.0,20.0,/m/0c3f7m,0,0,0,0,0,0,0,1
yK0JhS9fqSM,70.0,80.0,"/m/039jq,/m/09x0r",0,0,0,0,0,1,0,0
PlgMdnZrAgA,10.0,20.0,"/m/0463cq4,/m/09x0r",0,0,1,0,0,0,0,0
DPqa7Osdqsg,30.0,40.0,"/m/04rlf,/m/09x0r",0,0,0,0,0,0,0,0
P61MTy5HPAY,30.0,40.0,/m/0c3f7m,0,0,0,0,0,0,0,1
q68tTK5IcdA,130.0,140.0,"/m/04rlf,/m/07p6fty",0,1,0,0,0,0,0,0
043TUcduqd0,14.0,24.0,"/m/07yv9,/m/09x0r",0,0,0,0,0,0,0,0
bkzMPhkd7fE,150.0,160.0,"/m/03qtwd,/m/053hz1,/t/dd00135",0,1,0,0,0,0,0,0
coLpDcqgNOs,280.0,290.0,/m/01y3hg,0,0,0,0,0,0,0,1
CYux9beKJIc,30.0,40.0,/m/09x0r,0,0,0,0,0,0,0,0
SOHxbYyBZzI,10.0,20.0,"/m/03kmc9,/m/07qf0zm,/m/0bt9lr,/m/0jbk",0,0,0,0,0,0,1,0
ulOc2HiWXKA,90.0,100.0,/m/02mfyn,0,0,0,0,0,0,0,1
pU0NyHEBVm0,0.0,10.0,/m/03qc9zr,1,0,0,0,0,0,0,0
ixPPqzQYPPI,80.0,90.0,"/m/07pp_mv,/m/07yv9,/m/09x0r",0,0,0,0,0,0,0,1
usdI6LhkVSY,10.0,20.0,"/m/03qc9zr,/m/09x0r",1,0,0,0,0,0,0,0
3V9t1JPA2pk,190.0,200.0,"/m/015lz1,/m/04rlf,/m/07p6fty",0,1,0,0,0,0,0,0
_K1XNxEIraA,220.0,230.0,/m/0c3f7m,0,0,0,0,0,0,0,1
QRkV7koHuSM,290.0,300.0,/m/032s66,0,0,0,0,1,0,0,0
JyW9ThELsh8,10.0,20.0,"/g/122z_qxw,/m/04rlf,/m/0g6b5",0,0,0,1,0,0,0,0
RIHGSvHuK1I,20.0,30.0,"/m/03qc9zr,/m/04rlf",1,0,0,0,0,0,0,0
0maiaspDy5k,110.0,120.0,"/m/0342h,/m/039jq,/m/04rlf,/m/04szw,/m/0d8_n",0,0,0,0,0,1,0,0
zIWTAd6UuAw,130.0,140.0,"/m/015lz1,/m/04rlf,/m/07p6fty",0,1,0,0,0,0,0,0
v1U_iOrgy14,0.0,10.0,"/m/04rlf,/m/07pp_mv",0,0,0,0,0,0,0,1
PtNq5fMB1FM,30.0,40.0,"/m/04rlf,/t/dd00034",0,0,0,0,0,0,0,0
GEUhZ9-DbAg,30.0,40.0,"/m/04rlf,/m/09x0r",0,0,0,0,0,0,0,0
NQEwlWLLc64,30.0,40.0,"/m/012n7d,/m/012ndj,/m/03j1ly,/m/03kmc9",0,0,0,0,0,0,1,0
R-IAL-CdYhI,80.0,90.0,"/m/039jq,/m/04rlf",0,0,0,0,0,1,0,0
gXJvtRUL9Hg,220.0,230.0,"/m/04rlf,/m/04szw,/m/07p6fty,/m/09x0r,/t/dd00126",0,1,0,0,0,0,0,0
2BYz4JW2eVs,19.0,29.0,"/m/09x0r,/t/dd00002",0,0,1,0,0,0,0,0
ih1L1UjI3O4,130.0,140.0,/m/032s66,0,0,0,0,1,0,0,0
IwHtO-PUesE,0.0,10.0,"/m/01y3hg,/m/09x0r",0,0,0,0,0,0,0,1
zq1ZEHxQuyM,30.0,40.0,/m/09x0r,0,0,0,0,0,0,0,0
PyTmixqMXqY,30.0,40.0,"/m/03kmc9,/m/0dgbq",0,0,0,0,0,0,1,0
YimO_dYJBos,0.0,10.0,"/m/03qtwd,/m/053hz1,/t/dd00135",0,1,0,0,0,0,0,0
zluR0Xj04tY,30.0,40.0,"/m/026t6,/m/02hnl,/m/04rlf,/m/04szw,/m/0bm02",0,0,0,0,0,0,0,0
JWwNHQBH8Ok,30.0,40.0,/m/09x0r,0,0,0,0,0,0,0,0
kmuqD8Th6Fg,10.0,20.0,/m/0c3f7m,0,0,0,0,0,0,0,1
2fF-DBzkjZY,290.0,300.0,"/m/039jq,/m/04rlf,/m/07rn7sz,/m/09x0r",0,0,0,0,0,1,0,0
THe0X8VeNbs,100.0,110.0,"/m/03qc9zr,/m/09x0r",1,0,0,0,0,0,0,0
S82Oae-mliQ,30.0,40.0,"/m/09x0r,/t/dd00002",0,0,1,0,0,0,0,0
pP--79vW59k,200.0,210.0,"/m/039jq,/m/09x0r",0,0,0,0,0,1,0,0
9Dc_cpbkdt4,30.0,40.0,/m/09x0r,0,0,0,0,0,0,0,0
gWfl7TAKOyQ,0.0,10.0,/m/02mfyn,0,0,0,0,0,0,0,1
BHxzVgxHVEc,10.0,20.0,"/m/03qtwd,/m/04rlf,/m/07p6fty",0,1,0,0,0,0,0,0
WHRnyGXcdy8,24.0,34.0,/t/dd00002,0,0,1,0,0,0,0,0
9Aq9HCAaQBc,30.0,40.0,/m/04rlf,0,0,0,0,0,0,0,0
-2yygHLdpXc,20.0,30.0,/m/03qc9zr,1,0,0,0,0,0,0,0
mtDUkjYkJ3M,240.0,250.0,"/m/015lz1,/m/04rlf,/m/07p6fty",0,1,0,0,0,0,0,0
7Jy320DLZk4,70.0,80.0,"/m/04rlf,/m/0g6b5",0,0,0,1,0,0,0,0
l9uBExyXHwQ,7.0,17.0,"/m/012ndj,/m/03j1ly,/m/07yv9",0,0,0,0,0,0,1,0
eFN0mcsw3e4,0.0,10.0,"/m/04rlf,/m/07xzm,/m/09x0r",0,0,0,0,0,0,0,0
glHqi4pVYxM,10.0,20.0,"/m/03j1ly,/m/03kmc9,/m/04qvtq",0,0,0,0,0,0,1,0
DyK5FDLgNcc,30.0,40.0,"/m/04rlf,/m/09x0r",0,0,0,0,0,0,0,0
b7HDSOtWNLg,20.0,30.0,"/m/0463cq4,/m/09x0r",0,0,1,0,0,0,0,0
PGMs7CIvAo4,60.0,70.0,/m/0g6b5,0,0,0,1,0,0,0,0
MawLPY46F5w,30.0,40.0,/m/04rlf,0,0,0,0,0,0,0,0
bgbnu5YKTDg,30.0,40.0,/m/032s66,0,0,0,0,1,0,0,0
nxRC-njaVYw,140.0,150.0,/m/032s66,0,0,0,0,1,0,0,0
kiclUSSPHRA,30.0,40.0,"/m/012f08,/m/012ndj,/m/07r04,/m/07yv9",0,0,0,0,0,0,1,0
UgUBjkQAOH4,10.0,20.0,"/m/012n7d,/m/012ndj,/m/03j1ly,/m/03kmc9",0,0,0,0,0,0,1,0
deZ90-6sLeQ,0.0,10.0,"/m/03qtwd,/m/053hz1,/t/dd00135",0,1,0,0,0,0,0,0
cGY43JyuzwU,410.0,420.0,"/m/04rlf,/m/053hz1,/m/0g6b5",0,0,0,1,0,0,0,0
XYBccsCebNA,30.0,40.0,/m/04rlf,0,0,0,0,0,0,0,0
cAMMMpuBwc4,370.0,380.0,"/m/015lz1,/m/04rlf,/m/07p6fty,/t/dd00126",0,1,0,0,0,0,0,0
MJyL-OTTT78,50.0,60.0,/m/0463cq4,0,0,1,0,0,0,0,0
db-TSWJBfpY,30.0,40.0,"/m/01y3hg,/m/09x0r,/m/0c3f7m",0,0,0,0,0,0,0,1
Q6ComnveADU,22.0,32.0,/m/04rlf,0,0,0,0,0,0,0,0
iC2ibi38YrU,70.0,80.0,/m/09x0r,0,0,0,0,0,0,0,0
6xbwl8EKYu4,30.0,40.0,/m/09x0r,0,0,0,0,0,0,0,0
aJ6f-3q4cjI,0.0,10.0,"/m/03qc9zr,/m/09x0r",1,0,0,0,0,0,0,0
tcei3DIgaEA,30.0,40.0,"/m/07qz6j3,/m/09x0r,/t/dd00002",0,0,1,0,0,0,0,0
ykNmxgykOgA,170.0,180.0,/m/0c3f7m,0,0,0,0,0,0,0,1
sL_MrAf8UII,20.0,30.0,"/m/014zdl,/m/0g6b5",0,0,0,1,0,0,0,0
GpuwgwtMvfI,160.0,170.0,"/m/02z32qm,/m/032s66,/m/04rlf,/m/09x0r",0,0,0,0,1,0,0,0
OXx6ViO6FGw,10.0,20.0,"/m/018j2,/m/04rlf",0,0,0,0,0,0,0,0
ZILLLpXLniU,29.0,39.0,"/m/03kmc9,/m/07yv9",0,0,0,0,0,0,1,0
FD_AHY-4uaA,80.0,90.0,/m/0c3f7m,0,0,0,0,0,0,0,1
fonSMKsbEzQ,30.0,40.0,/m/04rlf,0,0,0,0,0,0,0,0
3GKXi74m3RY,0.0,8.0,"/m/03qc9zr,/m/09x0r",1,0,0,0,0,0,0,0
web1xSJDhFo,190.0,200.0,/m/03qc9zr,1,0,0,0,0,0,0,0
XJ__fIq1-Oc,80.0,90.0,"/m/0463cq4,/m/09x0r",0,0,1,0,0,0,0,0
q2X9mcMP_l4,220.0,230.0,"/m/03qc9zr,/m/07c52,/m/09x0r",1,0,0,0,0,0,0,0
jQLWbocaw4w,10.0,20.0,"/g/122z_qxw,/m/0g6b5",0,0,0,1,0,0,0,0
Qyb1KltQpg0,60.0,70.0,/m/0463cq4,0,0,1,0,0,0,0,0
vDtWqa8G_ig,220.0,230.0,"/m/09x0r,/t/dd00125",0,0,0,0,0,0,0,0
20qEIZlhruA,30.0,40.0,"/m/03qc9zr,/m/04rlf",1,0,0,0,0,0,0,0
oY2_cf_XtyI,290.0,300.0,/m/04rlf,0,0,0,0,0,0,0,0
l-fPBSfcyDc,60.0,70.0,"/m/032s66,/m/04zjc",0,0,0,0,1,0,0,0
hCkz3267dOY,30.0,40.0,"/m/039jq,/m/04rlf",0,0,0,0,0,1,0,0
xYtFWsC4uBc,170.0,180.0,/m/039jq,0,0,0,0,0,1,0,0
7H5m-slHS8g,30.0,40.0,"/m/03qc9zr,/m/04rlf,/m/09x0r",1,0,0,0,0,0,0,0
1-lijp6qHHs,80.0,90.0,/m/0g6b5,0,0,0,1,0,0,0,0
CXsvj5ROwQk,20.0,30.0,"/m/014zdl,/m/07qqyl4",0,0,0,1,0,0,0,0
uPPUZVEduKg,30.0,40.0,/m/04rlf,0,0,0,0,0,0,0,0
3IWzY2RzjIg,0.0,10.0,"/m/012n7d,/m/03j1ly,/m/03kmc9",0,0,0,0,0,0,1,0
KafMyv5Nc9Q,30.0,40.0,"/m/015lz1,/m/0342h,/m/04rlf,/m/04szw,/m/05rwpb,/m/0fx80y",0,0,0,0,0,0,0,0
_1iMd7ulDn4,10.0,20.0,"/m/030rvx,/m/0c3f7m",0,0,0,0,0,0,0,1
QJDTh3wjfQo,210.0,220.0,"/m/03qc9zr,/m/04rlf,/m/09x0r",1,0,0,0,0,0,0,0
RZIVGgQzUJU,0.0,10.0,"/m/012n7d,/m/02mfyn,/m/03j1ly,/m/03kmc9,/m/04qvtq",0,0,0,0,0,0,1,1
ws8pRHEg5XY,220.0,230.0,"/m/09x0r,/m/0dxrf,/t/dd00125",0,0,0,0,0,0,0,0
TkMZwX6eAGY,220.0,230.0,"/m/04rlf,/m/07p6fty",0,1,0,0,0,0,0,0
IHClckIyW2I,10.0,20.0,/m/039jq,0,0,0,0,0,1,0,0
ssJ5HXc5bbY,50.0,60.0,"/m/04rlf,/m/07p6fty",0,1,0,0,0,0,0,0
aKT0nr0EZS0,120.0,130.0,"/m/03qc9zr,/m/09x0r",1,0,0,0,0,0,0,0
q0uIc0t8WIE,130.0,140.0,"/m/028sqc,/m/04rlf,/m/07p6fty",0,1,0,0,0,0,0,0
_TLzbbay6Hw,0.0,2.0,/m/03qc9zr,1,0,0,0,0,0,0,0
8amhWKQqDB8,10.0,20.0,"/m/032s66,/m/073cg4",0,0,0,0,1,0,0,0
w-0igZRtaCs,0.0,10.0,/m/02mfyn,0,0,0,0,0,0,0,1
8rnCxY5LbL0,20.0,30.0,"/m/09x0r,/m/0g6b5,/t/dd00128",0,0,0,1,0,0,0,0
a33O7ib8yJc,60.0,70.0,"/m/015lz1,/m/04rlf",0,0,0,0,0,0,0,0
9yyTWSpT42U,290.0,300.0,"/m/0342h,/m/042v_gx,/m/04rlf,/m/04szw,/m/0fx80y",0,0,0,0,0,0,0,0
d5-zbLLeb2k,0.0,8.0,"/m/014zdl,/m/04rlf,/m/07qsvvw",0,0,0,1,0,0,0,0
ucr7BT6_O4E,0.0,10.0,"/m/03j1ly,/m/03kmc9,/m/09x0r",0,0,0,0,0,0,1,0
GgTEnuzP6uA,90.0,100.0,"/m/01y3hg,/m/09x0r",0,0,0,0,0,0,0,1
RNzEhD2IC1c,90.0,100.0,"/m/09x0r,/m/0g6b5",0,0,0,1,0,0,0,0
FomPp3d5pac,30.0,40.0,/m/04rlf,0,0,0,0,0,0,0,0
SCSQLIIijR4,30.0,40.0,"/m/02lkt,/m/04rlf,/m/07s72n",0,0,0,0,0,0,0,0
IFtqbBalGyA,20.0,30.0,"/m/07pp_mv,/m/09x0r",0,0,0,0,0,0,0,1
m9mB_Hb_Ti0,30.0,40.0,"/m/09x0r,/t/dd00002",0,0,1,0,0,0,0,0
hU634QbQIpc,0.0,5.0,/m/014zdl,0,0,0,1,0,0,0,0
GhMB_TNxJ2Q,10.0,20.0,"/m/01d380,/m/039jq,/m/09x0r",0,0,0,0,0,1,0,0
wogJ8aGg-vo,30.0,40.0,"/m/09x0r,/m/0g6b5",0,0,0,1,0,0,0,0
8mJv5kMydFE,30.0,40.0,"/m/032s66,/m/04zjc",0,0,0,0,1,0,0,0
vKcbTUw8Tgs,150.0,160.0,"/m/09x0r,/m/0jbk",0,0,0,0,0,0,0,0
JRdSLgo9UEc,0.0,10.0,"/m/015lz1,/m/04rlf,/m/07p6fty,/m/09x0r,/t/dd00126",0,1,0,0,0,0,0,0
90rMUs0NRaY,10.0,20.0,/m/039jq,0,0,0,0,0,1,0,0
SLsFOd-Xv1o,0.0,10.0,/m/0g6b5,0,0,0,1,0,0,0,0
oUb1ugRQ_XY,40.0,50.0,"/m/04rlf,/m/07p6fty,/m/09x0r",0,1,0,0,0,0,0,0
sir8oVHQNLQ,30.0,40.0,/m/09x0r,0,0,0,0,0,0,0,0
n8mETorjo_0,220.0,230.0,"/m/04rlf,/m/07p6fty,/t/dd00127",0,1,0,0,0,0,0,0
dG-cdZmtQv0,10.0,20.0,"/m/039jq,/m/09x0r",0,0,0,0,0,1,0,0
IG-bewfjO7U,0.0,4.0,"/m/012n7d,/m/03j1ly,/m/03kmc9",0,0,0,0,0,0,1,0
tTGfzIOvO5o,30.0,40.0,"/m/04rlf,/m/09x0r",0,0,0,0,0,0,0,0
sZCLcgMOffY,150.0,160.0,"/g/122z_qxw,/m/04rlf,/m/0g6b5",0,0,0,1,0,0,0,0
9vaPgmB2cwY,0.0,10.0,/m/01y3hg,0,0,0,0,0,0,0,1
LAEY1FdokEs,70.0,80.0,"/m/03qc9zr,/m/09x0r,/m/0ytgt",1,0,0,0,0,0,0,0
WYrNaz0pyPY,190.0,200.0,"/m/04rlf,/m/05r6t,/m/07p6fty",0,1,0,0,0,0,0,0
fDAnm3JJilw,30.0,40.0,/m/014zdl,0,0,0,1,0,0,0,0
E6gNCSTeeIY,30.0,40.0,"/m/032s66,/m/04zjc",0,0,0,0,1,0,0,0
qmESqQW545I,170.0,180.0,/m/02mfyn,0,0,0,0,0,0,0,1
4-AFkaGKzvw,30.0,40.0,"/m/04rlf,/m/09x0r",0,0,0,0,0,0,0,0
r9AFGvSPLBE,80.0,90.0,"/m/03j1ly,/m/03kmc9,/m/04qvtq",0,0,0,0,0,0,1,0
QcATf5uBg8M,250.0,260.0,"/m/0g6b5,/t/dd00128",0,0,0,1,0,0,0,0
HBbLHsZIGXA,30.0,40.0,/m/02mfyn,0,0,0,0,0,0,0,1
IzMlGa5qd4Y,180.0,190.0,"/m/04rlf,/m/04szw,/m/05w3f,/m/07p6fty",0,1,0,0,0,0,0,0
L1IOSGnfxXs,30.0,40.0,"/m/032s66,/m/0_1c",0,0,0,0,1,0,0,0
5yjZczkRUXI,70.0,80.0,"/m/04rlf,/m/07p6fty",0,1,0,0,0,0,0,0
ecjy3DDjtSU,80.0,90.0,"/m/04rlf,/m/09x0r",0,0,0,0,0,0,0,0
ONQovW8z5Rs,70.0,80.0,"/m/012ndj,/m/03j1ly,/m/03kmc9",0,0,0,0,0,0,1,0
Xulw1sIR1ws,10.0,20.0,"/m/015lz1,/m/04rlf,/m/07p6fty,/m/09x0r,/t/dd00126",0,1,0,0,0,0,0,0
gYe0_f68VNs,30.0,40.0,/m/09x0r,0,0,0,0,0,0,0,0
HTUXByy6Ezc,0.0,10.0,"/m/0463cq4,/m/09x0r",0,0,1,0,0,0,0,0
TSUYFyBgm8w,20.0,30.0,"/m/07pp_mv,/m/09x0r",0,0,0,0,0,0,0,1
VKAI4piRhjc,90.0,100.0,"/m/039jq,/m/04brg2,/m/07prgkl",0,0,0,0,0,1,0,0
O9QEgAO_BwY,20.0,30.0,"/m/0463cq4,/m/05zppz,/m/07r660_,/m/09x0r",0,0,1,0,0,0,0,0
PWZts14ZwRk,24.0,34.0,"/m/032s66,/m/07qnq_y",0,0,0,0,1,0,0,0
SPbXvQqdkyQ,190.0,200.0,"/m/039jq,/m/04rlf",0,0,0,0,0,1,0,0
fZnVPT3e6l8,40.0,50.0,/m/0463cq4,0,0,1,0,0,0,0,0
0jmacJBxa94,30.0,40.0,/m/09x0r,0,0,0,0,0,0,0,0
V5dQ8orpzdU,60.0,70.0,"/m/09x0r,/t/dd00126",0,0,0,0,0,0,0,0
0qbHT34qTZE,50.0,60.0,"/m/032s66,/m/06q74,/m/09x0r",0,0,0,0,1,0,0,0
G1okenO3XAg,30.0,40.0,/m/04rlf,0,0,0,0,0,0,0,0
-WI2M97e4aE,30.0,40.0,/m/09x0r,0,0,0,0,0,0,0,0
d03ZdivCSKM,30.0,40.0,/t/dd00002,0,0,1,0,0,0,0,0
jskeE2z4MKs,0.0,10.0,/m/0g6b5,0,0,0,1,0,0,0,0
cbvgyIKn8ck,150.0,160.0,/m/032s66,0,0,0,0,1,0,0,0
CDa6Hiu0zjE,180.0,190.0,"/m/03qtwd,/m/04rlf,/m/06by7,/m/07p6fty",0,1,0,0,0,0,0,0
7aEB0w2DNfY,10.0,20.0,"/m/03qtwd,/m/053hz1,/t/dd00135",0,1,0,0,0,0,0,0
5OqotgPe39E,4.0,14.0,"/m/01y3hg,/m/0c3f7m",0,0,0,0,0,0,0,1
5mNISFk9DCI,70.0,80.0,"/m/04rlf,/m/07p6fty,/m/09x0r",0,1,0,0,0,0,0,0
xhYtzUU-Bgw,20.0,30.0,"/m/032s66,/m/04zjc",0,0,0,0,1,0,0,0
4w2VMA2pdYo,150.0,160.0,"/m/014zdl,/m/09x0r",0,0,0,1,0,0,0,0
1nYevjqjZmo,30.0,40.0,"/m/068hy,/m/07qz6j3,/m/0jbk,/t/dd00002",0,0,1,0,0,0,0,0
FiXRLjgLRik,30.0,40.0,"/m/03kmc9,/m/0dgbq",0,0,0,0,0,0,1,0
DzZw_Fj6zCE,10.0,20.0,"/m/04rlf,/m/07p6fty,/m/09x0r,/t/dd00127",0,1,0,0,0,0,0,0
idzZ29ATXAk,150.0,160.0,"/m/09x0r,/m/0c3f7m",0,0,0,0,0,0,0,1
HcKs8qp4wW4,0.0,10.0,"/m/03qc9zr,/m/09x0r,/m/0ytgt",1,0,0,0,0,0,0,0
yyy2GCpeGgA,20.0,30.0,"/m/012ndj,/m/03j1ly,/m/03kmc9,/m/04qvtq",0,0,0,0,0,0,1,0
I2WWGJHMZTA,80.0,90.0,"/g/122z_qxw,/m/0g6b5",0,0,0,1,0,0,0,0
87XD5oFxhP8,30.0,40.0,/m/09x0r,0,0,0,0,0,0,0,0
Nbmc0U5HPl0,170.0,180.0,/m/0c3f7m,0,0,0,0,0,0,0,1
WUjCVw0qqTQ,0.0,10.0,"/m/039jq,/m/09x0r,/t/dd00126",0,0,0,0,0,1,0,0
dGnA22LIyKY,10.0,20.0,"/m/02lkt,/m/04rlf",0,0,0,0,0,0,0,0
GMYYfsSFJaU,4.0,14.0,/t/dd00002,0,0,1,0,0,0,0,0
4OBJqBwXRik,580.0,590.0,"/m/026t6,/m/04rlf,/m/05r5wn,/m/09x0r",0,0,0,0,0,0,0,0
_99WMDjnJGc,10.0,20.0,"/g/122z_qxw,/m/09x0r,/m/0g6b5",0,0,0,1,0,0,0,0
UC7I-baXTIo,250.0,260.0,"/m/07pp_mv,/m/0c3f7m",0,0,0,0,0,0,0,1
2He2w7av5Zc,50.0,60.0,"/g/122z_qxw,/m/0g6b5",0,0,0,1,0,0,0,0
vQC5AdRGnf4,30.0,40.0,"/m/03qtwd,/m/053hz1,/t/dd00135",0,1,0,0,0,0,0,0
tVMFyzLigtg,330.0,340.0,"/m/032s66,/m/09x0r",0,0,0,0,1,0,0,0
GwJvCv0gIhw,30.0,40.0,"/m/07yv9,/m/09x0r",0,0,0,0,0,0,0,0
A1iUp7xgvU4,30.0,40.0,"/m/04rlf,/t/dd00125",0,0,0,0,0,0,0,0
A6ZLSJrrI38,50.0,60.0,"/m/03qtwd,/m/053hz1,/t/dd00135",0,1,0,0,0,0,0,0
frZNAc6jFac,30.0,40.0,/m/04rlf,0,0,0,0,0,0,0,0
M2n_MPfcrHc,30.0,40.0,/m/09x0r,0,0,0,0,0,0,0,0
6ker9KbE_MY,30.0,40.0,"/m/04rlf,/m/09x0r",0,0,0,0,0,0,0,0
wyllXV6PjKo,30.0,40.0,"/m/09x0r,/t/dd00002",0,0,1,0,0,0,0,0
r80nDLFTsKg,30.0,40.0,/m/09x0r,0,0,0,0,0,0,0,0
PEbN2inFrx8,0.0,10.0,/m/039jq,0,0,0,0,0,1,0,0
ycSEFkd13Mo,30.0,40.0,"/m/09x0r,/t/dd00126",0,0,0,0,0,0,0,0
nlHKuORcrsw,30.0,40.0,"/m/04rlf,/m/09x0r",0,0,0,0,0,0,0,0
ENWNe64RqFY,50.0,60.0,"/m/01j3sz,/m/03qc9zr,/m/0ytgt",1,0,0,0,0,0,0,0
mvxwFZy8axo,30.0,40.0,/m/09x0r,0,0,0,0,0,0,0,0
0W1CqVVcV1A,30.0,40.0,"/m/03kmc9,/m/0dgbq",0,0,0,0,0,0,1,0
LaL4j1GujKE,80.0,90.0,"/m/03qtwd,/m/053hz1,/t/dd00135",0,1,0,0,0,0,0,0
I_krJOG_wuI,18.0,28.0,"/m/032s66,/m/0_1c",0,0,0,0,1,0,0,0
5OrdCSY6UU4,220.0,230.0,/m/09x0r,0,0,0,0,0,0,0,0
L5EscAyv4a4,40.0,50.0,"/m/03qtwd,/m/053hz1,/t/dd00135",0,1,0,0,0,0,0,0
6Oq97kzJvpI,90.0,100.0,/m/032s66,0,0,0,0,1,0,0,0
25hQ89QBhgc,10.0,20.0,"/m/04rlf,/m/07p6fty,/m/09x0r",0,1,0,0,0,0,0,0
9fCibkUT_gQ,30.0,40.0,/m/02mfyn,0,0,0,0,0,0,0,1
76ilqsui5Xw,30.0,40.0,"/m/03qc9zr,/m/03qtwd,/m/07qfr4h,/m/09x0r",1,0,0,0,0,0,0,0
dREvII2MzPY,50.0,60.0,"/m/03qtwd,/t/dd00135",0,1,0,0,0,0,0,0
fJGn-KTC5Tk,140.0,150.0,/m/02mfyn,0,0,0,0,0,0,0,1
BemIH-J9Bn8,30.0,40.0,"/m/04rlf,/m/07gxw",0,0,0,0,0,0,0,0
LlRwMxrlpDs,30.0,40.0,"/m/015lz1,/m/04rlf,/m/07p6fty",0,1,0,0,0,0,0,0
gMZKxXpg6hI,30.0,40.0,"/m/04rlf,/m/09x0r,/m/0l14md",0,0,0,0,0,0,0,0
B2rNzjbgbDg,30.0,40.0,"/m/09x0r,/t/dd00002",0,0,1,0,0,0,0,0
nHQOa8UnfVY,120.0,130.0,"/m/09x0r,/m/0g6b5",0,0,0,1,0,0,0,0
_iFhvDF5dZs,180.0,190.0,"/m/015lz1,/m/04rlf,/m/07p6fty,/m/0l14jd",0,1,0,0,0,0,0,0
sb7PA6t6f9Q,80.0,90.0,/m/0c3f7m,0,0,0,0,0,0,0,1
tgOEC9-6fOA,40.0,50.0,"/m/01y3hg,/m/07pp_mv,/m/09x0r,/m/0c3f7m",0,0,0,0,0,0,0,1
RRXbo6dJCik,370.0,380.0,"/m/032s66,/m/09x0r",0,0,0,0,1,0,0,0
4lflH2Jvm8k,30.0,40.0,"/m/012n7d,/m/02mfyn,/m/03j1ly,/m/03kmc9",0,0,0,0,0,0,1,1
GoMH9AL7YRA,50.0,60.0,"/m/012n7d,/m/03j1ly,/m/03kmc9",0,0,0,0,0,0,1,0
jo5dzqc2Nqg,30.0,40.0,/m/09x0r,0,0,0,0,0,0,0,0
lWod9NVyZao,30.0,40.0,/m/09x0r,0,0,0,0,0,0,0,0
FxcxVNJeBb4,100.0,110.0,"/m/014zdl,/m/04zjc",0,0,0,1,0,0,0,0
GhphYXrGjF4,2.0,12.0,/m/014zdl,0,0,0,1,0,0,0,0
ToNWOjJ2I-k,170.0,180.0,/m/032s66,0,0,0,0,1,0,0,0
r3yk5mg_YuI,30.0,40.0,"/m/03qc9zr,/m/04fq5q,/m/09x0r",1,0,0,0,0,0,0,0
KC4myVgbX9g,30.0,40.0,"/m/04rlf,/m/09x0r",0,0,0,0,0,0,0,0
XOMQ8fSy0-U,150.0,160.0,"/m/012n7d,/m/07yv9,/m/0912c9",0,0,0,0,0,0,1,0
C2_YqV9TDis,80.0,90.0,"/g/122z_qxw,/m/0g6b5,/t/dd00128",0,0,0,1,0,0,0,0
6nFri6DMSDA,30.0,40.0,/m/04rlf,0,0,0,0,0,0,0,0
E8vlyF-YnS8,150.0,160.0,"/m/0463cq4,/m/09x0r",0,0,1,0,0,0,0,0
1dkt_HhzWw4,30.0,40.0,/m/09x0r,0,0,0,0,0,0,0,0
p8pK__lKq1s,4.0,14.0,"/m/012ndj,/m/03j1ly,/m/04qvtq",0,0,0,0,0,0,1,0
ZCR9oTbp9q8,0.0,10.0,"/m/012ndj,/m/03j1ly,/m/03kmc9",0,0,0,0,0,0,1,0
r0HAAW32uLQ,40.0,50.0,/m/0g6b5,0,0,0,1,0,0,0,0
fgiY9D36cNU,510.0,520.0,"/m/04rlf,/m/09x0r",0,0,0,0,0,0,0,0
8weZUFLXNnE,20.0,30.0,"/m/012f08,/m/012n7d,/m/03j1ly,/m/04qvtq,/m/07yv9,/m/0k4j",0,0,0,0,0,0,1,0
1OJ3grdpoD0,160.0,170.0,"/m/039jq,/m/04rlf",0,0,0,0,0,1,0,0
RbVV2mYoS-U,30.0,40.0,/t/dd00002,0,0,1,0,0,0,0,0
vhtE4GjnBwU,310.0,320.0,/m/039jq,0,0,0,0,0,1,0,0
oNDa1LNFOT4,0.0,10.0,/m/0g6b5,0,0,0,1,0,0,0,0
PjqnrNeCgR4,190.0,200.0,"/m/012ndj,/m/03j1ly,/m/04rlf,/m/09x0r",0,0,0,0,0,0,1,0
rKH9d4zBm64,30.0,40.0,/m/04rlf,0,0,0,0,0,0,0,0
r8kZLvYFBZI,0.0,9.0,/m/04rlf,0,0,0,0,0,0,0,0
OuMfyndwARQ,20.0,30.0,/m/04rlf,0,0,0,0,0,0,0,0
NqG5krF_Lw4,20.0,30.0,/m/012ndj,0,0,0,0,0,0,1,0
O_ndunVfEmk,50.0,60.0,"/m/09x0r,/t/dd00125",0,0,0,0,0,0,0,0
2z460nEsNww,30.0,40.0,/m/09x0r,0,0,0,0,0,0,0,0
3BA_dthxBW0,0.0,9.0,/m/09x0r,0,0,0,0,0,0,0,0
3kWa1QWv_DQ,80.0,90.0,"/m/09x0r,/t/dd00128",0,0,0,0,0,0,0,0
0zTBKgGKflw,80.0,90.0,/m/03qc9zr,1,0,0,0,0,0,0,0
7V4GSx-SVsM,30.0,40.0,/m/03qc9zr,1,0,0,0,0,0,0,0
P-yFqqsZQJI,520.0,530.0,"/m/04rlf,/m/09x0r,/t/dd00126",0,0,0,0,0,0,0,0
vV6g-jpeaF4,280.0,290.0,"/m/03qtwd,/m/053hz1,/t/dd00135",0,1,0,0,0,0,0,0
4phfGO0ps8M,30.0,40.0,"/m/012ndj,/m/03j1ly,/m/03kmc9,/m/0dgbq",0,0,0,0,0,0,1,0
_P8y50Rl2n8,590.0,600.0,/m/032s66,0,0,0,0,1,0,0,0
6zbkVL8ZxcU,50.0,60.0,/m/07pp_mv,0,0,0,0,0,0,0,1
Pdj6By6C9ns,570.0,580.0,"/m/03kmc9,/m/04rlf,/m/09x0r,/t/dd00126",0,0,0,0,0,0,1,0
0fN3IwDCJiY,30.0,40.0,/m/04rlf,0,0,0,0,0,0,0,0
qb8dYOgk2Mc,40.0,50.0,"/m/07pp_mv,/m/09x0r",0,0,0,0,0,0,0,1
gDIlcSbRblg,220.0,230.0,"/m/07pp_mv,/m/09x0r,/t/dd00125",0,0,0,0,0,0,0,1
0XEXhhOXIP4,30.0,40.0,"/m/04rlf,/m/09x0r",0,0,0,0,0,0,0,0
OB4WkTXGI5U,30.0,40.0,"/m/012ndj,/m/03j1ly,/m/07yv9",0,0,0,0,0,0,1,0
Ia4FSdXJhc8,60.0,70.0,"/m/012n7d,/m/03j1ly,/m/07yv9",0,0,0,0,0,0,1,0
KevxsZ5sYvM,30.0,40.0,/m/04rlf,0,0,0,0,0,0,0,0
yGNzWT1eeEI,10.0,20.0,"/m/04k94,/m/09x0r,/t/dd00129",0,0,0,0,0,0,0,0
jt7nkcAPcbI,120.0,130.0,/m/032s66,0,0,0,0,1,0,0,0
Zn9t_taH6Nk,50.0,60.0,"/m/07pp_mv,/m/09x0r",0,0,0,0,0,0,0,1
cilGKZlmUVo,30.0,40.0,/m/09x0r,0,0,0,0,0,0,0,0
ETxXgrdZYoA,300.0,310.0,"/m/01y3hg,/m/09x0r",0,0,0,0,0,0,0,1
SHVyYjAZZQc,340.0,350.0,"/m/04rlf,/m/07p6fty,/t/dd00126",0,1,0,0,0,0,0,0
XYxlxWLB94s,30.0,40.0,"/m/09x0r,/t/dd00002",0,0,1,0,0,0,0,0
6F22kQKD9B0,190.0,200.0,"/m/09x0r,/m/0g6b5",0,0,0,1,0,0,0,0
cRYrXVe9obQ,30.0,40.0,"/m/09x0r,/m/0g6b5",0,0,0,1,0,0,0,0
YPQA5pvITQU,18.0,28.0,/t/dd00002,0,0,1,0,0,0,0,0
IYcT9PEqo8Y,150.0,160.0,"/m/0463cq4,/m/09x0r,/m/0ytgt",0,0,1,0,0,0,0,0
cBYAkkaX8G4,20.0,30.0,"/m/012ndj,/m/03j1ly,/m/03kmc9",0,0,0,0,0,0,1,0
9OG4aGUwb-Q,30.0,40.0,/m/04rlf,0,0,0,0,0,0,0,0
RdsrfG328ko,30.0,40.0,"/m/07qz6j3,/m/09x0r,/t/dd00002",0,0,1,0,0,0,0,0
ON9r6OVFnQk,19.0,29.0,/m/09x0r,0,0,0,0,0,0,0,0
f1AfG4IdwOU,40.0,50.0,"/m/014zdl,/m/04rlf,/m/09x0r",0,0,0,1,0,0,0,0
3kwBUHMDe74,350.0,360.0,"/m/04rlf,/m/04szw,/m/0dwsp",0,0,0,0,0,0,0,0
lSD9L59VtYQ,240.0,250.0,"/m/04rlf,/m/07p6fty,/m/09x0r",0,1,0,0,0,0,0,0
CjptxmccUBk,30.0,40.0,"/m/03qc9zr,/m/09x0r",1,0,0,0,0,0,0,0
pR2PPZgWZ2c,50.0,60.0,"/m/09x0r,/t/dd00127",0,0,0,0,0,0,0,0
Oloub-M4bxs,130.0,140.0,"/m/03qtwd,/m/053hz1,/t/dd00135",0,1,0,0,0,0,0,0
lwoPGrxRv6M,90.0,100.0,"/m/032s66,/m/04zjc",0,0,0,0,1,0,0,0
rD76aPmeMRU,30.0,40.0,/m/03kmc9,0,0,0,0,0,0,1,0
4Flvkm6cCD0,0.0,10.0,"/m/0463cq4,/m/09x0r",0,0,1,0,0,0,0,0
2Hdp21scrUs,130.0,140.0,"/m/0463cq4,/m/09x0r",0,0,1,0,0,0,0,0
ANaFMth8V1E,30.0,40.0,"/m/04rlf,/m/09x0r",0,0,0,0,0,0,0,0
1SH9tlYpmQ0,30.0,40.0,"/m/04rlf,/m/09x0r",0,0,0,0,0,0,0,0
xRjvfwd0WJo,310.0,320.0,"/m/015lz1,/m/04rlf,/m/07p6fty,/t/dd00127",0,1,0,0,0,0,0,0
t-B9H3FoVOY,130.0,140.0,"/m/04rlf,/m/09x0r,/m/0g6b5",0,0,0,1,0,0,0,0
Hu18136at0Y,30.0,40.0,"/m/03qc9zr,/m/03qtwd,/m/053hz1",1,0,0,0,0,0,0,0
33lZ4wURs4U,10.0,20.0,/m/032s66,0,0,0,0,1,0,0,0
rXdVqLmqFOk,30.0,40.0,"/m/04rlf,/m/07qz6j3,/m/09x0r,/t/dd00002",0,0,1,0,0,0,0,0
xOePx9S0k14,40.0,50.0,"/m/039jq,/m/09x0r,/m/0ytgt",0,0,0,0,0,1,0,0
9rVmT_jQlkM,80.0,90.0,"/m/04rlf,/m/0g6b5",0,0,0,1,0,0,0,0
ATAF6Wp31ZE,70.0,80.0,"/m/039jq,/m/04rlf,/m/09x0r",0,0,0,0,0,1,0,0
LRLE_cg2000,0.0,10.0,"/m/04rlf,/m/09x0r",0,0,0,0,0,0,0,0
NF2HCvevKEk,30.0,40.0,"/m/012f08,/m/04qvtq,/m/07rknqz,/m/07yv9,/m/0k4j",0,0,0,0,0,0,1,0
vjRXaPdQtFo,70.0,80.0,"/m/039jq,/m/04rlf,/m/09x0r",0,0,0,0,0,1,0,0
OlnxJT-cfaA,30.0,40.0,"/m/09x0r,/t/dd00128",0,0,0,0,0,0,0,0
DL7btjkkXxQ,30.0,40.0,"/m/04rlf,/t/dd00134",0,0,0,0,0,0,0,0
KalHMXWsxsI,30.0,40.0,/m/04rlf,0,0,0,0,0,0,0,0
iCN5QGn09hY,30.0,40.0,"/m/07yv9,/m/09x0r,/m/0k4j",0,0,0,0,0,0,0,0
qRaJRpPOIE4,30.0,40.0,"/m/030rvx,/m/09x0r,/m/0c3f7m",0,0,0,0,0,0,0,1
mM-G43Vc2IE,0.0,10.0,/m/04rlf,0,0,0,0,0,0,0,0
9XPWjBMZFMk,0.0,10.0,"/m/04rlf,/m/0dwtp",0,0,0,0,0,0,0,0
LbdOEmxmkc8,20.0,30.0,"/m/04rlf,/m/09x0r",0,0,0,0,0,0,0,0
Tgbh2PEfT5E,30.0,40.0,/m/04rlf,0,0,0,0,0,0,0,0
swzCAxFJaWo,120.0,130.0,"/m/04rlf,/m/07p6fty,/m/09x0r,/t/dd00126",0,1,0,0,0,0,0,0
H80PZXPSbls,80.0,90.0,"/m/04rlf,/m/0c3f7m",0,0,0,0,0,0,0,1
GdMvayXPFQ8,190.0,200.0,"/m/032s66,/m/073cg4",0,0,0,0,1,0,0,0
z9qJf079wtw,90.0,100.0,"/m/09x0r,/m/0g6b5",0,0,0,1,0,0,0,0
FwjZ2_87y1k,22.0,32.0,"/m/03qc9zr,/m/04rlf,/m/09x0r",1,0,0,0,0,0,0,0
ZUB1wFpwTPU,0.0,10.0,"/m/03qtwd,/t/dd00135",0,1,0,0,0,0,0,0
32X3Dig2JDA,30.0,40.0,"/m/04rlf,/m/07p6fty",0,1,0,0,0,0,0,0
Kf1p_jk43Es,10.0,20.0,"/m/0463cq4,/m/09x0r",0,0,1,0,0,0,0,0
mgTLhaaInz4,30.0,40.0,"/m/03kmc9,/m/0dgbq",0,0,0,0,0,0,1,0
4EIXMuBMwwE,10.0,20.0,"/m/039jq,/m/04k94,/m/09x0r",0,0,0,0,0,1,0,0
fnsidpnrE3E,30.0,40.0,/m/09x0r,0,0,0,0,0,0,0,0
pu4hly4Xxns,270.0,280.0,"/m/039jq,/m/04rlf",0,0,0,0,0,1,0,0
BJ5RL_H7NKs,0.0,10.0,"/m/07pp_mv,/t/dd00125",0,0,0,0,0,0,0,1
JQ4KasWuIKA,30.0,40.0,/m/09x0r,0,0,0,0,0,0,0,0
t4N1fHobm60,90.0,100.0,"/m/015lz1,/m/04rlf,/m/064t9,/m/07p6fty,/m/09x0r",0,1,0,0,0,0,0,0
05lFALsXhEE,50.0,60.0,"/m/039jq,/m/04rlf",0,0,0,0,0,1,0,0
7DpCellB_UQ,10.0,20.0,/m/032s66,0,0,0,0,1,0,0,0
rdiG8QsP0-k,10.0,20.0,/m/0463cq4,0,0,1,0,0,0,0,0
WjKKKmpIk7w,30.0,40.0,"/m/039jq,/m/09x0r",0,0,0,0,0,1,0,0
uIDntF43DYw,50.0,60.0,/m/0463cq4,0,0,1,0,0,0,0,0
LIwMMfb6U44,110.0,120.0,"/m/046dlr,/m/07pp_mv,/m/09x0r",0,0,0,0,0,0,0,1
sRg9a_SU_hA,40.0,50.0,"/m/04rlf,/m/07pp_mv",0,0,0,0,0,0,0,1
DpZ9qWclEqA,0.0,10.0,"/m/03qtwd,/m/053hz1,/t/dd00135",0,1,0,0,0,0,0,0
c4MKXXC6m3U,10.0,20.0,"/m/0463cq4,/m/09x0r",0,0,1,0,0,0,0,0
r4q3FphtXW8,320.0,330.0,"/m/03_d0,/m/04rlf,/m/04szw,/m/07y_7",0,0,0,0,0,0,0,0
8dB0fmt-CzY,20.0,30.0,/m/09x0r,0,0,0,0,0,0,0,0
KDPfMLfcldI,14.0,24.0,/m/09x0r,0,0,0,0,0,0,0,0
ROMETPVinAw,80.0,90.0,"/m/04rlf,/m/07p6fty,/m/09x0r",0,1,0,0,0,0,0,0
LAaQT3KqqUg,0.0,10.0,"/m/04rlf,/m/07pp_mv,/m/09x0r",0,0,0,0,0,0,0,1
F3g0iqtKMR0,30.0,40.0,/m/09x0r,0,0,0,0,0,0,0,0
Gj5QFxOPgtU,0.0,10.0,"/m/03qc9zr,/m/09x0r,/m/0ytgt",1,0,0,0,0,0,0,0
4yvS6NRKn_o,450.0,460.0,/m/032s66,0,0,0,0,1,0,0,0
WWdVMv8L0fU,12.0,22.0,"/m/01y3hg,/m/04rlf",0,0,0,0,0,0,0,1
JaObCCh61qM,30.0,40.0,/m/04rlf,0,0,0,0,0,0,0,0
FZWkpxpXNYk,60.0,70.0,"/m/015lz1,/m/04rlf,/m/064t9,/m/07sbbz2",0,0,0,0,0,0,0,0
SyEVBFw_9oE,120.0,130.0,"/m/03qc9zr,/m/04rlf,/m/09x0r",1,0,0,0,0,0,0,0
1lekVu44f4k,30.0,40.0,"/m/03qc9zr,/m/09x0r,/t/dd00125",1,0,0,0,0,0,0,0
c8G1vM00mBQ,60.0,70.0,"/m/07pp_mv,/m/09x0r",0,0,0,0,0,0,0,1
AIShpc0pfCI,30.0,40.0,"/m/015p6,/m/09ddx,/m/09x0r",0,0,0,0,0,0,0,0
m3ydEZASMEE,0.0,10.0,"/m/03kmc9,/m/04qvtq",0,0,0,0,0,0,1,0
xFdJpwYjlfQ,30.0,40.0,/m/09x0r,0,0,0,0,0,0,0,0
Ko3f8F12V6E,30.0,40.0,/m/04rlf,0,0,0,0,0,0,0,0
NUMlnHiN3-A,30.0,40.0,/m/09x0r,0,0,0,0,0,0,0,0
a8xmnFBAJis,370.0,380.0,"/m/039jq,/m/09x0r",0,0,0,0,0,1,0,0
e7i3GXL0iuU,140.0,150.0,"/m/03qc9zr,/m/09x0r,/m/0ytgt",1,0,0,0,0,0,0,0
yY9pUWpPGUM,80.0,90.0,"/m/04rlf,/m/07p6fty,/t/dd00127",0,1,0,0,0,0,0,0
If9UIiOmUA0,22.0,32.0,/m/04rlf,0,0,0,0,0,0,0,0
rOPzARRwEyE,0.0,10.0,"/m/0g6b5,/t/dd00128",0,0,0,1,0,0,0,0
1s63ThvDLbE,270.0,280.0,/m/09x0r,0,0,0,0,0,0,0,0
CXessCTuPSk,30.0,40.0,/m/09x0r,0,0,0,0,0,0,0,0
MezRKK2YFwA,410.0,420.0,/m/04qvtq,0,0,0,0,0,0,1,0
3nI2O-9TH68,23.0,33.0,"/m/09x0r,/m/0g6b5,/t/dd00128",0,0,0,1,0,0,0,0
bxoZGtU0560,12.0,22.0,"/m/04rlf,/m/0g6b5",0,0,0,1,0,0,0,0
T1fneP0dLgY,190.0,200.0,"/m/026z9,/m/04rlf,/m/06j6l",0,0,0,0,0,0,0,0
pyYie8f43Ss,30.0,40.0,"/m/04rlf,/m/07xzm,/m/09x0r,/t/dd00129",0,0,0,0,0,0,0,0
Oua3gItYCG0,530.0,540.0,"/m/0192l,/m/0g6b5",0,0,0,1,0,0,0,0
DeeyaDOkPuE,0.0,3.0,"/m/032s66,/m/04zjc",0,0,0,0,1,0,0,0
qlmH24KNPrs,440.0,450.0,/m/09x0r,0,0,0,0,0,0,0,0
fIAIt9hAMhE,60.0,70.0,"/m/03qtwd,/m/053hz1,/t/dd00135",0,1,0,0,0,0,0,0
TnrbW_DAf1w,0.0,10.0,"/m/07p6fty,/m/09x0r",0,1,0,0,0,0,0,0
CNURVtAOhRE,30.0,40.0,"/m/032s66,/m/0_1c",0,0,0,0,1,0,0,0
7rSqBYlBBgo,530.0,540.0,/m/03kmc9,0,0,0,0,0,0,1,0
HZlKKLKqiS4,0.0,10.0,"/m/04rlf,/m/07p6fty,/m/07q4ntr,/m/07sr1lc,/m/09x0r",0,1,0,0,0,0,0,0
0mv6SzMEVtI,30.0,40.0,/m/09x0r,0,0,0,0,0,0,0,0
NIRmyTdD6b0,70.0,80.0,"/m/032s66,/m/04zjc",0,0,0,0,1,0,0,0
solXLLuH3Wo,170.0,180.0,"/m/04rlf,/m/07p6fty,/m/09x0r,/t/dd00126",0,1,0,0,0,0,0,0
E-feggmHDZs,30.0,40.0,/m/03kmc9,0,0,0,0,0,0,1,0
wCRDauy-_JE,20.0,30.0,/m/032s66,0,0,0,0,1,0,0,0
4KUbhQGc-Ks,12.0,22.0,"/m/014zdl,/m/09x0r",0,0,0,1,0,0,0,0
-Q627jiB2R8,70.0,80.0,"/m/04rlf,/m/0g6b5",0,0,0,1,0,0,0,0
i13woB5tvQE,30.0,40.0,/t/dd00002,0,0,1,0,0,0,0,0
Q_VruXoh13c,250.0,260.0,/m/04rlf,0,0,0,0,0,0,0,0
DfcH5Ymj_WA,30.0,40.0,"/m/07pp_mv,/m/09x0r",0,0,0,0,0,0,0,1
CjuS8Hj9FPA,0.0,10.0,"/m/03qtwd,/t/dd00135",0,1,0,0,0,0,0,0
ZkIS-r4AH3U,30.0,40.0,"/m/012n7d,/m/03j1ly,/m/03kmc9,/m/04qvtq",0,0,0,0,0,0,1,0
g_ABu6XxXpM,30.0,40.0,"/m/09x0r,/t/dd00129",0,0,0,0,0,0,0,0
OPjfXPzXKXs,29.0,39.0,/t/dd00002,0,0,1,0,0,0,0,0
6SLhV4zZRKs,30.0,40.0,/m/09x0r,0,0,0,0,0,0,0,0
Pd8UButlFq4,160.0,170.0,"/m/07p6fty,/m/09x0r",0,1,0,0,0,0,0,0
50xBQGhYt2k,170.0,180.0,/m/012ndj,0,0,0,0,0,0,1,0
Wuq5FcmVtCM,30.0,40.0,"/m/04rlf,/m/09x0r",0,0,0,0,0,0,0,0
GeUo3Zy_aNw,7.0,17.0,"/m/01jnbd,/m/0g6b5",0,0,0,1,0,0,0,0
7Z_wzu2RuEc,21.0,31.0,"/m/03j1ly,/m/03kmc9,/m/04qvtq",0,0,0,0,0,0,1,0
1nBDoDcPBj8,50.0,60.0,"/m/02mfyn,/m/03j1ly,/m/03kmc9,/m/04qvtq",0,0,0,0,0,0,1,1
LKSj4IfKgBA,30.0,40.0,/m/09x0r,0,0,0,0,0,0,0,0
HRoafkFWRWw,230.0,240.0,/m/039jq,0,0,0,0,0,1,0,0
EypaJsNZ0GQ,100.0,110.0,"/m/015lz1,/m/04rlf,/m/07p6fty,/t/dd00126",0,1,0,0,0,0,0,0
yMiOxqkM26o,28.0,38.0,"/m/012n7d,/m/03j1ly,/m/03kmc9",0,0,0,0,0,0,1,0
ZlRvRyE9oFw,10.0,20.0,"/m/07p6fty,/t/dd00128",0,1,0,0,0,0,0,0
agQyTbK8uHo,0.0,7.0,"/m/019jd,/m/07yv9,/m/09x0r",0,0,0,0,0,0,0,0
-Ctr9bkgYpE,20.0,30.0,"/m/04rlf,/m/053hz1,/m/07p6fty",0,1,0,0,0,0,0,0
N1kgY9YAMQA,10.0,20.0,/m/0c3f7m,0,0,0,0,0,0,0,1
vhpC-L57eLU,140.0,150.0,"/m/039jq,/m/04rlf",0,0,0,0,0,1,0,0
dd_W7L3kEJg,7.0,17.0,/m/02mfyn,0,0,0,0,0,0,0,1
X25-TNDbmRI,30.0,40.0,"/m/03qc9zr,/m/09x0r,/t/dd00002",1,0,1,0,0,0,0,0
0Rev5bBS49U,30.0,40.0,/m/04rlf,0,0,0,0,0,0,0,0
cA1PvOn66pc,30.0,40.0,"/m/09x0r,/t/dd00125",0,0,0,0,0,0,0,0
h8sxpN9eIaw,4.0,14.0,"/m/04qvtq,/m/07rknqz,/m/07yv9,/m/0k4j,/t/dd00134",0,0,0,0,0,0,1,0
jCvTycNubqU,0.0,10.0,"/m/03qc9zr,/m/09x0r,/m/0ytgt",1,0,0,0,0,0,0,0
7iBZcwSaR_4,190.0,200.0,"/m/039jq,/m/0838f,/m/09x0r",0,0,0,0,0,1,0,0
Ui-1VroxUbA,50.0,60.0,"/m/03qc9zr,/m/04rlf",1,0,0,0,0,0,0,0
aLINHianGc4,50.0,60.0,"/m/046dlr,/m/068hy,/m/07pp_mv,/m/0bt9lr,/m/0jbk",0,0,0,0,0,0,0,1
NIRWqt5OX5M,10.0,20.0,"/m/04rlf,/m/07p6fty,/m/09x0r",0,1,0,0,0,0,0,0
AN_LxHvCk8s,16.0,26.0,"/m/04qvtq,/m/07yv9",0,0,0,0,0,0,1,0
FALiMMqJF-I,30.0,40.0,/m/04rlf,0,0,0,0,0,0,0,0
GW5hD_GEfr0,30.0,40.0,/m/09x0r,0,0,0,0,0,0,0,0
uVrxc_0JpiM,0.0,10.0,"/m/015lz1,/m/04rlf,/m/07p6fty,/t/dd00126",0,1,0,0,0,0,0,0
kiDbnhmBKx4,120.0,130.0,"/m/0463cq4,/m/09x0r,/m/0ytgt",0,0,1,0,0,0,0,0
PaDWH0IKZeU,30.0,40.0,"/m/032s66,/m/04zjc,/m/0_1c",0,0,0,0,1,0,0,0
347LaZ3P4tI,70.0,80.0,"/m/04rlf,/m/07p6fty",0,1,0,0,0,0,0,0
oH8-Nburofw,30.0,40.0,"/m/09t49,/m/09x0r",0,0,0,0,0,0,0,0
A2E305C0uFo,0.0,8.0,/m/02mfyn,0,0,0,0,0,0,0,1
UAo8w_offDE,9.0,19.0,/m/014zdl,0,0,0,1,0,0,0,0
--Y7iaDD3is,30.0,40.0,/m/04rlf,0,0,0,0,0,0,0,0
EYYSkd1Dox8,30.0,40.0,/m/039jq,0,0,0,0,0,1,0,0
P7STEHrT7U8,190.0,200.0,"/m/04rlf,/m/07p6fty,/m/07rwj3x,/t/dd00126",0,1,0,0,0,0,0,0
wwWMqxv5bpM,30.0,40.0,"/m/012n7d,/m/02mfyn,/m/03j1ly,/m/03kmc9",0,0,0,0,0,0,1,1
SFKCQ_feNAI,30.0,40.0,"/m/0463cq4,/m/07qz6j3,/m/09x0r,/t/dd00002",0,0,1,0,0,0,0,0
-nQ9wdUTE08,30.0,40.0,"/m/018vs,/m/02sgy,/m/0342h,/m/04rlf,/m/04szw,/m/07s0s5r,/m/0fx80y",0,0,0,0,0,0,0,0
qmszmc4VJaw,30.0,40.0,"/m/01lyv,/m/04rlf,/m/0gg8l",0,0,0,0,0,0,0,0
NLBGyNPHnys,30.0,40.0,/m/09x0r,0,0,0,0,0,0,0,0
nFjox5eBjxw,150.0,160.0,/m/0463cq4,0,0,1,0,0,0,0,0
j_Kpe9a6Crw,30.0,40.0,/m/09x0r,0,0,0,0,0,0,0,0
MaxOwb_Wyo8,30.0,40.0,"/m/01y3hg,/m/0c3f7m",0,0,0,0,0,0,0,1
CIjlgp4vYPE,70.0,80.0,"/m/03qtwd,/m/04rlf,/m/06by7,/m/07p6fty,/m/07sbbz2",0,1,0,0,0,0,0,0
LyzHDf7wjKo,21.0,31.0,"/m/03j1ly,/m/03kmc9,/m/07yv9",0,0,0,0,0,0,1,0
7oMLX-4ACek,10.0,20.0,"/m/0463cq4,/m/09x0r",0,0,1,0,0,0,0,0
Q_L0_VeJYg8,80.0,90.0,/m/032s66,0,0,0,0,1,0,0,0
9cMOLxEN1qM,130.0,140.0,"/m/03qc9zr,/m/09x0r",1,0,0,0,0,0,0,0
pEw2kPp9a8Y,30.0,40.0,"/m/09x0r,/t/dd00002",0,0,1,0,0,0,0,0
IGodT4D5cq8,30.0,40.0,/m/014zdl,0,0,0,1,0,0,0,0
FoK7Au4s1DM,30.0,40.0,"/m/03j1ly,/m/03kmc9,/m/09x0r",0,0,0,0,0,0,1,0
m7IxqiTLVfY,30.0,40.0,/m/039jq,0,0,0,0,0,1,0,0
6BwASiY-tzU,21.0,31.0,/t/dd00002,0,0,1,0,0,0,0,0
HnZeehFVgUI,40.0,50.0,"/m/039jq,/m/04rlf,/m/09x0r",0,0,0,0,0,1,0,0
bt4Ds4pAIfg,40.0,50.0,"/m/039jq,/m/09x0r",0,0,0,0,0,1,0,0
LhW31GjoQ2k,240.0,250.0,"/m/039jq,/m/09x0r",0,0,0,0,0,1,0,0
WLGfSlV7P-A,30.0,40.0,/m/012ndj,0,0,0,0,0,0,1,0
9IX16s12uiU,20.0,30.0,/m/0463cq4,0,0,1,0,0,0,0,0
dwsaxnpXjkE,30.0,40.0,/m/04rlf,0,0,0,0,0,0,0,0
k5BH4oAEENU,50.0,60.0,"/m/04rlf,/m/06_fw,/t/dd00128",0,0,0,0,0,0,0,0
5Fh1JoGipC4,0.0,10.0,"/m/030rvx,/m/0c3f7m",0,0,0,0,0,0,0,1
S0qhPDI6ctM,10.0,20.0,"/m/032s66,/m/04zjc",0,0,0,0,1,0,0,0
ILj73BIl_Jk,30.0,40.0,"/m/03kmc9,/m/0dgbq",0,0,0,0,0,0,1,0
R--t2C90txY,40.0,50.0,"/m/039jq,/m/09x0r",0,0,0,0,0,1,0,0
_Jx3xy10SZA,30.0,40.0,/t/dd00002,0,0,1,0,0,0,0,0
G-qG9GjttSI,30.0,40.0,/m/04rlf,0,0,0,0,0,0,0,0
pgzmqD2GGsM,220.0,230.0,/m/0c3f7m,0,0,0,0,0,0,0,1
qgG-a0UG9no,50.0,60.0,"/m/07pp_mv,/m/09x0r",0,0,0,0,0,0,0,1
XnADwIQO-VY,100.0,110.0,/m/01y3hg,0,0,0,0,0,0,0,1
Jt0Inwk7ZfQ,30.0,40.0,"/m/09x0r,/t/dd00002",0,0,1,0,0,0,0,0
Zql7YYm4QZw,10.0,20.0,/m/0g6b5,0,0,0,1,0,0,0,0
8nn9_3rjlcE,30.0,40.0,"/m/030rvx,/m/0c3f7m",0,0,0,0,0,0,0,1
OOYaQU7CjO0,30.0,40.0,"/m/01s0ps,/m/04rlf,/m/09x0r",0,0,0,0,0,0,0,0
MC6y7_RIT7c,30.0,40.0,/m/09x0r,0,0,0,0,0,0,0,0
4ZDm-kEKg3Y,30.0,40.0,"/m/0463cq4,/t/dd00125",0,0,1,0,0,0,0,0
AdW3WsQy7QY,170.0,180.0,"/m/02fs_r,/m/0c3f7m",0,0,0,0,0,0,0,1
1QNbRoEiAh0,30.0,40.0,"/m/04rlf,/m/09x0r",0,0,0,0,0,0,0,0
bZZkgBAcnSs,20.0,30.0,"/m/09x0r,/m/0g6b5",0,0,0,1,0,0,0,0
iHkznEIVo_8,10.0,20.0,"/m/03j1ly,/m/03kmc9",0,0,0,0,0,0,1,0
oOtmhxTzJmA,30.0,40.0,"/m/039jq,/m/09x0r",0,0,0,0,0,1,0,0
BJ-QduG8VQM,50.0,60.0,"/m/03qc9zr,/m/09x0r",1,0,0,0,0,0,0,0
EMXrlGpxiow,90.0,100.0,"/m/03qtwd,/t/dd00135",0,1,0,0,0,0,0,0
PQpPbt4FcUw,40.0,50.0,"/m/068zj,/m/09x0r,/m/0jbk",0,0,0,0,0,0,0,0
4nQog3-_BOY,90.0,100.0,/m/0g6b5,0,0,0,1,0,0,0,0
WYffSArCLLM,70.0,80.0,"/m/01y3hg,/m/04rlf,/m/09x0r",0,0,0,0,0,0,0,1
uzTAbWXgaEA,0.0,8.0,"/m/07qmpdm,/m/09x0r",0,0,0,0,0,0,0,0
NIpAMT2Ufq8,290.0,300.0,"/m/0342h,/m/04rlf,/m/04szw,/m/0fx80y",0,0,0,0,0,0,0,0
CPnuAaFBaoE,0.0,10.0,/m/032s66,0,0,0,0,1,0,0,0
7E37qP5NKZM,30.0,40.0,/m/0g6b5,0,0,0,1,0,0,0,0
Id4eMIZ6gak,16.0,26.0,"/m/09x0r,/t/dd00002",0,0,1,0,0,0,0,0
W4o8uvptaHM,40.0,50.0,"/m/04rlf,/m/07p6fty,/t/dd00127",0,1,0,0,0,0,0,0
Yylkpyt0YS4,9.0,19.0,"/m/014zdl,/m/09x0r",0,0,0,1,0,0,0,0
zydfHwzSgTo,40.0,50.0,/m/04qvtq,0,0,0,0,0,0,1,0
PupuLSs4NsU,30.0,40.0,/m/04rlf,0,0,0,0,0,0,0,0
I5MljjKhsV0,30.0,40.0,"/m/030rvx,/m/0c3f7m",0,0,0,0,0,0,0,1
bPFTzIkebgE,10.0,20.0,"/m/039jq,/m/04k94,/m/07prgkl,/m/0838f",0,0,0,0,0,1,0,0
VXnHav1KTos,230.0,240.0,"/m/039jq,/m/09x0r,/t/dd00125",0,0,0,0,0,1,0,0
NiTfJ4jKDjE,90.0,100.0,"/m/01xqw,/m/02qmj0d,/m/04rlf,/m/04szw,/m/05pd6,/m/0ggq0m",0,0,0,0,0,0,0,0
dGUnQ0KdW6U,20.0,30.0,/m/039jq,0,0,0,0,0,1,0,0
yzVLZCDUJ0U,170.0,180.0,/m/032s66,0,0,0,0,1,0,0,0
1BiLf7D92eU,8.0,18.0,/m/09x0r,0,0,0,0,0,0,0,0
v2MbLTmF3r0,220.0,230.0,"/m/04qvtq,/m/04rlf,/m/09x0r",0,0,0,0,0,0,1,0
tsbnhAli1eA,0.0,10.0,/m/02mfyn,0,0,0,0,0,0,0,1
9368u9rzjBw,170.0,180.0,"/m/04rlf,/m/07p6fty,/m/09x0r",0,1,0,0,0,0,0,0
ERx4CXw73XE,0.0,10.0,"/m/03qc9zr,/m/04rlf,/m/09x0r",1,0,0,0,0,0,0,0
NlywStbVdEc,30.0,40.0,"/m/09x0r,/t/dd00002",0,0,1,0,0,0,0,0
zQ5T-ISL05U,90.0,100.0,"/m/03qtwd,/m/053hz1,/t/dd00135",0,1,0,0,0,0,0,0
1MMh5GpXplE,30.0,40.0,/t/dd00002,0,0,1,0,0,0,0,0
q1BtNm5GkHA,10.0,20.0,"/m/039jq,/m/04rlf",0,0,0,0,0,1,0,0
TPtUUz3Q1l8,30.0,40.0,"/m/04rlf,/m/09x0r",0,0,0,0,0,0,0,0
xwYOj8zC2YM,20.0,30.0,"/m/03qtwd,/m/053hz1,/t/dd00135",0,1,0,0,0,0,0,0
glbb7bENrOM,60.0,70.0,"/m/0463cq4,/m/04rlf,/m/09x0r",0,0,1,0,0,0,0,0
RAECQOIm61k,210.0,220.0,"/m/09x0r,/t/dd00127",0,0,0,0,0,0,0,0
1eVDPQ3m5EE,190.0,200.0,"/m/02z32qm,/m/032s66",0,0,0,0,1,0,0,0
6MDfch8GpFs,30.0,40.0,"/m/0140xf,/m/04rlf",0,0,0,0,0,0,0,0
HaIQWATIkZo,20.0,30.0,/m/03qc9zr,1,0,0,0,0,0,0,0
LT97NQYjD-o,30.0,40.0,"/m/04rlf,/m/09x0r",0,0,0,0,0,0,0,0
GUCwzgziakE,420.0,430.0,"/m/02fs_r,/m/07pp_mv",0,0,0,0,0,0,0,1
xoNnUSpKY4o,24.0,34.0,"/m/09x0r,/t/dd00002",0,0,1,0,0,0,0,0
FVnYbYOd5cc,30.0,40.0,"/m/04qvtq,/m/04rlf,/m/07yv9,/m/0k4j,/m/0ltv",0,0,0,0,0,0,1,0
4SU_iYmxzj4,110.0,120.0,"/m/0145m,/m/04rlf",0,0,0,0,0,0,0,0
k_7uOL3vuUY,160.0,170.0,"/m/01lyv,/m/04rlf,/m/07p6fty",0,1,0,0,0,0,0,0
7rrbdIKw-TY,80.0,90.0,"/m/03qtwd,/m/053hz1,/t/dd00135",0,1,0,0,0,0,0,0
dUh9-r7XYy0,230.0,240.0,"/m/02hnl,/m/03qtq,/m/04rlf,/m/04szw,/m/09x0r",0,0,0,0,0,0,0,0
G1bogWhbmzk,30.0,40.0,"/m/06bz3,/m/09x0r",0,0,0,0,0,0,0,0
Npgh5zQtpBE,0.0,10.0,/m/03kmc9,0,0,0,0,0,0,1,0
rVdrWW5sq9c,160.0,170.0,"/m/04rlf,/m/0g6b5",0,0,0,1,0,0,0,0
mpNHgChd5II,80.0,90.0,"/m/03qtwd,/t/dd00135",0,1,0,0,0,0,0,0
9vi0HqrSZok,20.0,30.0,"/m/015lz1,/m/0463cq4,/m/09x0r",0,0,1,0,0,0,0,0
D6thZbNv148,13.0,23.0,"/m/03qc9zr,/m/04rlf,/m/0jbk",1,0,0,0,0,0,0,0
uYqPNp3eTqA,10.0,20.0,/m/032s66,0,0,0,0,1,0,0,0
76JcSjcVyEo,30.0,40.0,"/m/04rlf,/m/04szw",0,0,0,0,0,0,0,0
a6x-RPqK3Lk,20.0,30.0,"/m/09x0r,/t/dd00002",0,0,1,0,0,0,0,0
iY3JtI0UoJs,0.0,10.0,"/m/02rr_,/m/0342h,/m/03qtq,/m/04rlf,/m/04szw,/m/0fx80y",0,0,0,0,0,0,0,0
nwR2ybiGbAE,140.0,150.0,"/m/04rlf,/m/09x0r",0,0,0,0,0,0,0,0
tf3keFlEWzI,30.0,40.0,/m/032s66,0,0,0,0,1,0,0,0
4muQtHIUKyU,170.0,180.0,/m/03qc9zr,1,0,0,0,0,0,0,0
sqK5yl_FF2g,120.0,130.0,/m/0c3f7m,0,0,0,0,0,0,0,1
JN0sM9Hl16c,30.0,40.0,/m/09x0r,0,0,0,0,0,0,0,0
BIK1Ds79KVM,120.0,130.0,/m/0c3f7m,0,0,0,0,0,0,0,1
139USgy9Nio,210.0,220.0,"/m/015lz1,/m/04rlf,/m/07p6fty",0,1,0,0,0,0,0,0
uu6AD3ucgGM,17.0,27.0,/m/0g6b5,0,0,0,1,0,0,0,0
HENNy41BwOM,120.0,130.0,"/m/015lz1,/m/04rlf,/m/07p6fty",0,1,0,0,0,0,0,0
O7YDdyKsfys,30.0,40.0,"/m/04rlf,/m/07p6fty,/t/dd00127",0,1,0,0,0,0,0,0
2nLPkozoJoQ,60.0,70.0,"/m/01j3sz,/m/03qc9zr,/m/04rlf",1,0,0,0,0,0,0,0
9CB2L_1xSD0,140.0,150.0,/m/09x0r,0,0,0,0,0,0,0,0
Qnhx8pLWMkw,30.0,40.0,/t/dd00002,0,0,1,0,0,0,0,0
lWQKitl_Wv4,0.0,10.0,"/m/07qz6j3,/m/09x0r,/t/dd00002",0,0,1,0,0,0,0,0
NZae0YlilRk,30.0,40.0,/m/014zdl,0,0,0,1,0,0,0,0
CLXHRNdqvGk,30.0,40.0,"/m/032s66,/m/0_1c",0,0,0,0,1,0,0,0
-0qf72mzI8c,30.0,40.0,/m/04rlf,0,0,0,0,0,0,0,0
z3r8cv4xrN4,70.0,80.0,/m/0g6b5,0,0,0,1,0,0,0,0
zY5DN4MOv7Q,10.0,20.0,"/m/015lz1,/m/03lty,/m/03qc9zr,/m/04rlf,/t/dd00126",1,0,0,0,0,0,0,0
McO8NC7XB0E,18.0,28.0,"/m/014zdl,/m/07qsvvw,/m/09x0r",0,0,0,1,0,0,0,0
FSFyNaHyU2o,490.0,500.0,"/m/032s66,/m/073cg4",0,0,0,0,1,0,0,0
blR1cP_wEHQ,70.0,80.0,/m/0g6b5,0,0,0,1,0,0,0,0
YQ-h5iniWVQ,90.0,100.0,"/m/032s66,/m/073cg4",0,0,0,0,1,0,0,0
eB5NGVTRShY,110.0,120.0,"/m/032s66,/m/04zjc",0,0,0,0,1,0,0,0
DyAzcTOQd0s,30.0,40.0,/m/09x0r,0,0,0,0,0,0,0,0
2kTGJk0iT8U,360.0,370.0,"/m/02lkt,/m/04rlf,/m/07gxw",0,0,0,0,0,0,0,0
sJmYNqsAXuE,30.0,40.0,/m/0g6b5,0,0,0,1,0,0,0,0
la3_XJ3TzBI,70.0,80.0,"/g/122z_qxw,/m/0g6b5",0,0,0,1,0,0,0,0
R1JOJSCNXiU,0.0,10.0,"/m/04rlf,/m/07p6fty",0,1,0,0,0,0,0,0
I8nozy5advw,0.0,7.0,"/m/0463cq4,/t/dd00002",0,0,1,0,0,0,0,0
K_RPo0CkDI4,40.0,50.0,/m/03qc9zr,1,0,0,0,0,0,0,0
wPcjM8TcZTo,30.0,40.0,/m/04rlf,0,0,0,0,0,0,0,0
2EVWWafRWwY,30.0,40.0,"/m/03qc9zr,/m/03qtwd,/m/04rlf,/m/0l15bq",1,0,0,0,0,0,0,0
ph0qqVPLK0U,30.0,40.0,"/m/03kmc9,/m/0dgbq",0,0,0,0,0,0,1,0
3lelqfv9JFc,30.0,40.0,"/m/07c52,/m/09x0r",0,0,0,0,0,0,0,0
8H4Pc9ufSpw,30.0,40.0,"/m/03qc9zr,/m/09x0r",1,0,0,0,0,0,0,0
UDeuGL0J6d0,520.0,530.0,"/m/03qc9zr,/m/09x0r,/m/0ytgt",1,0,0,0,0,0,0,0
2QZSUAQMHqk,30.0,40.0,/m/032s66,0,0,0,0,1,0,0,0
BHTdFsw3DEs,30.0,40.0,"/m/012n7d,/m/03j1ly,/m/03kmc9",0,0,0,0,0,0,1,0
TYap6JmqBZ8,10.0,20.0,"/m/039jq,/m/09x0r,/m/0ytgt",0,0,0,0,0,1,0,0
31HEJG3FnE0,11.0,21.0,"/m/04rlf,/m/09x0r",0,0,0,0,0,0,0,0
8XHW7cS8wss,30.0,40.0,"/m/04rlf,/t/dd00002,/t/dd00004",0,0,1,0,0,0,0,0
SZcQ6AGd9YY,160.0,170.0,"/m/03qtwd,/m/053hz1,/t/dd00135",0,1,0,0,0,0,0,0
dJTcWEdD7fg,0.0,6.0,"/m/014zdl,/m/04rlf,/m/07qsvvw",0,0,0,1,0,0,0,0
pyRjNd1dUsU,80.0,90.0,"/m/02z32qm,/m/032s66",0,0,0,0,1,0,0,0
Fu_g_43IqLQ,30.0,40.0,/m/04rlf,0,0,0,0,0,0,0,0
krHGwgAbeYs,210.0,220.0,/m/03qc9zr,1,0,0,0,0,0,0,0
g1TYyNyPPMY,7.0,17.0,"/m/012n7d,/m/03j1ly,/m/03kmc9",0,0,0,0,0,0,1,0
Y4o8R37lsOs,30.0,40.0,/m/0c3f7m,0,0,0,0,0,0,0,1
YPA1UbSYeQ8,30.0,40.0,"/m/09x0r,/t/dd00002",0,0,1,0,0,0,0,0
SAQnmv5TtNA,10.0,20.0,/m/039jq,0,0,0,0,0,1,0,0
ajAiFCfUWI8,100.0,110.0,"/m/07pp_mv,/m/09x0r",0,0,0,0,0,0,0,1
E8BGgE_1vUA,20.0,30.0,"/m/0463cq4,/m/07s04w4,/m/09x0r",0,0,1,0,0,0,0,0
gWMWteRIgiw,40.0,50.0,"/m/012n7d,/m/03j1ly,/m/03kmc9",0,0,0,0,0,0,1,0
rDV7sUcxkc8,10.0,20.0,/m/09x0r,0,0,0,0,0,0,0,0
JYcXB-HMW5A,0.0,7.0,"/m/014zdl,/m/07qsvvw",0,0,0,1,0,0,0,0
owQ40TwXpPU,50.0,60.0,"/m/0145m,/m/0164x2,/m/03qtwd,/m/04rlf",0,0,0,0,0,0,0,0
QtF8-oJrxAo,50.0,60.0,/m/039jq,0,0,0,0,0,1,0,0
AzKh6Z_TzfM,410.0,420.0,"/m/03qc9zr,/m/07r660_,/m/09x0r,/t/dd00126",1,0,0,0,0,0,0,0
-vG9OMJhz58,30.0,40.0,/m/039jq,0,0,0,0,0,1,0,0
6Q9a3JnuDaA,220.0,230.0,"/m/06bz3,/m/07pp_mv,/m/09x0r,/m/0c3f7m",0,0,0,0,0,0,0,1
MTpWWobKFAg,14.0,24.0,"/m/014zdl,/m/04rlf,/m/07pxg6y,/m/07qsvvw",0,0,0,1,0,0,0,0
UyKTWjb4jZ0,20.0,30.0,"/m/03qc9zr,/m/09x0r,/m/0ytgt",1,0,0,0,0,0,0,0
gqvl7BVJhzA,20.0,30.0,"/m/012n7d,/m/03j1ly,/m/03kmc9,/m/04qvtq",0,0,0,0,0,0,1,0
bGaG9aXbq2k,30.0,40.0,/m/04rlf,0,0,0,0,0,0,0,0
y2FS1-s7tdI,30.0,40.0,"/m/0463cq4,/m/04rlf,/m/09x0r,/t/dd00002",0,0,1,0,0,0,0,0
FM4hIwD_ruY,60.0,70.0,"/m/04rlf,/m/07p6fty,/m/09x0r,/t/dd00127",0,1,0,0,0,0,0,0
hBq7Bdexp-M,180.0,190.0,"/m/014zdl,/m/032s66,/m/04zjc",0,0,0,1,1,0,0,0
QOKylcK8tDs,40.0,50.0,"/m/05zppz,/m/068hy,/m/09x0r,/m/0bt9lr,/m/0jbk",0,0,0,0,0,0,0,0
pl1eD9hbWw4,50.0,60.0,/m/09x0r,0,0,0,0,0,0,0,0
Cq1WP89BKlA,30.0,40.0,"/m/09x0r,/t/dd00002",0,0,1,0,0,0,0,0
FrLWKvGlo4Y,110.0,120.0,"/m/04rlf,/m/07p6fty",0,1,0,0,0,0,0,0
lOiFehXjng8,30.0,40.0,"/m/03qc9zr,/m/09x0r",1,0,0,0,0,0,0,0
gQGDvL8TxSo,0.0,10.0,"/m/046dlr,/m/07pp_mv",0,0,0,0,0,0,0,1
8Fbnz4MnDmY,30.0,40.0,/m/04rlf,0,0,0,0,0,0,0,0
g_ooq4WhytE,100.0,110.0,"/m/01y3hg,/m/09x0r",0,0,0,0,0,0,0,1
XW1WkG6ADtQ,30.0,40.0,"/m/012n7d,/m/03j1ly,/m/03kmc9,/m/04qvtq",0,0,0,0,0,0,1,0
bYx7b2Qm4hc,380.0,390.0,/m/09x0r,0,0,0,0,0,0,0,0
tOGuwwFJKEo,50.0,60.0,"/m/032s66,/m/04zjc",0,0,0,0,1,0,0,0
mS6TDPW2yb8,230.0,240.0,"/m/03qtwd,/m/04gy_2,/t/dd00135",0,1,0,0,0,0,0,0
zWpQGtWcdm0,230.0,240.0,"/m/03qtwd,/m/053hz1,/t/dd00135",0,1,0,0,0,0,0,0
KJFzVe7weEo,30.0,40.0,"/m/012ndj,/m/03j1ly,/m/07r04,/m/07yv9",0,0,0,0,0,0,1,0
QJLd2-cngCg,30.0,40.0,"/m/0463cq4,/m/09x0r",0,0,1,0,0,0,0,0
NCto3N2D0aY,10.0,20.0,/m/012n7d,0,0,0,0,0,0,1,0
8bxx5e-Kw2E,30.0,40.0,/t/dd00002,0,0,1,0,0,0,0,0
1RP4SKwBl-E,30.0,40.0,/m/04rlf,0,0,0,0,0,0,0,0
HkCyAQjGcfw,30.0,40.0,"/m/014zdl,/m/07qsvvw",0,0,0,1,0,0,0,0
vXCg3Blav9E,10.0,20.0,"/m/032s66,/m/09x0r",0,0,0,0,1,0,0,0
c8TshSJjLfU,330.0,340.0,/m/09x0r,0,0,0,0,0,0,0,0
xKzhMEzPaT4,0.0,10.0,/m/03qc9zr,1,0,0,0,0,0,0,0
y_ffDQjGh7Y,30.0,40.0,"/m/03kmc9,/m/0dgbq",0,0,0,0,0,0,1,0
qdfqCZglbL8,20.0,30.0,"/m/09x0r,/m/0g6b5",0,0,0,1,0,0,0,0
1ehH96yvEPc,0.0,10.0,/m/0463cq4,0,0,1,0,0,0,0,0
9kWv5fQ6cvE,0.0,10.0,"/m/04rlf,/m/07p6fty,/m/09x0r",0,1,0,0,0,0,0,0
IlTlOQGb94E,20.0,30.0,"/m/03qtwd,/m/053hz1,/t/dd00135",0,1,0,0,0,0,0,0
hbzS-DuGx-A,530.0,540.0,"/m/09x0r,/m/0c3f7m",0,0,0,0,0,0,0,1
6YKG0IK1b0Y,50.0,60.0,"/m/039jq,/m/04rlf",0,0,0,0,0,1,0,0
7jk_2ZFlEG8,30.0,40.0,"/m/09x0r,/t/dd00002",0,0,1,0,0,0,0,0
7CCSK57YN4k,30.0,40.0,/m/04rlf,0,0,0,0,0,0,0,0
MhXIoExCqVw,20.0,30.0,/m/07pp_mv,0,0,0,0,0,0,0,1
LLOMcCjtge0,30.0,40.0,/m/09x0r,0,0,0,0,0,0,0,0
rLGbbzijskY,60.0,70.0,"/m/015lz1,/m/03qtwd,/m/04rlf,/m/064t9,/m/07p6fty",0,1,0,0,0,0,0,0
vtZxKq8Lr_A,30.0,40.0,/m/09x0r,0,0,0,0,0,0,0,0
xkFQIuXxP4c,40.0,50.0,"/m/03qc9zr,/m/09x0r",1,0,0,0,0,0,0,0
LBWNwe5UQ7M,30.0,40.0,/m/03kmc9,0,0,0,0,0,0,1,0
nW6ITMs8RNY,0.0,3.0,"/m/032s66,/m/0_1c",0,0,0,0,1,0,0,0
1koqIX6Qcn4,0.0,9.0,"/m/03qc9zr,/m/04rlf",1,0,0,0,0,0,0,0
aGCAeIY2RFw,0.0,6.0,"/m/02mfyn,/m/07yv9",0,0,0,0,0,0,0,1
FcyzPrdfFAU,80.0,90.0,"/m/09x0r,/m/0c3f7m",0,0,0,0,0,0,0,1
bJmJ3uQSJk8,230.0,240.0,"/m/04rlf,/m/07p6fty",0,1,0,0,0,0,0,0
6E-0qYBxdu4,30.0,40.0,"/m/02qldy,/m/05zppz,/m/09x0r",0,0,0,0,0,0,0,0
DCUHItUpCXc,30.0,40.0,"/m/02lkt,/m/04rlf,/m/07s72n",0,0,0,0,0,0,0,0
G440qU8yOkE,30.0,40.0,"/m/014zdl,/m/09x0r",0,0,0,1,0,0,0,0
Q9Kuu3ifuks,20.0,30.0,"/m/09x0r,/m/0g6b5",0,0,0,1,0,0,0,0
WtXoy0zuaR0,90.0,100.0,"/m/03qc9zr,/m/09x0r",1,0,0,0,0,0,0,0
y0KGQ-dB8I8,30.0,40.0,/m/09x0r,0,0,0,0,0,0,0,0
Jb0bGfuSoVc,30.0,40.0,"/m/04rlf,/m/04szw,/m/07y_7",0,0,0,0,0,0,0,0
OInsvs9YTqc,30.0,40.0,/m/04rlf,0,0,0,0,0,0,0,0
60Sd7BQNUbg,30.0,40.0,"/m/018vs,/m/02sgy,/m/0342h,/m/04rlf,/m/04szw,/m/0fx80y",0,0,0,0,0,0,0,0
fG4Y92moOhg,40.0,50.0,"/m/012ndj,/m/07yv9,/m/0912c9",0,0,0,0,0,0,1,0
crsgiPp6RZ0,160.0,170.0,/m/0c3f7m,0,0,0,0,0,0,0,1
Er9uj_rsAfc,15.0,25.0,/t/dd00002,0,0,1,0,0,0,0,0
brLRkWYI3qo,40.0,50.0,"/m/04rlf,/m/07p6fty",0,1,0,0,0,0,0,0
AFmv3qVzfHM,20.0,30.0,"/m/014zdl,/m/04rlf",0,0,0,1,0,0,0,0
Q7ToaY7XeuQ,16.0,26.0,"/m/014zdl,/m/04rlf",0,0,0,1,0,0,0,0
XUIizI20wDI,380.0,390.0,/m/0c3f7m,0,0,0,0,0,0,0,1
NOPfN1xFzMY,470.0,480.0,"/m/04rlf,/m/07p6fty,/m/09x0r,/t/dd00128",0,1,0,0,0,0,0,0
UaMTbCxy76s,190.0,200.0,"/m/015lz1,/m/04rlf,/m/07p6fty,/t/dd00126",0,1,0,0,0,0,0,0
xk0NaPp8pr0,300.0,310.0,"/m/039jq,/m/09x0r",0,0,0,0,0,1,0,0
EnOCn0fjK6U,30.0,40.0,/m/09x0r,0,0,0,0,0,0,0,0
XYo7s6oTWj8,0.0,10.0,"/m/03qc9zr,/m/04rlf",1,0,0,0,0,0,0,0
33pEHpYf_bs,0.0,7.0,"/m/014zdl,/m/07qsvvw",0,0,0,1,0,0,0,0
7xGRXztdPTM,340.0,350.0,"/m/039jq,/m/04rlf",0,0,0,0,0,1,0,0
IkYfhJidYAQ,50.0,60.0,"/m/04rlf,/m/06cqb",0,0,0,0,0,0,0,0
YzgIuEHEtaA,10.0,20.0,"/m/03j1ly,/m/03kmc9,/m/04qvtq",0,0,0,0,0,0,1,0
5hRr39OVOds,17.0,27.0,"/m/03j1ly,/m/03kmc9,/m/04qvtq",0,0,0,0,0,0,1,0
0yZGysisqY0,12.0,22.0,"/m/014zdl,/m/04rlf",0,0,0,1,0,0,0,0
2fbqHXWx_3I,12.0,22.0,"/m/014zdl,/m/07pxg6y",0,0,0,1,0,0,0,0
KiTYgDxFVh4,100.0,110.0,"/m/039jq,/m/09x0r",0,0,0,0,0,1,0,0
v-IXwrP_LSk,30.0,40.0,"/m/04rlf,/m/09x0r",0,0,0,0,0,0,0,0
1KPsGRiYfdM,30.0,40.0,"/m/04rlf,/m/09x0r",0,0,0,0,0,0,0,0
2axILun-OBM,30.0,40.0,/m/09x0r,0,0,0,0,0,0,0,0
1FVru-IRbKc,50.0,60.0,"/g/122z_qxw,/m/09x0r,/m/0g6b5",0,0,0,1,0,0,0,0
rbxXo1Wrq9w,150.0,160.0,"/m/09x0r,/t/dd00125",0,0,0,0,0,0,0,0
U8ukFvErE4k,20.0,30.0,"/m/09x0r,/m/0c3f7m",0,0,0,0,0,0,0,1
4oya-Jtj2Kk,9.0,19.0,/m/07pp_mv,0,0,0,0,0,0,0,1
ltwnMaBY1OE,30.0,40.0,"/m/03qc9zr,/m/09x0r",1,0,0,0,0,0,0,0
5V17SO2nr3Y,30.0,40.0,"/m/02lkt,/m/04rlf,/m/07gxw",0,0,0,0,0,0,0,0
N0b_fbb4QHg,510.0,520.0,"/m/039jq,/m/09x0r",0,0,0,0,0,1,0,0
qtgHr2DGnm4,300.0,310.0,"/m/04rlf,/m/09x0r",0,0,0,0,0,0,0,0
qHZyFBJKDr0,0.0,10.0,"/m/0463cq4,/m/09x0r,/t/dd00125",0,0,1,0,0,0,0,0
-y7t2Xg_xFw,30.0,40.0,"/m/0342h,/m/04rlf,/m/04szw,/m/07s0s5r,/m/0fx80y",0,0,0,0,0,0,0,0
EcW3HmeQzAQ,80.0,90.0,"/m/0463cq4,/m/09x0r",0,0,1,0,0,0,0,0
V9ToaPOmyK8,30.0,40.0,"/m/012ndj,/m/03j1ly,/m/07r04,/m/07yv9",0,0,0,0,0,0,1,0
TzUEHOkphfI,6.0,16.0,"/m/09x0r,/m/0g6b5,/t/dd00128",0,0,0,1,0,0,0,0
6eTbJvhaySk,10.0,20.0,"/m/039jq,/m/04k94,/m/0838f",0,0,0,0,0,1,0,0
dkY8HMBfz8I,17.0,27.0,/m/09x0r,0,0,0,0,0,0,0,0
jfLXzjhAVrA,0.0,10.0,/m/014zdl,0,0,0,1,0,0,0,0
8QjKOorIoY8,100.0,110.0,"/m/04rlf,/m/07p6fty",0,1,0,0,0,0,0,0
nGNIGiYOrZo,30.0,40.0,"/m/0g6b5,/t/dd00128",0,0,0,1,0,0,0,0
aCTxA_O_g8I,140.0,150.0,/m/0c3f7m,0,0,0,0,0,0,0,1
39Yzm5M-h5I,170.0,180.0,"/m/015lz1,/m/04rlf,/m/0l14jd,/t/dd00126",0,0,0,0,0,0,0,0
PYNlr_zXQ3U,30.0,40.0,"/m/07p6mqd,/m/0838f,/m/09x0r",0,0,0,0,0,0,0,0
_xRpsu02t9o,55.0,65.0,/m/03qc9zr,1,0,0,0,0,0,0,0
QDGnB6tufyQ,80.0,90.0,"/m/03qc9zr,/m/09x0r",1,0,0,0,0,0,0,0
a8TfMzAAvo8,80.0,90.0,"/m/04rlf,/m/07qqyl4,/m/09x0r,/m/0g6b5",0,0,0,1,0,0,0,0
V7IM5ELcf-c,30.0,40.0,"/m/012ndj,/m/03j1ly,/m/07r04,/m/07yv9,/m/0gvgw0,/t/dd00067",0,0,0,0,0,0,1,0
Wb7BuHcuafI,110.0,120.0,"/m/04rlf,/m/07p6fty,/m/09x0r,/t/dd00126",0,1,0,0,0,0,0,0
B-_xBMKv_h0,30.0,40.0,"/m/03qc9zr,/m/04rlf,/m/06bxc",1,0,0,0,0,0,0,0
VIWymwz2kcw,40.0,50.0,"/m/03qc9zr,/m/09x0r",1,0,0,0,0,0,0,0
LiW_6yCxgJc,30.0,40.0,/m/032s66,0,0,0,0,1,0,0,0
sjTeovxetGk,30.0,40.0,/m/03kmc9,0,0,0,0,0,0,1,0
Av2XxYMZXH8,0.0,6.0,/m/02mfyn,0,0,0,0,0,0,0,1
1KD0P2R1EN4,10.0,20.0,"/m/012f08,/m/012n7d,/m/03j1ly,/m/07yv9,/m/0k4j",0,0,0,0,0,0,1,0
a2IQJNa_rCc,11.0,21.0,"/m/032s66,/m/0_1c",0,0,0,0,1,0,0,0
cCLtbpDlMIg,20.0,30.0,"/m/09x0r,/t/dd00002",0,0,1,0,0,0,0,0
d_LQg44-8Nc,10.0,20.0,"/m/02_41,/m/09x0r,/m/0g6b5",0,0,0,1,0,0,0,0
7FdKM6CFopA,21.0,31.0,"/m/04rlf,/m/09x0r",0,0,0,0,0,0,0,0
DMMWeO9J_-k,200.0,210.0,"/m/02qldy,/m/039jq,/m/09x0r",0,0,0,0,0,1,0,0
JX3RHT3EqXU,420.0,430.0,"/m/02_41,/m/0g6b5",0,0,0,1,0,0,0,0
RzRqOLqUBbk,30.0,40.0,"/m/039jq,/m/04rlf",0,0,0,0,0,1,0,0
D10HmlFG_vk,90.0,100.0,/m/032s66,0,0,0,0,1,0,0,0
-v_eFkQiviE,60.0,70.0,/m/032s66,0,0,0,0,1,0,0,0
4Svg1BRlNH0,70.0,80.0,"/m/01d3sd,/m/05zppz,/m/09x0r",0,0,0,0,0,0,0,0
XVVCdxCz-_E,130.0,140.0,/m/032s66,0,0,0,0,1,0,0,0
QXPD9MSycRM,20.0,30.0,"/m/0463cq4,/m/09x0r",0,0,1,0,0,0,0,0
6bcm6K3a2P4,30.0,40.0,"/m/04rlf,/m/09x0r",0,0,0,0,0,0,0,0
kxZp6B9U2SQ,200.0,210.0,/m/0g6b5,0,0,0,1,0,0,0,0
ygdZqrQFy9Y,270.0,280.0,"/m/015lz1,/m/04rlf,/m/07p6fty",0,1,0,0,0,0,0,0
k9NHwYzPgRk,30.0,40.0,/m/09x0r,0,0,0,0,0,0,0,0
BtwvdgECX10,0.0,10.0,"/m/03qtwd,/m/053hz1,/t/dd00135",0,1,0,0,0,0,0,0
1CN4Qwumak0,30.0,40.0,/m/04rlf,0,0,0,0,0,0,0,0
P-Ts_wykg1U,50.0,60.0,"/m/012f08,/m/012n7d,/m/07r04,/m/07yv9,/m/0btp2",0,0,0,0,0,0,1,0
YVzOeK4ZOOo,10.0,20.0,"/m/09x0r,/t/dd00125",0,0,0,0,0,0,0,0
DvVu-1xGSDg,10.0,20.0,"/m/03qtwd,/m/04rlf,/m/07p6fty",0,1,0,0,0,0,0,0
6D103bpY_nE,30.0,40.0,/m/09x0r,0,0,0,0,0,0,0,0
bBxk8bVS7To,70.0,80.0,"/m/04rlf,/m/07p6fty,/t/dd00126",0,1,0,0,0,0,0,0
vYmCo2cY5n4,50.0,60.0,"/m/07p6fty,/m/09x0r",0,1,0,0,0,0,0,0
W3H34VrVAQs,160.0,170.0,"/m/039jq,/m/04brg2,/m/09x0r",0,0,0,0,0,1,0,0
g_nlTZOHX20,10.0,20.0,"/m/03qtwd,/m/053hz1,/t/dd00135",0,1,0,0,0,0,0,0
ph_I1HvdG3c,440.0,450.0,"/m/0463cq4,/m/09x0r",0,0,1,0,0,0,0,0
W8CYLyET6U4,150.0,160.0,/m/032s66,0,0,0,0,1,0,0,0
2pBojYcYbgo,180.0,190.0,/m/09x0r,0,0,0,0,0,0,0,0
e4wSf2mkCLw,230.0,240.0,"/m/0463cq4,/m/09x0r",0,0,1,0,0,0,0,0
LxiLb7lgMlc,30.0,40.0,/m/09x0r,0,0,0,0,0,0,0,0
dvbRVDXzz2A,280.0,290.0,"/m/025td0t,/m/04rlf",0,0,0,0,0,0,0,0
EPdGgonUpK4,30.0,40.0,"/m/04rlf,/m/05rwpb",0,0,0,0,0,0,0,0
fo5D5zd1W-o,20.0,30.0,"/m/03qc9zr,/m/04rlf",1,0,0,0,0,0,0,0
cJuWEvjeVX0,120.0,130.0,"/m/04rlf,/m/04szw,/m/05148p4,/m/05r5c",0,0,0,0,0,0,0,0
7p9s6se0C5I,310.0,320.0,"/m/04rlf,/m/06bxc,/m/0glt670",0,0,0,0,0,0,0,0
PVOjZUNmuZM,40.0,50.0,/m/032s66,0,0,0,0,1,0,0,0
3vBlkIU23OA,21.0,31.0,"/m/04rlf,/m/09x0r,/m/0k4j",0,0,0,0,0,0,0,0
BuRJqwcsA54,30.0,40.0,/m/0463cq4,0,0,1,0,0,0,0,0
ejwuAN3tF8E,30.0,40.0,"/m/032s66,/m/04zjc",0,0,0,0,1,0,0,0
hBefVykN8_M,50.0,60.0,"/m/03qc9zr,/m/04rlf,/m/09x0r",1,0,0,0,0,0,0,0
AB_6chO1uD0,50.0,60.0,"/m/03qc9zr,/m/09x0r",1,0,0,0,0,0,0,0
u2AaeUx5cMw,30.0,40.0,"/m/03qtwd,/m/053hz1,/t/dd00135",0,1,0,0,0,0,0,0
p7duYp4JFSk,30.0,40.0,"/m/04rlf,/m/09x0r",0,0,0,0,0,0,0,0
gGEMLjm8FNI,10.0,20.0,/m/0c3f7m,0,0,0,0,0,0,0,1
BhcU3_GfYX0,30.0,40.0,"/m/04rlf,/m/05lls,/m/09x0r",0,0,0,0,0,0,0,0
56zWNCGDOcU,180.0,190.0,"/m/09x0r,/m/0d31p",0,0,0,0,0,0,0,0
t88TGVze-TU,50.0,60.0,"/m/02w4v,/m/04rlf,/m/07p6fty",0,1,0,0,0,0,0,0
sYAkiuKYQ2M,110.0,120.0,"/m/068hy,/m/068zj,/m/09x0r,/m/0jbk",0,0,0,0,0,0,0,0
0it5UUo0_vM,0.0,10.0,"/m/03qtwd,/m/04rlf,/m/05w3f,/m/07p6fty",0,1,0,0,0,0,0,0
wlOetZWtPuc,120.0,130.0,/m/032s66,0,0,0,0,1,0,0,0
ewz4Gkr6kn0,1.0,11.0,"/m/09x0r,/m/0g6b5,/t/dd00128",0,0,0,1,0,0,0,0
18X8cOvlF68,60.0,70.0,/m/07pp_mv,0,0,0,0,0,0,0,1
hASznN1G-JI,60.0,70.0,/m/032s66,0,0,0,0,1,0,0,0
8YI0dt-GKPY,22.0,32.0,"/m/09x0r,/m/0c3f7m",0,0,0,0,0,0,0,1
SpXYDDVdoX8,50.0,60.0,"/m/039jq,/m/04rlf,/m/09x0r",0,0,0,0,0,1,0,0
oxCTrfe5bKM,290.0,300.0,"/m/032s66,/m/09x0r",0,0,0,0,1,0,0,0
FY856CPOU9I,0.0,10.0,"/m/012n7d,/m/03j1ly,/m/03kmc9,/m/07yv9,/m/0k4j",0,0,0,0,0,0,1,0
eqRSt9sAd9A,30.0,40.0,/m/039jq,0,0,0,0,0,1,0,0
q-uDx5kstxw,8.0,18.0,/m/03kmc9,0,0,0,0,0,0,1,0
SJrnbMTgKg0,30.0,40.0,/m/01y3hg,0,0,0,0,0,0,0,1
wVuDU2ZIflE,410.0,420.0,"/m/09x0r,/m/0c3f7m",0,0,0,0,0,0,0,1
9aoLlAc64hQ,60.0,70.0,"/m/07p6fty,/m/09x0r",0,1,0,0,0,0,0,0
MK8982w30HY,30.0,40.0,"/m/03j1ly,/m/03kmc9,/m/04qvtq",0,0,0,0,0,0,1,0
1mdEDejt8lg,40.0,50.0,"/m/09x0r,/t/dd00129",0,0,0,0,0,0,0,0
7cnnn-aPugU,30.0,40.0,"/m/032s66,/m/04zjc",0,0,0,0,1,0,0,0
wXWj2b7xiKA,21.0,31.0,/t/dd00002,0,0,1,0,0,0,0,0
xUgLiDjzNKs,30.0,40.0,"/m/03kmc9,/t/dd00125",0,0,0,0,0,0,1,0
DDk0tFufnDY,0.0,10.0,"/m/032s66,/m/04zjc",0,0,0,0,1,0,0,0
AF4GDa53zVc,10.0,20.0,"/m/032s66,/m/04zjc",0,0,0,0,1,0,0,0
nU5T2T4CY4E,460.0,470.0,/m/032s66,0,0,0,0,1,0,0,0
gZFqUG8xReg,30.0,40.0,/m/04rlf,0,0,0,0,0,0,0,0
VYwl1ln-LK0,30.0,40.0,"/m/03kmc9,/m/068hy,/m/09x0r,/m/0jbk",0,0,0,0,0,0,1,0
v_m3hZZnmeU,400.0,410.0,"/m/032s66,/m/04zjc",0,0,0,0,1,0,0,0
HaCX_sXm1gU,13.0,23.0,"/m/04rlf,/m/09x0r",0,0,0,0,0,0,0,0
PJlbp9RVBGg,0.0,10.0,/m/032s66,0,0,0,0,1,0,0,0
LxTCnwU7lo0,40.0,50.0,"/m/09x0r,/m/0g6b5",0,0,0,1,0,0,0,0
4o5SFoSJAF4,30.0,40.0,/m/09x0r,0,0,0,0,0,0,0,0
7Gtx7ooeows,20.0,30.0,"/m/03qc9zr,/m/09x0r",1,0,0,0,0,0,0,0
OlG0EiRy-hc,20.0,30.0,"/m/07pp_mv,/m/09x0r",0,0,0,0,0,0,0,1
cKgOmFHiovw,250.0,260.0,"/m/015lz1,/m/04rlf,/m/07p6fty,/t/dd00127",0,1,0,0,0,0,0,0
Bu5NIpY0oYI,30.0,40.0,/m/03kmc9,0,0,0,0,0,0,1,0
R1OOzVE5_rQ,10.0,20.0,"/m/03kmc9,/m/04qvtq",0,0,0,0,0,0,1,0
E6ZHdCJSg2Q,50.0,60.0,"/m/09x0r,/t/dd00125",0,0,0,0,0,0,0,0
9IsIgWOC6mI,400.0,410.0,/m/0g6b5,0,0,0,1,0,0,0,0
zWPwtay0dxM,30.0,40.0,/m/02mfyn,0,0,0,0,0,0,0,1
WzJ5LirEdb8,10.0,20.0,"/m/012ndj,/m/03j1ly,/m/07r04,/m/07yv9",0,0,0,0,0,0,1,0
ft6MH3dUVx0,360.0,370.0,/m/03qc9zr,1,0,0,0,0,0,0,0
R9Bio9M2Cv4,170.0,180.0,"/m/04rlf,/m/07p6fty",0,1,0,0,0,0,0,0
Sj69cFf24bA,30.0,40.0,"/m/014zdl,/m/07qsvvw",0,0,0,1,0,0,0,0
XSKO1t7zBEw,8.0,18.0,"/m/06h7j,/m/09x0r,/t/dd00128",0,0,0,0,0,0,0,0
7V_UiXpHdBg,10.0,20.0,/m/0g6b5,0,0,0,1,0,0,0,0
sfO3MwrzbZ8,2.0,12.0,"/m/09x0r,/t/dd00002",0,0,1,0,0,0,0,0
56TrS2D2Of0,30.0,40.0,/m/09x0r,0,0,0,0,0,0,0,0
ijtqXEDGh5M,30.0,40.0,"/m/0463cq4,/m/09x0r",0,0,1,0,0,0,0,0
gQL9srhIfy0,450.0,460.0,"/m/039jq,/m/09x0r",0,0,0,0,0,1,0,0
KSXtFDQNjqc,360.0,370.0,"/m/07rgt08,/m/09x0r,/t/dd00126",0,0,0,0,0,0,0,0
ygAoDKnuXRU,90.0,100.0,/m/03qc9zr,1,0,0,0,0,0,0,0
XZwr8HmxgtE,0.0,10.0,"/m/039jq,/m/04rlf,/m/07rjzl8",0,0,0,0,0,1,0,0
6JQWq2RpAlY,190.0,200.0,"/m/015vgc,/m/01p970,/m/04rlf,/m/0ggq0m",0,0,0,0,0,0,0,0
nz8zRY6R2rY,10.0,20.0,"/m/025td0t,/m/04rlf",0,0,0,0,0,0,0,0
T1U74Mb-TEE,80.0,90.0,"/m/03kmc9,/m/0dgbq",0,0,0,0,0,0,1,0
6jXJamHvDN0,10.0,20.0,/m/032s66,0,0,0,0,1,0,0,0
BIYzxzVoBLU,30.0,40.0,"/m/01v1d8,/m/04rlf",0,0,0,0,0,0,0,0
D8B6-iJ1VA0,60.0,70.0,"/m/09x0r,/t/dd00126",0,0,0,0,0,0,0,0
6fa4AnXe7E8,30.0,40.0,"/m/04qvtq,/m/09x0r",0,0,0,0,0,0,1,0
AVy0o9tcG3I,30.0,40.0,/m/09x0r,0,0,0,0,0,0,0,0
_pSMw5FKHX0,40.0,50.0,"/m/0463cq4,/m/09x0r",0,0,1,0,0,0,0,0
trjbr7Nsq0g,90.0,100.0,"/m/03qtwd,/m/053hz1,/t/dd00135",0,1,0,0,0,0,0,0
LWlrhZPcN2M,21.0,31.0,"/m/0g6b5,/t/dd00128",0,0,0,1,0,0,0,0
fJuRuJYo0UQ,30.0,40.0,/m/03kmc9,0,0,0,0,0,0,1,0
bnfzyuG7a5A,80.0,90.0,"/m/0463cq4,/m/09x0r",0,0,1,0,0,0,0,0
t7w2ec8hjCs,30.0,40.0,/m/04rlf,0,0,0,0,0,0,0,0
5IAS11SG9Dc,30.0,40.0,"/m/03qc9zr,/m/03qtwd,/m/04rlf",1,0,0,0,0,0,0,0
15O3maJ83xo,120.0,130.0,"/m/04rlf,/m/09x0r,/t/dd00126",0,0,0,0,0,0,0,0
8TEdcQitWL4,0.0,10.0,"/m/04rlf,/m/0glt670",0,0,0,0,0,0,0,0
oZsHnPQ590c,10.0,20.0,/m/0g6b5,0,0,0,1,0,0,0,0
Kgrt7eAfV3g,120.0,130.0,"/m/06q74,/m/07yv9,/m/0g6b5",0,0,0,1,0,0,0,0
VYssUDEilzg,30.0,40.0,"/m/04rlf,/m/04szw,/m/07y_7",0,0,0,0,0,0,0,0
kvNAngiMUtc,30.0,40.0,/m/09x0r,0,0,0,0,0,0,0,0
HzhA-Ir3PP4,190.0,200.0,/m/01y3hg,0,0,0,0,0,0,0,1
Zfe0sVCKQaA,20.0,30.0,"/m/03qc9zr,/m/04rlf",1,0,0,0,0,0,0,0
7m1HFBvPnX0,260.0,270.0,"/m/012f08,/m/04_sv,/m/07pp_mv,/m/07yv9,/m/09x0r",0,0,0,0,0,0,0,1
j5KYXEYkoPA,320.0,330.0,"/m/07rgt08,/m/09x0r",0,0,0,0,0,0,0,0
jNM9Ki84tC8,410.0,420.0,"/m/02dgv,/m/039jq",0,0,0,0,0,1,0,0
kGwN-lCkTFE,30.0,40.0,/m/04rlf,0,0,0,0,0,0,0,0
e0cGR8OojpQ,90.0,100.0,"/m/09x0r,/m/0c3f7m",0,0,0,0,0,0,0,1
VVEppguTjDY,30.0,40.0,/m/04rlf,0,0,0,0,0,0,0,0
Bwm6_LQxjvc,30.0,40.0,"/m/04rlf,/m/09x0r",0,0,0,0,0,0,0,0
8kZdmr3q5yc,10.0,20.0,"/m/0463cq4,/m/09x0r,/t/dd00002,/t/dd00127",0,0,1,0,0,0,0,0
BoL2fL9PVLQ,30.0,40.0,/m/09x0r,0,0,0,0,0,0,0,0
B_PrF_kkckU,50.0,60.0,"/m/015lz1,/m/04rlf,/m/07p6fty,/t/dd00126",0,1,0,0,0,0,0,0
oijmKdbHP5E,350.0,360.0,/m/039jq,0,0,0,0,0,1,0,0
ixDGtfhxarY,17.0,27.0,"/m/04rlf,/t/dd00002",0,0,1,0,0,0,0,0
r_mGKw-Q11s,0.0,7.0,/t/dd00002,0,0,1,0,0,0,0,0
vBZVI3g2xQs,30.0,40.0,/m/0g6b5,0,0,0,1,0,0,0,0
K68z6Nz3_ao,30.0,40.0,"/m/07qz6j3,/m/09x0r,/t/dd00002",0,0,1,0,0,0,0,0
Bdez-Sk1zQo,20.0,30.0,"/m/03fwl,/m/03qc9zr,/m/09x0r,/m/0jbk",1,0,0,0,0,0,0,0
Ayn-IrOYK84,5.0,15.0,"/m/03qc9zr,/m/04rlf",1,0,0,0,0,0,0,0
-uaNzVUiMjc,20.0,30.0,"/m/015lz1,/m/04rlf,/m/07p6fty,/t/dd00127",0,1,0,0,0,0,0,0
ULXMaD_Drn4,280.0,290.0,"/m/09x0r,/m/0c3f7m",0,0,0,0,0,0,0,1
hHo9CWaqJew,10.0,20.0,"/m/07pqc89,/m/09x0r,/t/dd00129",0,0,0,0,0,0,0,0
4oNM9Ze60DI,80.0,90.0,"/m/03qc9zr,/m/09x0r,/m/0ytgt",1,0,0,0,0,0,0,0
dOlaEHoZspk,90.0,100.0,"/m/039jq,/m/09x0r",0,0,0,0,0,1,0,0
ujSfBZDZ-6c,0.0,8.0,/m/03qc9zr,1,0,0,0,0,0,0,0
ueZuSVRInZs,8.0,18.0,"/m/09x0r,/t/dd00002",0,0,1,0,0,0,0,0
1APNTwNo65g,0.0,10.0,"/m/03j1ly,/m/03kmc9,/m/04qvtq",0,0,0,0,0,0,1,0
8ILgvaJVPCI,30.0,40.0,"/m/03kmc9,/m/0dgbq",0,0,0,0,0,0,1,0
MLIvSYWWpPg,30.0,40.0,"/m/09x0r,/m/0g6b5",0,0,0,1,0,0,0,0
P36wWPc5ZUQ,60.0,70.0,"/m/039jq,/m/07k1x",0,0,0,0,0,1,0,0
GwKaTZZFsv4,50.0,60.0,/m/032s66,0,0,0,0,1,0,0,0
_hbzwyDRaDY,20.0,30.0,/m/04qvtq,0,0,0,0,0,0,1,0
f9HhrMK2BK0,90.0,100.0,"/m/04rlf,/m/0l14qv",0,0,0,0,0,0,0,0
xnFW_rf2g4M,30.0,40.0,"/m/03qc9zr,/m/09x0r",1,0,0,0,0,0,0,0
ITLVr0NJwE0,340.0,350.0,"/m/07p6fty,/m/09x0r",0,1,0,0,0,0,0,0
AuGhHspZ17M,8.0,18.0,"/m/04rlf,/m/09x0r",0,0,0,0,0,0,0,0
4b2D_WGY8WY,80.0,90.0,/m/032s66,0,0,0,0,1,0,0,0
lTSSk0i_2sU,0.0,10.0,"/m/04rlf,/m/07p6fty,/m/09x0r",0,1,0,0,0,0,0,0
NqtDJlCN-bg,30.0,40.0,"/m/032s66,/m/0_1c",0,0,0,0,1,0,0,0
0gySryz-JLo,30.0,40.0,"/m/032s66,/m/04zjc",0,0,0,0,1,0,0,0
T40dy_Ov3Ns,16.0,26.0,/m/0g6b5,0,0,0,1,0,0,0,0
9MDjQgUwCPY,20.0,30.0,"/m/02fs_r,/m/07pp_mv,/m/09x0r",0,0,0,0,0,0,0,1
OxTF8sde9I0,0.0,10.0,"/m/039jq,/m/04rlf",0,0,0,0,0,1,0,0
8naZD_JdWYY,510.0,520.0,/m/032s66,0,0,0,0,1,0,0,0
NLQPr_uK8lg,30.0,40.0,"/m/03qc9zr,/m/04rlf,/m/09x0r",1,0,0,0,0,0,0,0
iOdbSax_UNQ,40.0,50.0,/m/0463cq4,0,0,1,0,0,0,0,0
xZCM2I_C8L8,30.0,40.0,/m/0g6b5,0,0,0,1,0,0,0,0
rMAvJseEE0I,30.0,40.0,"/m/03qc9zr,/m/09x0r",1,0,0,0,0,0,0,0
UAo3KxWpyVU,540.0,550.0,"/m/039jq,/m/09x0r,/t/dd00125",0,0,0,0,0,1,0,0
wEwVr79id5M,50.0,60.0,"/m/04rlf,/m/07p6fty,/t/dd00128",0,1,0,0,0,0,0,0
vvaQqKtCAcA,0.0,10.0,"/m/03qc9zr,/m/09x0r",1,0,0,0,0,0,0,0
RTxdd7kXyoA,30.0,40.0,"/m/032s66,/m/04rlf",0,0,0,0,1,0,0,0
y0M0oq2NM7E,30.0,40.0,"/m/04rlf,/m/09x0r",0,0,0,0,0,0,0,0
X52-y6R92H4,0.0,10.0,"/m/09x0r,/t/dd00128",0,0,0,0,0,0,0,0
P6YRs_6MIew,11.0,21.0,"/m/014zdl,/m/04rlf,/m/07qsvvw",0,0,0,1,0,0,0,0
_RXyNJdJF-4,220.0,230.0,"/m/03qtwd,/m/053hz1,/t/dd00135",0,1,0,0,0,0,0,0
CAjzulM3Ug4,30.0,40.0,/m/09x0r,0,0,0,0,0,0,0,0
Yt4DBPHQgWw,20.0,30.0,"/m/09x0r,/m/0g6b5",0,0,0,1,0,0,0,0
Ddm1ej_R_yA,40.0,50.0,"/g/122z_qxw,/m/0g6b5",0,0,0,1,0,0,0,0
laxGhTkHD_A,0.0,8.0,"/m/014zdl,/m/04rlf,/m/07qqyl4",0,0,0,1,0,0,0,0
ZjqxOTc12WQ,30.0,40.0,"/m/032s66,/m/04rlf,/m/09x0r",0,0,0,0,1,0,0,0
YWbqk4X4ic0,11.0,21.0,"/m/014zdl,/m/07qsvvw,/m/09x0r",0,0,0,1,0,0,0,0
Ws2PJVPvbjM,7.0,17.0,"/m/012f08,/m/03j1ly,/m/03kmc9,/m/07yv9",0,0,0,0,0,0,1,0
asNZeHaV_oQ,19.0,29.0,/m/0g6b5,0,0,0,1,0,0,0,0
TsVsU_HjX_w,0.0,10.0,"/m/07qz6j3,/m/09x0r,/t/dd00002",0,0,1,0,0,0,0,0
SHngsQKpYiU,60.0,70.0,"/m/039jq,/m/04rlf",0,0,0,0,0,1,0,0
fbHdsU8FFaA,140.0,150.0,"/m/03q5_w,/m/03qc9zr",1,0,0,0,0,0,0,0
qXEAQcvZxCk,30.0,40.0,"/m/04qvtq,/m/0k4j",0,0,0,0,0,0,1,0
F6XcQC-M7EE,210.0,220.0,"/m/012n7d,/m/02mfyn,/m/03j1ly,/m/03kmc9,/m/04qvtq",0,0,0,0,0,0,1,1
voTs1odFCAI,10.0,20.0,"/m/09x0r,/t/dd00002",0,0,1,0,0,0,0,0
3YM1SLv7ZyE,0.0,10.0,"/m/09x0r,/t/dd00002",0,0,1,0,0,0,0,0
C4gMM8aXagQ,30.0,40.0,"/m/09x0r,/m/0c3f7m",0,0,0,0,0,0,0,1
DVpLCx9iOPk,130.0,140.0,"/m/028v0c,/m/07pp_mv",0,0,0,0,0,0,0,1
LzgbVOgF4Bk,20.0,30.0,"/m/018vs,/m/02x8m,/m/04rlf",0,0,0,0,0,0,0,0
UHy4Baqnp3s,240.0,250.0,"/m/04rlf,/m/06j6l",0,0,0,0,0,0,0,0
3IJ38LsSPnQ,70.0,80.0,"/m/03qtwd,/m/04rlf,/m/064t9,/m/07p6fty",0,1,0,0,0,0,0,0
I5p7HeECQC8,90.0,100.0,"/m/03kmc9,/m/0dgbq",0,0,0,0,0,0,1,0
TO_AMuDDLmk,30.0,40.0,"/m/03qc9zr,/m/09x0r",1,0,0,0,0,0,0,0
B8y9_Jmqdcs,30.0,40.0,"/m/04rlf,/m/09x0r",0,0,0,0,0,0,0,0
qTK-Tnp_e9A,10.0,20.0,"/m/04rlf,/m/07pp_mv",0,0,0,0,0,0,0,1
FmLge36Y7mk,540.0,550.0,"/m/04rlf,/m/0mbct",0,0,0,0,0,0,0,0
6FkROBzGHTc,30.0,40.0,/m/09x0r,0,0,0,0,0,0,0,0
mASxQUYPq38,190.0,200.0,"/m/09x0r,/t/dd00125",0,0,0,0,0,0,0,0
soDWe_mNYYg,10.0,20.0,/m/03kmc9,0,0,0,0,0,0,1,0
Hg6HxylRGDo,29.0,39.0,"/m/012n7d,/m/03j1ly,/m/03kmc9",0,0,0,0,0,0,1,0
4rREXP7nizI,17.0,27.0,/m/04rlf,0,0,0,0,0,0,0,0
bbfsuSj4Gd8,40.0,50.0,/m/032s66,0,0,0,0,1,0,0,0
JBTl9GsYJdA,20.0,30.0,"/m/02lkt,/m/04rlf",0,0,0,0,0,0,0,0
S-DUJYaBdck,0.0,3.0,"/m/014zdl,/m/09x0r",0,0,0,1,0,0,0,0
yQRLo6ppflM,110.0,120.0,"/m/04rlf,/t/dd00126",0,0,0,0,0,0,0,0
_B94Meb84sk,0.0,7.0,"/m/014zdl,/m/07qsvvw",0,0,0,1,0,0,0,0
ffmBqL6nZ7A,220.0,230.0,"/m/032s66,/m/04zjc",0,0,0,0,1,0,0,0
Tu324wtOQ-0,40.0,50.0,"/m/039jq,/m/04rlf,/m/04szw",0,0,0,0,0,1,0,0
Ur5wm6tBqhY,30.0,40.0,/m/04rlf,0,0,0,0,0,0,0,0
DO0KRab_WmU,100.0,110.0,"/m/04rlf,/m/07p6fty,/t/dd00126",0,1,0,0,0,0,0,0
iNEem2nZm9s,80.0,90.0,"/m/04rlf,/m/07p6fty,/m/09x0r",0,1,0,0,0,0,0,0
sb9HK80itus,30.0,40.0,"/m/04rlf,/m/09x0r,/t/dd00002",0,0,1,0,0,0,0,0
9pM3pzFnJIw,30.0,40.0,"/m/03qc9zr,/m/03qtwd,/m/04rlf,/m/07qfr4h,/m/09x0r",1,0,0,0,0,0,0,0
2ewT1ktBlOA,30.0,40.0,"/m/03xq_f,/m/04rlf",0,0,0,0,0,0,0,0
31yRUn3wUJA,330.0,340.0,"/m/012f08,/m/03j1ly,/m/03kmc9,/m/07yv9,/m/09x0r",0,0,0,0,0,0,1,0
_JPe9ZAcRro,30.0,40.0,/m/04rlf,0,0,0,0,0,0,0,0
ngJ_Us2C19g,40.0,50.0,"/m/04qvtq,/m/07yv9",0,0,0,0,0,0,1,0
8lt7W_9GkOg,290.0,300.0,/m/09x0r,0,0,0,0,0,0,0,0
R_eiwPAip6E,10.0,20.0,/m/0c3f7m,0,0,0,0,0,0,0,1
dqTyQn0eTTo,0.0,10.0,"/m/03qtwd,/m/053hz1,/t/dd00135",0,1,0,0,0,0,0,0
1DoJ5WKgaOA,11.0,21.0,/m/014zdl,0,0,0,1,0,0,0,0
dKWL3n-sos8,270.0,280.0,"/m/03qtwd,/m/053hz1,/t/dd00135",0,1,0,0,0,0,0,0
0dyfl-736FE,30.0,40.0,"/m/012n7d,/m/02mfyn,/m/03j1ly,/m/03kmc9,/m/04qvtq",0,0,0,0,0,0,1,1
2QX7_GceNp4,40.0,50.0,/m/032s66,0,0,0,0,1,0,0,0
yCViBI-KISI,60.0,70.0,"/m/032s66,/m/073cg4",0,0,0,0,1,0,0,0
CLWCRvH3Jy8,30.0,40.0,"/m/03kmc9,/m/0dgbq",0,0,0,0,0,0,1,0
JRP6Nd-HY0o,30.0,40.0,"/m/03kmc9,/m/0dgbq",0,0,0,0,0,0,1,0
UD4H1WrtJBk,20.0,30.0,"/m/04rlf,/m/07p6fty,/m/09x0r",0,1,0,0,0,0,0,0
jNJz3lkghMo,30.0,40.0,/m/04rlf,0,0,0,0,0,0,0,0
kiBc05XZphw,60.0,70.0,/m/0g6b5,0,0,0,1,0,0,0,0
nxDtIbvhpR8,110.0,120.0,"/m/04rlf,/m/06bxc,/m/0glt670",0,0,0,0,0,0,0,0
LHwxKe2Ck9A,0.0,10.0,"/m/03qc9zr,/m/09x0r,/m/0ytgt",1,0,0,0,0,0,0,0
HgUJzZEINPM,30.0,40.0,"/m/019jd,/m/07yv9,/m/09x0r",0,0,0,0,0,0,0,0
nXbzyp0UoYw,570.0,580.0,"/m/032s66,/m/04zjc",0,0,0,0,1,0,0,0
FP2ogz-V0dU,30.0,40.0,"/m/04rlf,/m/07yv9,/m/09x0r",0,0,0,0,0,0,0,0
_sMX2Sl6GUc,110.0,120.0,"/m/012n7d,/m/012ndj,/m/03j1ly,/m/03kmc9",0,0,0,0,0,0,1,0
Rme6UTbWgBY,80.0,90.0,"/m/0463cq4,/m/07qz6j3,/m/09x0r,/m/0ytgt",0,0,1,0,0,0,0,0
QApH290EHcU,0.0,10.0,"/m/0463cq4,/m/05zppz,/m/09x0r",0,0,1,0,0,0,0,0
jPoaUQ6y1YA,16.0,26.0,"/m/09x0r,/t/dd00002",0,0,1,0,0,0,0,0
CMwg5-CZseI,180.0,190.0,"/m/07pp_mv,/m/09x0r,/m/0c3f7m,/t/dd00125",0,0,0,0,0,0,0,1
qGdc2jTz0is,30.0,40.0,/m/09x0r,0,0,0,0,0,0,0,0
vpDxMB2ySJs,30.0,40.0,/m/09x0r,0,0,0,0,0,0,0,0
NmW0Q9YRzRU,30.0,40.0,"/m/04rlf,/m/09x0r",0,0,0,0,0,0,0,0
UlkLeZvKNKI,30.0,40.0,/m/09x0r,0,0,0,0,0,0,0,0
ljC4bSkSMjA,30.0,40.0,"/m/04rlf,/m/09x0r",0,0,0,0,0,0,0,0
H-6ckdZGh8M,30.0,40.0,"/m/014zdl,/m/07qsvvw",0,0,0,1,0,0,0,0
kxcNEVGSgHA,40.0,50.0,"/m/015lz1,/m/04rlf,/m/05fw6t,/m/09x0r",0,0,0,0,0,0,0,0
wnpUIZez7-w,30.0,40.0,"/m/04rlf,/m/09x0r",0,0,0,0,0,0,0,0
aWS1JhlCdJQ,330.0,340.0,"/m/032s66,/m/073cg4",0,0,0,0,1,0,0,0
r4JRWIdifcg,240.0,250.0,"/m/04rlf,/m/09x0r,/m/0g6b5",0,0,0,1,0,0,0,0
FfQNrX5p6s0,500.0,510.0,"/m/03qc9zr,/m/09x0r,/m/0ytgt",1,0,0,0,0,0,0,0
NypQZz0EDTM,14.0,24.0,"/m/07p6mqd,/m/0838f,/m/09x0r",0,0,0,0,0,0,0,0
GzhG6-WyS5E,250.0,260.0,"/m/039jq,/m/04rlf,/m/09x0r",0,0,0,0,0,1,0,0
jNS4EJOwk34,3.0,13.0,/m/0g6b5,0,0,0,1,0,0,0,0
hU3MwNvgK68,60.0,70.0,"/m/03qc9zr,/m/09x0r,/m/0ytgt",1,0,0,0,0,0,0,0
-LzsgrGPV6o,30.0,40.0,"/m/032s66,/m/04zjc",0,0,0,0,1,0,0,0
crTKKmyXtms,0.0,6.0,/m/03qc9zr,1,0,0,0,0,0,0,0
m6XM5JFsNjw,10.0,20.0,"/m/03qc9zr,/m/04rlf,/m/09x0r",1,0,0,0,0,0,0,0
eFd9h19LoZQ,70.0,80.0,/m/032s66,0,0,0,0,1,0,0,0
mxXpxjKdhKo,300.0,310.0,"/m/015lz1,/m/04rlf,/m/07p6fty",0,1,0,0,0,0,0,0
GPQJCqOP8V0,70.0,80.0,"/m/039jq,/m/0838f,/m/09x0r",0,0,0,0,0,1,0,0
QnuWWhNqZCQ,110.0,120.0,"/m/015lz1,/m/04rlf,/m/07p6fty",0,1,0,0,0,0,0,0
vcUo-6yW6Jc,430.0,440.0,"/m/012n7d,/m/03j1ly,/m/03kmc9,/m/04qvtq",0,0,0,0,0,0,1,0
PkE0PJz8b_c,40.0,50.0,"/m/07p6fty,/m/09x0r",0,1,0,0,0,0,0,0
BXewytO0gt8,30.0,40.0,/t/dd00002,0,0,1,0,0,0,0,0
GWAGAYV532A,100.0,110.0,"/m/0463cq4,/m/09x0r,/m/0ytgt",0,0,1,0,0,0,0,0
HMN5iJR_HCk,25.0,35.0,"/m/014zdl,/m/07qsvvw,/m/09x0r",0,0,0,1,0,0,0,0
YfBrDJOBPvA,170.0,180.0,"/m/039jq,/m/04rlf",0,0,0,0,0,1,0,0
XHQbVY92Z9A,90.0,100.0,"/m/09x0r,/m/0g6b5",0,0,0,1,0,0,0,0
vkcSOQ_vNc0,170.0,180.0,"/m/015lz1,/m/04rlf,/m/07p6fty,/t/dd00126",0,1,0,0,0,0,0,0
WX-vPmAbxxg,50.0,60.0,/m/02mfyn,0,0,0,0,0,0,0,1
p5Rm84QG1WE,19.0,29.0,"/m/09x0r,/t/dd00002",0,0,1,0,0,0,0,0
SBNQCShw_TE,30.0,40.0,/m/04rlf,0,0,0,0,0,0,0,0
O9Fg2SlUXbI,30.0,40.0,"/m/03kmc9,/m/04qvtq",0,0,0,0,0,0,1,0
5_6WkhNqyN4,4.0,14.0,"/m/012f08,/m/03j1ly,/m/03kmc9,/m/04qvtq,/m/07yv9,/m/0k4j",0,0,0,0,0,0,1,0
2itpBVaSeKY,210.0,220.0,/m/0g6b5,0,0,0,1,0,0,0,0
VbTVIoTjM7U,220.0,230.0,/m/03qc9zr,1,0,0,0,0,0,0,0
nyXBqiv9yT8,20.0,30.0,"/m/04rlf,/m/07p6fty",0,1,0,0,0,0,0,0
NS4qzkgdlrw,300.0,310.0,"/m/032s66,/m/09x0r,/t/dd00128",0,0,0,0,1,0,0,0
mGGemtYuLBQ,2.0,12.0,/m/09x0r,0,0,0,0,0,0,0,0
Ve8A2g4TT8A,0.0,10.0,"/m/02z32qm,/m/032s66",0,0,0,0,1,0,0,0
KtBlsAlV8lA,20.0,30.0,"/m/03j1ly,/m/03kmc9,/m/04qvtq",0,0,0,0,0,0,1,0
K42980azFgw,20.0,30.0,/m/0g6b5,0,0,0,1,0,0,0,0
RwAZkF4eJwk,30.0,40.0,"/m/012ndj,/m/03j1ly,/m/07q2z82,/m/07r04,/m/07yv9",0,0,0,0,0,0,1,0
SpqNADWbedU,180.0,190.0,"/m/01y3hg,/m/09x0r",0,0,0,0,0,0,0,1
I3GrwFlgrxk,30.0,40.0,/m/09x0r,0,0,0,0,0,0,0,0
EyEmvqr9R-k,30.0,40.0,/m/09x0r,0,0,0,0,0,0,0,0
r6zar_R2uio,90.0,100.0,"/m/01s0ps,/m/04rlf,/m/05r5c",0,0,0,0,0,0,0,0
LGIBuITFXes,210.0,220.0,"/m/07pp_mv,/m/09x0r,/t/dd00125",0,0,0,0,0,0,0,1
gd_u4FEGlh8,0.0,6.0,/m/0g6b5,0,0,0,1,0,0,0,0
gMXPeKrasI0,24.0,34.0,"/m/014zdl,/m/07qsvvw,/m/09x0r",0,0,0,1,0,0,0,0
TDPfat__Llk,20.0,30.0,"/m/03kmc9,/m/09x0r",0,0,0,0,0,0,1,0
Vzj4Ftfpg80,400.0,410.0,/m/032s66,0,0,0,0,1,0,0,0
V-dS176o0zA,30.0,40.0,"/m/04rlf,/m/09x0r,/m/0g6b5",0,0,0,1,0,0,0,0
N94LiK5yIyw,210.0,220.0,"/m/03qtwd,/m/053hz1,/t/dd00135",0,1,0,0,0,0,0,0
IuiWH2tv-OE,80.0,90.0,"/m/03qc9zr,/m/09x0r",1,0,0,0,0,0,0,0
yu604PcBYeY,0.0,10.0,"/m/04rlf,/m/07p6fty,/m/09x0r",0,1,0,0,0,0,0,0
GVz6lEe6s9g,30.0,40.0,/m/03kmc9,0,0,0,0,0,0,1,0
iiwsqGNXOBU,30.0,40.0,"/m/04rlf,/m/07p6fty,/m/09x0r",0,1,0,0,0,0,0,0
fFV8SivN7I8,0.0,10.0,"/m/039jq,/m/0838f",0,0,0,0,0,1,0,0
eJRxB2EvJos,50.0,60.0,"/m/03qc9zr,/m/053hz1",1,0,0,0,0,0,0,0
SqHYPKuw-jw,0.0,10.0,"/m/032s66,/m/0g6b5",0,0,0,1,1,0,0,0
TwJ395KoLh4,23.0,33.0,"/m/014zdl,/m/07qsvvw,/m/09x0r",0,0,0,1,0,0,0,0
7pwrR3Qo9ZU,60.0,70.0,"/m/03qc9zr,/m/04rlf,/m/09x0r",1,0,0,0,0,0,0,0
goav4puIwtk,0.0,7.0,/m/014zdl,0,0,0,1,0,0,0,0
oVwsxtwCE-4,330.0,340.0,"/m/07rdhzs,/m/09x0r",0,0,0,0,0,0,0,0
A5XRqQoY2vk,60.0,70.0,"/m/03kmc9,/m/0dgbq",0,0,0,0,0,0,1,0
u0WLBqVXAM0,70.0,80.0,"/m/03qc9zr,/m/04rlf,/m/09x0r",1,0,0,0,0,0,0,0
HDHSG4SWkvQ,10.0,20.0,/m/0g6b5,0,0,0,1,0,0,0,0
svMSD181yFw,0.0,4.0,"/m/09x0r,/t/dd00002",0,0,1,0,0,0,0,0
lwqswIXfS9o,10.0,20.0,"/m/039jq,/m/09x0r",0,0,0,0,0,1,0,0
cTowvU7bm2U,9.0,19.0,"/m/03qtwd,/m/053hz1,/t/dd00135",0,1,0,0,0,0,0,0
3_-yQpQ0o6I,10.0,20.0,"/m/03qc9zr,/m/04rlf,/m/09x0r",1,0,0,0,0,0,0,0
31RoH8KSJMo,30.0,40.0,"/m/04rlf,/t/dd00002",0,0,1,0,0,0,0,0
lfuxaOIRYlE,60.0,70.0,"/m/03qtwd,/m/053hz1,/t/dd00135",0,1,0,0,0,0,0,0
h2sBpWmmDs0,30.0,40.0,"/m/09x0r,/t/dd00002",0,0,1,0,0,0,0,0
LlhMGMwlib4,10.0,20.0,"/m/0463cq4,/m/09x0r,/m/0ytgt",0,0,1,0,0,0,0,0
bpk30NPHwH4,10.0,20.0,/m/032s66,0,0,0,0,1,0,0,0
QBLElNB4CYw,290.0,300.0,"/m/09x0r,/m/0g6b5",0,0,0,1,0,0,0,0
gxfmKCUVmxM,110.0,120.0,"/m/0463cq4,/m/09x0r",0,0,1,0,0,0,0,0
w41od_SN7wY,30.0,40.0,/m/032s66,0,0,0,0,1,0,0,0
gaUFRJAvG4s,30.0,40.0,"/m/0463cq4,/m/04rlf",0,0,1,0,0,0,0,0
DDJ2B4vpC2k,20.0,30.0,"/m/01x3z,/m/046dlr,/m/07pp_mv",0,0,0,0,0,0,0,1
-ccUAoA8ADM,30.0,40.0,/m/09x0r,0,0,0,0,0,0,0,0
WdXE6xW_2IY,40.0,50.0,"/m/039jq,/m/07k1x",0,0,0,0,0,1,0,0
8RFjpTF_U7c,50.0,60.0,"/m/032s66,/m/04zjc",0,0,0,0,1,0,0,0
Aa8lvl6b-iM,120.0,130.0,"/m/015lz1,/m/04rlf,/m/07p6fty,/t/dd00128",0,1,0,0,0,0,0,0
FegpbrOw14k,30.0,40.0,"/m/03qc9zr,/m/09x0r",1,0,0,0,0,0,0,0
B6g_ndBx0PA,10.0,20.0,"/m/012ndj,/m/03j1ly,/m/03kmc9,/m/07r04,/m/07yv9,/m/09x0r,/t/dd00128",0,0,0,0,0,0,1,0
4mmok2I7_l4,30.0,40.0,/m/09x0r,0,0,0,0,0,0,0,0
kKWOVwPJqNY,30.0,40.0,/m/032s66,0,0,0,0,1,0,0,0
_wOljhYowZY,10.0,20.0,"/m/039jq,/m/04k94,/m/0838f",0,0,0,0,0,1,0,0
-HpCjiutVuE,30.0,40.0,"/m/04rlf,/m/0ggq0m,/m/0l14j_",0,0,0,0,0,0,0,0
qDM0kcEWjYs,280.0,290.0,"/m/03qtwd,/m/09x0r,/m/0g6b5",0,0,0,1,0,0,0,0
5RwDS9pvRrA,30.0,40.0,/m/04rlf,0,0,0,0,0,0,0,0
IJsTAdWRHQs,20.0,30.0,/m/0g6b5,0,0,0,1,0,0,0,0
a4iBlFg4RvY,30.0,40.0,/m/09x0r,0,0,0,0,0,0,0,0
ljMauVDVqf8,380.0,390.0,/m/04rlf,0,0,0,0,0,0,0,0
HsPHn0Mk8mk,350.0,360.0,"/m/03qc9zr,/m/09x0r",1,0,0,0,0,0,0,0
4hew3HeE1LI,0.0,10.0,"/m/03fwl,/m/03qc9zr,/m/04rlf,/m/07rn7sz,/m/09x0r",1,0,0,0,0,0,0,0
ckykq54RCfw,30.0,40.0,"/m/07qz6j3,/m/09x0r,/t/dd00002",0,0,1,0,0,0,0,0
thxfFp9RfNQ,160.0,170.0,"/m/0463cq4,/m/09x0r,/m/0ytgt",0,0,1,0,0,0,0,0
hekc7hdKCDc,170.0,180.0,"/m/039jq,/m/04rlf",0,0,0,0,0,1,0,0
lBnn3_nlPlc,30.0,40.0,"/m/01bjv,/m/07yv9,/m/09x0r",0,0,0,0,0,0,0,0
qhwEfJP_L8E,30.0,40.0,"/m/032s66,/m/04zjc",0,0,0,0,1,0,0,0
nFJwB77tcoA,290.0,300.0,"/m/032s66,/m/04rlf",0,0,0,0,1,0,0,0
3wB0bAmyH6Q,30.0,40.0,"/m/04rlf,/m/07p6fty",0,1,0,0,0,0,0,0
_zPLihzcOiE,3.0,13.0,/m/04rlf,0,0,0,0,0,0,0,0
kDVCQXuSzlk,130.0,140.0,/m/0g6b5,0,0,0,1,0,0,0,0
8WQnKBaUvAk,30.0,40.0,"/m/032s66,/m/04zjc",0,0,0,0,1,0,0,0
74Z6UlffZFk,120.0,130.0,"/m/04rlf,/m/07p6fty,/m/09x0r",0,1,0,0,0,0,0,0
IDYo4GoBCTE,10.0,20.0,/m/02mfyn,0,0,0,0,0,0,0,1
axE2eg5A7tI,0.0,10.0,"/m/03qc9zr,/m/09x0r",1,0,0,0,0,0,0,0
t_L3Ad0H6OQ,40.0,50.0,"/m/04rlf,/m/07p6fty,/t/dd00127",0,1,0,0,0,0,0,0
-LcSlwZ33-E,110.0,120.0,"/g/122z_qxw,/m/0g6b5",0,0,0,1,0,0,0,0
I4Td8g-rpiY,18.0,28.0,"/m/014zdl,/m/07qsvvw,/m/09x0r",0,0,0,1,0,0,0,0
JvSD_04TBR4,80.0,90.0,"/m/015lz1,/m/04rlf,/m/07p6fty,/t/dd00126",0,1,0,0,0,0,0,0
tI6qr5amKuE,30.0,40.0,"/m/04rlf,/m/09x0r",0,0,0,0,0,0,0,0
s_lAb_GmWKA,160.0,170.0,/m/09x0r,0,0,0,0,0,0,0,0
LLFeRPBeOaM,100.0,110.0,"/m/0463cq4,/m/04rlf",0,0,1,0,0,0,0,0
JmM5UQup2go,30.0,40.0,"/m/09x0r,/t/dd00002",0,0,1,0,0,0,0,0
lUfGmEBOVYM,30.0,40.0,/m/09x0r,0,0,0,0,0,0,0,0
ZQ2bMnCHlsQ,180.0,190.0,"/m/04rlf,/m/07p6fty,/t/dd00126",0,1,0,0,0,0,0,0
PN10dchsywY,30.0,40.0,"/m/039jq,/m/07pc8lb,/m/07q7njn",0,0,0,0,0,1,0,0
Djn-dlB0ei4,180.0,190.0,"/m/07pp_mv,/m/09x0r,/m/0c3f7m",0,0,0,0,0,0,0,1
zSAVAXZ62gw,12.0,22.0,/m/0g6b5,0,0,0,1,0,0,0,0
S9cpxgd3hvQ,30.0,40.0,"/m/03j1ly,/m/03kmc9,/m/04qvtq",0,0,0,0,0,0,1,0
H5x4vclZM8o,300.0,310.0,"/m/07pp_mv,/m/09x0r,/m/0c3f7m",0,0,0,0,0,0,0,1
mhwuZTe5jIo,0.0,10.0,"/m/07pp_mv,/m/0bt9lr,/m/0c3f7m,/m/0jbk",0,0,0,0,0,0,0,1
GXGAlDl7YZU,30.0,40.0,/m/09x0r,0,0,0,0,0,0,0,0
qt-pf5Bz3iI,30.0,40.0,/m/04rlf,0,0,0,0,0,0,0,0
03e3YcJ4XRE,3.0,13.0,"/m/014zdl,/m/09x0r",0,0,0,1,0,0,0,0
-7R0ybQQAHg,60.0,70.0,"/m/015lz1,/m/03qc9zr",1,0,0,0,0,0,0,0
78KhQurCPN4,25.0,35.0,/m/03kmc9,0,0,0,0,0,0,1,0
GploI61dQbM,30.0,40.0,/m/04rlf,0,0,0,0,0,0,0,0
MIa_o5CyDOc,30.0,40.0,"/m/09x0r,/m/0g6b5",0,0,0,1,0,0,0,0
SzNVIpD7PGE,0.0,10.0,/m/04rlf,0,0,0,0,0,0,0,0
9puVyOrmt_k,8.0,18.0,/m/09x0r,0,0,0,0,0,0,0,0
2_R1KmFI4ZY,10.0,20.0,"/m/039jq,/m/04rlf,/m/09x0r",0,0,0,0,0,1,0,0
w8Mlj8SdYvY,10.0,20.0,/m/09x0r,0,0,0,0,0,0,0,0
SfCZiEPwHqY,30.0,40.0,"/m/04rlf,/t/dd00003",0,0,0,0,0,0,0,0
NurVkIihudk,160.0,170.0,/m/01y3hg,0,0,0,0,0,0,0,1
pmqUhWzk124,290.0,300.0,"/m/039jq,/m/04rlf",0,0,0,0,0,1,0,0
EuNQwrHnJOQ,30.0,40.0,"/m/012ndj,/m/02mk9,/m/03j1ly,/m/07yv9,/t/dd00066",0,0,0,0,0,0,1,0
A27JN5Z7Uhs,0.0,5.0,/m/014zdl,0,0,0,1,0,0,0,0
sXVRrpisEbg,30.0,40.0,/m/03kmc9,0,0,0,0,0,0,1,0
c6d3C4d_POY,30.0,40.0,"/m/02fs_r,/m/030rvx,/m/0c3f7m",0,0,0,0,0,0,0,1
LbjZiH-jusw,130.0,140.0,"/m/01j3sz,/m/02zsn,/m/09x0r",0,0,0,0,0,0,0,0
flioKMN6qF4,40.0,50.0,"/m/03qtwd,/m/053hz1,/t/dd00135",0,1,0,0,0,0,0,0
Ju6fWv9FkzA,90.0,100.0,/m/039jq,0,0,0,0,0,1,0,0
DZoSNv8ivNk,30.0,40.0,"/m/04qvtq,/m/07yv9,/m/0k4j,/m/0ltv",0,0,0,0,0,0,1,0
bm2S5GVibAk,240.0,250.0,/m/039jq,0,0,0,0,0,1,0,0
QHovHZYnYqY,530.0,540.0,"/m/032s66,/m/04zjc",0,0,0,0,1,0,0,0
vVAYeZ2MVMk,10.0,20.0,"/m/09x0r,/m/0g6b5",0,0,0,1,0,0,0,0
Bh4oxwlwQMY,86.1,96.1,/m/01y3hg,0,0,0,0,0,0,0,1
oxo8f5GALzw,50.0,60.0,"/m/012ndj,/m/03j1ly,/m/03kmc9",0,0,0,0,0,0,1,0
nFeN6NHScyU,180.0,190.0,/m/032s66,0,0,0,0,1,0,0,0
f5wevZSCR2E,23.0,33.0,/m/0c3f7m,0,0,0,0,0,0,0,1
VIuJuYvHw_4,30.0,40.0,"/m/01m4t,/m/09x0r",0,0,0,0,0,0,0,0
8D5u9D9TOLw,450.0,460.0,/m/0463cq4,0,0,1,0,0,0,0,0
3msFd7w8d5A,130.0,140.0,"/m/03kmc9,/m/04rlf",0,0,0,0,0,0,1,0
2-__zoP9lOU,70.0,80.0,"/m/03qtwd,/m/04rlf,/m/07p6fty",0,1,0,0,0,0,0,0
uKOIaBd1lI0,30.0,40.0,/m/03kmc9,0,0,0,0,0,0,1,0
wQEKYioOiIM,50.0,60.0,"/m/02z32qm,/m/032s66,/m/04rlf",0,0,0,0,1,0,0,0
DgjCXsflSVA,360.0,370.0,/m/09x0r,0,0,0,0,0,0,0,0
cq2b31RAYWE,30.0,40.0,"/m/012ndj,/m/04rlf",0,0,0,0,0,0,1,0
ooEmHDfoD7g,180.0,190.0,"/m/015lz1,/m/04rlf,/m/07p6fty",0,1,0,0,0,0,0,0
VuiibYy6z_k,10.0,20.0,"/m/03qc9zr,/m/09x0r",1,0,0,0,0,0,0,0
B_hJGfaCXq8,30.0,40.0,/m/0g6b5,0,0,0,1,0,0,0,0
f8JEoGF5CHs,220.0,230.0,"/m/03qtwd,/m/053hz1,/t/dd00135",0,1,0,0,0,0,0,0
K0op6i9ydnM,3.0,13.0,"/m/032s66,/m/04zjc,/m/0c1dj",0,0,0,0,1,0,0,0
UeJUfzlzQno,21.0,31.0,"/m/01y3hg,/m/09x0r",0,0,0,0,0,0,0,1
V-05oeHEz8A,6.0,16.0,"/m/032s66,/m/0_1c",0,0,0,0,1,0,0,0
vLs38zJ1EPo,150.0,160.0,"/m/04rlf,/m/07pp_mv,/m/09x0r",0,0,0,0,0,0,0,1
6JlKM9fzocE,30.0,40.0,"/m/09x0r,/t/dd00002",0,0,1,0,0,0,0,0
JBLfmk0Jk0c,180.0,190.0,"/m/0c3f7m,/t/dd00126",0,0,0,0,0,0,0,1
5MCFPzRS3wo,450.0,460.0,"/m/01j3sz,/m/04rlf,/m/07p6fty,/m/09x0r",0,1,0,0,0,0,0,0
NHktLalLHXE,30.0,40.0,"/m/04rlf,/m/09x0r",0,0,0,0,0,0,0,0
gfmTDGDNMgc,30.0,40.0,/m/03kmc9,0,0,0,0,0,0,1,0
iCXlQ1Fwoos,30.0,40.0,/m/04rlf,0,0,0,0,0,0,0,0
TpqwapPz6Do,0.0,5.0,/t/dd00002,0,0,1,0,0,0,0,0
FJqg0ptX12c,280.0,290.0,"/m/032s66,/m/04zjc",0,0,0,0,1,0,0,0
8WtFMfpckrA,10.0,20.0,/m/0463cq4,0,0,1,0,0,0,0,0
E9pc_0OkEAM,360.0,370.0,"/m/04rlf,/m/07p6fty,/m/09x0r,/m/0glt670,/t/dd00127",0,1,0,0,0,0,0,0
rfQM8OaJaLs,190.0,200.0,"/m/09x0r,/m/0c3f7m",0,0,0,0,0,0,0,1
Eh2Dxn8HvPU,0.0,9.0,/m/014zdl,0,0,0,1,0,0,0,0
S2AjufwJjC0,30.0,40.0,"/m/032s66,/m/073cg4",0,0,0,0,1,0,0,0
ACm8QhYSQcQ,250.0,260.0,"/m/03qtwd,/m/053hz1,/t/dd00135",0,1,0,0,0,0,0,0
5KewbMIzKlU,10.0,20.0,"/m/03qc9zr,/m/04rlf",1,0,0,0,0,0,0,0
n2DO4mby5ds,20.0,30.0,/t/dd00002,0,0,1,0,0,0,0,0
9GtulMEMmQ8,340.0,350.0,"/m/015lz1,/m/04rlf,/m/07p6fty,/t/dd00126",0,1,0,0,0,0,0,0
zrp4_MwYsCM,50.0,60.0,"/m/046dlr,/m/07pp_mv",0,0,0,0,0,0,0,1
hb-QOqlzCas,110.0,120.0,"/m/04rlf,/m/07p6fty,/t/dd00128",0,1,0,0,0,0,0,0
il12EgxR41U,30.0,40.0,"/m/04rlf,/m/09x0r",0,0,0,0,0,0,0,0
KPjsynQKhro,30.0,40.0,/m/02mfyn,0,0,0,0,0,0,0,1
-8_WW57c8S0,530.0,540.0,/m/032s66,0,0,0,0,1,0,0,0
ToU1kRagUjY,0.0,10.0,"/m/02mfyn,/m/06mb1,/m/0jb2l,/m/0ngt1",0,0,0,0,0,0,0,1
6MCgkKrmfwI,30.0,40.0,/m/03kmc9,0,0,0,0,0,0,1,0
qxfYieyKc3I,40.0,50.0,/m/07pp_mv,0,0,0,0,0,0,0,1
HGo34Wa-TLI,40.0,50.0,/m/0c3f7m,0,0,0,0,0,0,0,1
l6sY4KILjAs,30.0,40.0,"/m/04rlf,/m/09x0r",0,0,0,0,0,0,0,0
PpHgIVwEtxY,0.0,3.0,/t/dd00002,0,0,1,0,0,0,0,0
6bUdoCppE2A,370.0,380.0,/m/09x0r,0,0,0,0,0,0,0,0
lSkv3v8vKdQ,120.0,130.0,"/m/015lz1,/m/04rlf,/m/07p6fty,/t/dd00126",0,1,0,0,0,0,0,0
3K92wE7AJPM,20.0,30.0,"/m/0463cq4,/m/09x0r",0,0,1,0,0,0,0,0
rWK399XnjH0,0.0,10.0,"/m/03qc9zr,/m/03qtwd,/m/09x0r",1,0,0,0,0,0,0,0
8rnITQpV_Js,90.0,100.0,/m/032s66,0,0,0,0,1,0,0,0
83-cNpSYm7M,150.0,160.0,"/m/03qc9zr,/m/09x0r",1,0,0,0,0,0,0,0
hYAf1FarS5o,20.0,30.0,"/m/04rlf,/m/07p6fty,/m/09x0r",0,1,0,0,0,0,0,0
ylOEU5GyUWk,10.0,20.0,"/g/122z_qxw,/m/0g6b5",0,0,0,1,0,0,0,0
LAvzjP-geZg,30.0,40.0,"/m/01y3hg,/m/030rvx",0,0,0,0,0,0,0,1
Ek1SZXGNqh0,30.0,40.0,"/m/012ndj,/m/02mk9,/m/07r04,/m/07yv9",0,0,0,0,0,0,1,0
v49ECocV3-E,440.0,450.0,/m/032s66,0,0,0,0,1,0,0,0
G2n8clc_6jQ,21.0,31.0,"/m/04rlf,/m/09x0r",0,0,0,0,0,0,0,0
MXGPM2Okp0w,20.0,30.0,"/m/032s66,/m/0_1c",0,0,0,0,1,0,0,0
q59weJD4Zpw,30.0,40.0,/m/04rlf,0,0,0,0,0,0,0,0
pd9ysf4iWbs,5.0,15.0,"/m/01y3hg,/m/09x0r,/m/0c3f7m",0,0,0,0,0,0,0,1
VuZvGs0iNdM,30.0,40.0,"/m/04rlf,/m/09x0r,/t/dd00002",0,0,1,0,0,0,0,0
xVmJSClrJyQ,20.0,30.0,"/m/03qtwd,/t/dd00135",0,1,0,0,0,0,0,0
2Ckca5mV6WE,30.0,40.0,"/m/04rlf,/m/0gywn",0,0,0,0,0,0,0,0
GT6b9ug6Cis,28.0,38.0,/m/04rlf,0,0,0,0,0,0,0,0
IBMvk_1Aycc,30.0,40.0,"/m/012ndj,/m/03j1ly,/m/03kmc9",0,0,0,0,0,0,1,0
sUIeOwBoSv4,20.0,30.0,"/m/04rlf,/m/07p6fty,/m/09x0r",0,1,0,0,0,0,0,0
-v2ycwe-Nds,26.0,36.0,"/m/03qtwd,/m/053hz1,/t/dd00135",0,1,0,0,0,0,0,0
ourn2MARS7Y,60.0,70.0,/m/02mfyn,0,0,0,0,0,0,0,1
1OqckguiVhY,30.0,40.0,"/m/04rlf,/m/09x0r",0,0,0,0,0,0,0,0
H1-FfL2I5Sg,30.0,40.0,"/m/032s66,/m/0_1c",0,0,0,0,1,0,0,0
OhJdrHXFmxM,60.0,70.0,"/m/012n7d,/m/03j1ly,/m/03kmc9,/m/04qvtq",0,0,0,0,0,0,1,0
LWvsVAO767Y,30.0,40.0,/m/09x0r,0,0,0,0,0,0,0,0
L1rAooQEnsk,0.0,7.0,"/m/039jq,/m/07pc8lb",0,0,0,0,0,1,0,0
HEOZm3nqvEk,4.0,14.0,"/m/014zdl,/m/07pxg6y,/m/07qsvvw",0,0,0,1,0,0,0,0
5P6YYsMaIH4,30.0,40.0,/m/02mfyn,0,0,0,0,0,0,0,1
L4lCbnCU9LQ,30.0,40.0,"/m/07qz6j3,/m/09x0r,/t/dd00002",0,0,1,0,0,0,0,0
2s445bZIVoc,340.0,350.0,"/m/02fs_r,/m/07pp_mv,/m/09x0r",0,0,0,0,0,0,0,1
4SvhGw8JJ4c,20.0,30.0,/m/0g6b5,0,0,0,1,0,0,0,0
J3Lyg-dDAE4,0.0,9.0,"/m/014zdl,/m/04rlf",0,0,0,1,0,0,0,0
9AFVs5kjlPQ,25.0,35.0,"/m/014zdl,/m/04rlf",0,0,0,1,0,0,0,0
UqxnHE8sumU,0.0,10.0,"/m/09x0r,/m/0g6b5",0,0,0,1,0,0,0,0
SMSUsWM3lkE,30.0,40.0,"/m/04rlf,/m/09x0r",0,0,0,0,0,0,0,0
jfvz987L21Y,40.0,50.0,"/m/0342h,/m/03lty,/m/04rlf,/m/04szw,/m/06by7,/m/07p6fty",0,1,0,0,0,0,0,0
qiuldb2r1ME,300.0,310.0,"/m/039jq,/m/09x0r",0,0,0,0,0,1,0,0
oLTXR84jYeI,20.0,30.0,/m/032s66,0,0,0,0,1,0,0,0
3sO7prvFbvI,30.0,40.0,"/m/02qldy,/m/05zppz,/m/09x0r",0,0,0,0,0,0,0,0
A6W-kPcRRP4,30.0,40.0,/m/09x0r,0,0,0,0,0,0,0,0
n6GGjgAQI9M,10.0,20.0,"/m/03kmc9,/m/0dgbq",0,0,0,0,0,0,1,0
11Lwa3qUY9g,30.0,40.0,"/m/04rlf,/m/09x0r",0,0,0,0,0,0,0,0
p_R3yXe0fCQ,30.0,40.0,"/m/04rlf,/m/064t9",0,0,0,0,0,0,0,0
2GNSiLWVgyk,390.0,400.0,"/m/02z32qm,/m/032s66,/m/09x0r",0,0,0,0,1,0,0,0
fGC_o5PaaD4,110.0,120.0,"/m/015lz1,/m/04rlf,/m/09x0r",0,0,0,0,0,0,0,0
_rAXyaf2eE4,170.0,180.0,"/m/04rlf,/m/07yv9,/m/09x0r,/m/0g6b5,/m/0k4j,/t/dd00129",0,0,0,1,0,0,0,0
-WlGfYXJ6rw,420.0,430.0,"/m/04rlf,/m/07p6fty",0,1,0,0,0,0,0,0
zMY4o8qEXA0,260.0,270.0,"/m/039jq,/m/09x0r",0,0,0,0,0,1,0,0
Akx3uwhohmU,28.0,38.0,"/m/03qc9zr,/m/09x0r",1,0,0,0,0,0,0,0
Jp1RvbTN6sQ,0.0,10.0,/m/032s66,0,0,0,0,1,0,0,0
zcywsz7mrqU,30.0,40.0,"/m/03j1ly,/m/03kmc9,/m/04qvtq",0,0,0,0,0,0,1,0
1gvfciyhfOY,10.0,20.0,"/m/09x0r,/m/0g6b5",0,0,0,1,0,0,0,0
uUUAzOK0alw,10.0,20.0,"/m/0g6b5,/t/dd00128",0,0,0,1,0,0,0,0
jFliliXIbj8,0.0,10.0,"/m/032s66,/m/07rv4dm",0,0,0,0,1,0,0,0
RdyvvM5TNko,20.0,30.0,"/m/012ndj,/m/03j1ly,/m/07r04,/m/07yv9,/m/09x0r",0,0,0,0,0,0,1,0
MgkzxYWUVsQ,30.0,40.0,"/m/012ndj,/m/03j1ly,/m/07r04,/m/07yv9,/m/09x0r,/t/dd00066",0,0,0,0,0,0,1,0
FU9UkaO3rHE,60.0,70.0,"/m/032s66,/m/04zjc",0,0,0,0,1,0,0,0
lk4PET8IyIk,20.0,30.0,"/m/039jq,/m/07pc8lb",0,0,0,0,0,1,0,0
LOLTshIl61E,50.0,60.0,"/m/03qtwd,/m/053hz1,/t/dd00135",0,1,0,0,0,0,0,0
9lwRD2y2kCs,280.0,290.0,"/m/04rlf,/m/06by7",0,0,0,0,0,0,0,0
HxO2GRMD_fw,90.0,100.0,"/m/07pp_mv,/m/0c3f7m",0,0,0,0,0,0,0,1
0A6aYHhGWZ4,30.0,40.0,"/m/09x0r,/m/0g6b5",0,0,0,1,0,0,0,0
GrUJg8Gn17o,30.0,40.0,"/m/014zdl,/m/07qsvvw",0,0,0,1,0,0,0,0
z5xXChPJUGg,3.0,13.0,"/m/032s66,/m/04rlf",0,0,0,0,1,0,0,0
SLLeWfAkE14,120.0,130.0,"/m/09x0r,/m/0c3f7m",0,0,0,0,0,0,0,1
oXvp1zl0bfw,30.0,40.0,/m/03kmc9,0,0,0,0,0,0,1,0
U0FnHOsBX24,370.0,380.0,/m/04rlf,0,0,0,0,0,0,0,0
tIUz-TQsrIg,50.0,60.0,"/m/03qc9zr,/m/04rlf,/m/09x0r",1,0,0,0,0,0,0,0
4emQ_0f29h8,15.0,25.0,"/m/09x0r,/m/0g6b5",0,0,0,1,0,0,0,0
bvH5yGZDiQs,180.0,190.0,"/m/04rlf,/m/07p6fty",0,1,0,0,0,0,0,0
3AeTZdpsHt4,30.0,40.0,"/m/02lkt,/m/04rlf,/m/07s72n",0,0,0,0,0,0,0,0
hF0tlT7Xux8,30.0,40.0,"/m/012ndj,/m/03j1ly,/m/07yv9,/m/09x0r",0,0,0,0,0,0,1,0
3YoNl8iV_08,0.0,5.0,"/m/09x0r,/t/dd00002",0,0,1,0,0,0,0,0
ajbR8R6R7fQ,250.0,260.0,"/m/012ndj,/m/03j1ly,/m/03kmc9",0,0,0,0,0,0,1,0
sFBPUjdkJTU,40.0,50.0,/m/03kmc9,0,0,0,0,0,0,1,0
n1WdolLkfWk,160.0,170.0,"/m/032s66,/m/04zjc",0,0,0,0,1,0,0,0
qwI2hhleZuc,20.0,30.0,"/m/07yv9,/m/0g6b5,/m/0ltv",0,0,0,1,0,0,0,0
bL1E4-RznKg,300.0,310.0,"/m/03qc9zr,/m/04rlf",1,0,0,0,0,0,0,0
Jnf5hOGMSIw,330.0,340.0,"/m/015lz1,/m/015vgc,/m/04rlf",0,0,0,0,0,0,0,0
kZv_vDgMnv0,9.0,19.0,"/m/04rlf,/m/09x0r,/t/dd00002",0,0,1,0,0,0,0,0
Ggw7DN_YWVE,40.0,50.0,"/m/09x0r,/m/0g6b5",0,0,0,1,0,0,0,0
fAYZObG9FYk,100.0,110.0,"/m/04rlf,/m/07p6fty",0,1,0,0,0,0,0,0
5CYK7AKivDo,180.0,190.0,"/m/046dlr,/m/07pp_mv,/t/dd00125",0,0,0,0,0,0,0,1
UlodqBQ7Ckc,30.0,40.0,"/m/0463cq4,/m/09x0r,/t/dd00002",0,0,1,0,0,0,0,0
w1LJXZF0Aeo,28.0,38.0,"/m/02fs_r,/m/09x0r",0,0,0,0,0,0,0,0
SkF37FqB6Pg,30.0,40.0,/m/09x0r,0,0,0,0,0,0,0,0
GiiID1PFrR0,20.0,30.0,/m/04rlf,0,0,0,0,0,0,0,0
CdNy_LwXmw0,160.0,170.0,"/m/025wky1,/m/02mk9,/m/09x0r",0,0,0,0,0,0,0,0
eHE8WiIOOT0,0.0,10.0,"/m/03qtwd,/m/053hz1,/t/dd00135",0,1,0,0,0,0,0,0
PesQcO3CH6A,330.0,340.0,"/m/02lkt,/m/04rlf,/m/07lnk",0,0,0,0,0,0,0,0
JTxVzRc452w,9.0,19.0,"/m/03qc9zr,/m/04rlf",1,0,0,0,0,0,0,0
TsSr6RecQOk,40.0,50.0,/m/03qc9zr,1,0,0,0,0,0,0,0
ldhBeFFulN0,30.0,40.0,/m/04rlf,0,0,0,0,0,0,0,0
TRvtDwEBWNE,80.0,90.0,/m/07pp_mv,0,0,0,0,0,0,0,1
ILppCQ1jeTw,30.0,40.0,/m/03qc9zr,1,0,0,0,0,0,0,0
nwI5hcZak-o,450.0,460.0,"/m/01v1d8,/m/04rlf,/m/09x0r",0,0,0,0,0,0,0,0
xcKGmrtug5I,30.0,40.0,"/m/012ndj,/m/03j1ly,/m/03kmc9",0,0,0,0,0,0,1,0
CDy_H3eee-U,560.0,570.0,"/m/04rlf,/m/09x0r",0,0,0,0,0,0,0,0
oCMds_2C13s,6.0,16.0,"/m/09x0r,/t/dd00002",0,0,1,0,0,0,0,0
gwjBAjcugR8,70.0,80.0,"/m/012n7d,/m/02mfyn,/m/03j1ly,/m/03kmc9,/m/04qvtq",0,0,0,0,0,0,1,1
JNplBInZ47g,380.0,390.0,/m/032s66,0,0,0,0,1,0,0,0
Y4KAkfJBznM,10.0,20.0,"/m/03qc9zr,/m/07s04w4",1,0,0,0,0,0,0,0
-HZbxhzv_SU,10.0,20.0,"/m/012n7d,/m/068hy,/m/07qf0zm,/m/0bt9lr,/m/0jbk",0,0,0,0,0,0,1,0
dIuVXPOAgSw,10.0,20.0,"/m/0463cq4,/m/09x0r",0,0,1,0,0,0,0,0
3gyXvEVo19s,30.0,40.0,/m/04rlf,0,0,0,0,0,0,0,0
rME75h7CxI4,320.0,330.0,/m/01y3hg,0,0,0,0,0,0,0,1
USF3mOIXXCQ,310.0,320.0,"/m/032s66,/m/09x0r",0,0,0,0,1,0,0,0
ZPE0egSZWmo,10.0,20.0,"/m/039jq,/m/09x0r",0,0,0,0,0,1,0,0
3edzSTr2iXs,30.0,40.0,"/m/03qc9zr,/m/03qtwd,/m/04rlf",1,0,0,0,0,0,0,0
zp8Tlu-nM38,30.0,40.0,/m/04rlf,0,0,0,0,0,0,0,0
9nYeNrZ4EPY,5.0,15.0,"/m/014zdl,/m/07qsvvw",0,0,0,1,0,0,0,0
5LFtcZzYXe4,8.0,18.0,/t/dd00002,0,0,1,0,0,0,0,0
ovMzSBiIMTA,30.0,40.0,"/m/04rlf,/m/0glt670",0,0,0,0,0,0,0,0
Lh-6_6VO3Hc,200.0,210.0,/m/032s66,0,0,0,0,1,0,0,0
hl7_3Neiiqc,30.0,40.0,/m/04rlf,0,0,0,0,0,0,0,0
hInygJckBoE,0.0,10.0,/m/0463cq4,0,0,1,0,0,0,0,0
GM99WsWHIfs,30.0,40.0,"/m/0463cq4,/t/dd00002",0,0,1,0,0,0,0,0
8CrLUl7sFqU,380.0,390.0,"/m/015lz1,/m/04rlf,/m/07p6fty,/t/dd00127",0,1,0,0,0,0,0,0
M-Tgehb828I,60.0,70.0,"/m/04rlf,/m/07p6fty,/t/dd00128",0,1,0,0,0,0,0,0
mKW1YzxJfx4,130.0,140.0,/m/039jq,0,0,0,0,0,1,0,0
Yiw8ec6lMD8,40.0,50.0,/m/03qc9zr,1,0,0,0,0,0,0,0
ROJ1PJrZidM,20.0,30.0,/m/03qc9zr,1,0,0,0,0,0,0,0
XdJnxw_8ikw,160.0,170.0,/m/032s66,0,0,0,0,1,0,0,0
HP1r6IJmwXI,30.0,40.0,/m/04rlf,0,0,0,0,0,0,0,0
5HvM_ceMDUU,30.0,40.0,/m/04rlf,0,0,0,0,0,0,0,0
oCL7bM77_Zo,490.0,500.0,/m/09x0r,0,0,0,0,0,0,0,0
L1G630LaB38,50.0,60.0,/m/032s66,0,0,0,0,1,0,0,0
_YS5uKWoB6g,30.0,40.0,"/m/09x0r,/t/dd00002",0,0,1,0,0,0,0,0
amQiZ5g_vxQ,30.0,40.0,"/m/032s66,/m/04zjc",0,0,0,0,1,0,0,0
dVDAauOz8y8,60.0,70.0,"/m/03qtwd,/t/dd00135",0,1,0,0,0,0,0,0
0knV4q5Sx_c,210.0,220.0,"/m/01j4z9,/m/09x0r",0,0,0,0,0,0,0,0
AlXRfO2jF9w,90.0,100.0,"/m/0463cq4,/m/09x0r",0,0,1,0,0,0,0,0
TKhDELm9VV4,480.0,490.0,"/m/04rlf,/m/04szw,/m/0l14qv",0,0,0,0,0,0,0,0
IAXQeg7IkHI,40.0,50.0,/m/03qc9zr,1,0,0,0,0,0,0,0
1L_OyngNZMA,30.0,40.0,"/m/01j3sz,/m/07p6fty,/m/09x0r",0,1,0,0,0,0,0,0
hTce1DicnpI,0.0,10.0,"/m/039jq,/m/09x0r,/m/0ytgt",0,0,0,0,0,1,0,0
E5gWkIj4DrA,10.0,20.0,/m/0g6b5,0,0,0,1,0,0,0,0
spHIyUsNdY8,10.0,20.0,"/m/039jq,/m/09x0r",0,0,0,0,0,1,0,0
mYhHhbfetA0,30.0,40.0,"/m/03j1ly,/m/03kmc9,/m/04qvtq",0,0,0,0,0,0,1,0
rmUiuNs5zXo,30.0,40.0,"/m/09x0r,/t/dd00002",0,0,1,0,0,0,0,0
ARREIVZErYw,30.0,40.0,"/m/012n7d,/m/09x0r",0,0,0,0,0,0,1,0
BBJ0y1q00L0,30.0,40.0,"/m/03qc9zr,/m/09x0r",1,0,0,0,0,0,0,0
P_v7b7QLQxE,30.0,40.0,"/m/046dlr,/m/07pp_mv",0,0,0,0,0,0,0,1
rIQIHXwqnTE,50.0,60.0,/m/0c3f7m,0,0,0,0,0,0,0,1
Im-lNbV3cbs,120.0,130.0,"/m/068hy,/m/09x0r,/m/0bt9lr,/m/0jbk",0,0,0,0,0,0,0,0
qlkN4tCN37o,30.0,40.0,"/m/09x0r,/t/dd00002",0,0,1,0,0,0,0,0
8HqOjWyahzI,20.0,30.0,/m/0c3f7m,0,0,0,0,0,0,0,1
eAjCeRq_kuI,130.0,140.0,"/m/04qvtq,/m/07yv9",0,0,0,0,0,0,1,0
5Riyt6HcKT4,110.0,120.0,/m/032s66,0,0,0,0,1,0,0,0
BMO4ANNKH4s,170.0,180.0,"/m/039jq,/m/04rlf,/m/04szw",0,0,0,0,0,1,0,0
wRbdcLKvuts,80.0,90.0,"/m/04rlf,/m/09x0r",0,0,0,0,0,0,0,0
PTQT_AbRe3c,20.0,30.0,"/m/01j3sz,/m/09x0r,/t/dd00002,/t/dd00125",0,0,1,0,0,0,0,0
WoW1P7hCKVI,30.0,40.0,/m/04rlf,0,0,0,0,0,0,0,0
TuAQ-H-bal0,310.0,320.0,"/m/032s66,/m/04zjc",0,0,0,0,1,0,0,0
z9ABMWzU2kc,40.0,50.0,"/m/0463cq4,/m/09x0r,/t/dd00002",0,0,1,0,0,0,0,0
niyvdGQxDuM,260.0,270.0,"/m/03qtwd,/m/053hz1,/t/dd00135",0,1,0,0,0,0,0,0
tupFX4EzPn8,30.0,40.0,"/m/04rlf,/t/dd00002",0,0,1,0,0,0,0,0
l-xb1gXOP4c,0.0,10.0,/m/0g6b5,0,0,0,1,0,0,0,0
uAocJCFUSmU,40.0,50.0,"/m/03qtwd,/m/053hz1,/t/dd00135",0,1,0,0,0,0,0,0
CkwtygLgFok,30.0,40.0,"/m/03qc9zr,/m/04rlf,/m/09x0r",1,0,0,0,0,0,0,0
uIZBdtrYujI,0.0,10.0,/m/04rlf,0,0,0,0,0,0,0,0
MX1TVlRLJg0,0.0,10.0,"/m/012ndj,/m/03j1ly,/m/03kmc9",0,0,0,0,0,0,1,0
WhGpywrGrAQ,30.0,40.0,"/m/07yv9,/m/09x0r,/m/0k4j",0,0,0,0,0,0,0,0
F48YiwQh5Ho,2.0,12.0,/m/03qc9zr,1,0,0,0,0,0,0,0
deNTjH0BZCM,10.0,20.0,"/m/07pp_mv,/t/dd00125",0,0,0,0,0,0,0,1
L7a1sW25K6Q,160.0,170.0,"/m/09x0r,/t/dd00125",0,0,0,0,0,0,0,0
trH0-ndIUTg,30.0,40.0,"/m/04rlf,/m/09x0r",0,0,0,0,0,0,0,0
tcam-_o4SSA,20.0,30.0,/m/0463cq4,0,0,1,0,0,0,0,0
h9oEGPGf1ew,100.0,110.0,"/m/01y3hg,/m/0c3f7m",0,0,0,0,0,0,0,1
TKwdUSD8Mdo,10.0,20.0,"/m/012n7d,/m/03j1ly,/m/03kmc9",0,0,0,0,0,0,1,0
xfDIvhMfSyA,90.0,100.0,/m/09x0r,0,0,0,0,0,0,0,0
W4s5onWveBo,0.0,10.0,"/m/03qc9zr,/m/09x0r",1,0,0,0,0,0,0,0
1-gDrMLZsso,5.0,15.0,"/m/03j1ly,/m/03kmc9,/m/04qvtq",0,0,0,0,0,0,1,0
3BiEKS4CoYc,30.0,40.0,"/m/04rlf,/m/09x0r",0,0,0,0,0,0,0,0
wCzeb9MiGfI,60.0,70.0,"/m/012n7d,/m/03j1ly,/m/03kmc9",0,0,0,0,0,0,1,0
2V56kbDXe4o,30.0,40.0,"/m/03qc9zr,/m/04rlf",1,0,0,0,0,0,0,0
4rIZRQEjwrI,30.0,40.0,"/m/04rlf,/m/09x0r,/m/0g6b5",0,0,0,1,0,0,0,0
L91jPvK3K8s,30.0,40.0,/m/0463cq4,0,0,1,0,0,0,0,0
82vYEWGSC2E,480.0,490.0,/m/032s66,0,0,0,0,1,0,0,0
I6gIW8VUXp0,30.0,40.0,"/m/02mfyn,/m/03j1ly,/m/03kmc9,/m/04qvtq",0,0,0,0,0,0,1,1
wBNm326B_9E,30.0,40.0,"/m/04rlf,/m/09x0r,/t/dd00002",0,0,1,0,0,0,0,0
rTRZnl_NbeU,500.0,510.0,"/m/09x0r,/t/dd00125",0,0,0,0,0,0,0,0
CM4eZ3xNouA,30.0,40.0,"/m/09x0r,/t/dd00002",0,0,1,0,0,0,0,0
WUbDx02U2qw,220.0,230.0,"/m/0463cq4,/m/07r660_,/m/09x0r,/t/dd00002,/t/dd00125",0,0,1,0,0,0,0,0
yF3ExPkSn4Y,60.0,70.0,/m/03qc9zr,1,0,0,0,0,0,0,0
kGU5bO8fMNw,30.0,40.0,"/m/012f08,/m/03j1ly,/m/03kmc9,/m/07yv9",0,0,0,0,0,0,1,0
4T2sS5ipPO8,270.0,280.0,"/m/032s66,/m/04zjc",0,0,0,0,1,0,0,0
C92T1QixZPU,30.0,40.0,"/m/03qc9zr,/m/04rlf",1,0,0,0,0,0,0,0
1-VMTJRpjbE,150.0,160.0,"/m/09x0r,/m/0c3f7m",0,0,0,0,0,0,0,1
NJ9NYYJF6Gc,30.0,40.0,"/m/09x0r,/t/dd00002",0,0,1,0,0,0,0,0
tqbxnsUkL6o,70.0,80.0,"/m/03qc9zr,/m/04rlf",1,0,0,0,0,0,0,0
q6UIQq9ntAU,0.0,10.0,"/m/039jq,/m/04rlf,/m/07qs1cx",0,0,0,0,0,1,0,0
wSVkxjMydrQ,40.0,50.0,"/m/01y3hg,/m/09x0r,/t/dd00125",0,0,0,0,0,0,0,1
Dxp7TGVbsjc,380.0,390.0,"/m/03qtwd,/m/04gy_2,/m/053hz1,/t/dd00135",0,1,0,0,0,0,0,0
dKawWq-A5Lk,10.0,20.0,"/m/09x0r,/m/0g6b5",0,0,0,1,0,0,0,0
9VMLgBqcu24,0.0,5.0,/t/dd00002,0,0,1,0,0,0,0,0
7E3Z32M-0tk,10.0,20.0,"/m/04rlf,/m/07p6fty",0,1,0,0,0,0,0,0
8A9oHa99bJY,30.0,40.0,"/m/03qtwd,/m/0g6b5",0,0,0,1,0,0,0,0
lbLFYOSNbGQ,80.0,90.0,"/m/03qc9zr,/m/04rlf",1,0,0,0,0,0,0,0
fSXROtIY4vM,30.0,40.0,"/m/012ndj,/m/03j1ly,/m/03kmc9",0,0,0,0,0,0,1,0
MJjzWmKKLn0,30.0,40.0,/m/04rlf,0,0,0,0,0,0,0,0
O_G8cE6pUKk,40.0,50.0,"/m/04rlf,/m/05pd6",0,0,0,0,0,0,0,0
a6kjXoqwBCg,140.0,150.0,"/m/03qtwd,/m/053hz1,/t/dd00135",0,1,0,0,0,0,0,0
C2HEgB69HMk,3.0,13.0,"/m/032s66,/m/0_1c",0,0,0,0,1,0,0,0
e90CkFZGrUM,180.0,190.0,"/m/07pp_mv,/m/09x0r",0,0,0,0,0,0,0,1
nrcC8Dx7bGc,40.0,50.0,"/m/03qc9zr,/m/09x0r",1,0,0,0,0,0,0,0
7obYklU0KQM,30.0,40.0,"/m/0463cq4,/m/09x0r,/t/dd00002",0,0,1,0,0,0,0,0
DJM9G4tg32o,120.0,130.0,"/m/04rlf,/m/07p6fty,/m/09x0r",0,1,0,0,0,0,0,0
AsQXL6yXbvs,30.0,40.0,"/m/03j1ly,/m/03kmc9,/m/04qvtq",0,0,0,0,0,0,1,0
j5_CFrIyj7g,100.0,110.0,"/m/014zdl,/m/04rlf,/m/0c1dj",0,0,0,1,0,0,0,0
W_Wnp_DngxU,30.0,40.0,/m/04qvtq,0,0,0,0,0,0,1,0
9psfGtmVMU4,40.0,50.0,"/m/07p6fty,/m/09x0r",0,1,0,0,0,0,0,0
TjMnyeUN-qQ,0.0,7.0,/t/dd00002,0,0,1,0,0,0,0,0
DnLgN7eWyUw,30.0,40.0,/m/0c3f7m,0,0,0,0,0,0,0,1
2xuhfIVuOq0,5.0,15.0,/t/dd00002,0,0,1,0,0,0,0,0
4zc31OIwuhA,30.0,40.0,/m/09x0r,0,0,0,0,0,0,0,0
I1kZlROtcyM,0.0,7.0,"/m/012ndj,/m/03j1ly,/m/07r04,/m/07yv9,/m/09x0r",0,0,0,0,0,0,1,0
7ZnyaDstbnU,30.0,40.0,"/m/039jq,/m/04rlf,/m/07q7njn",0,0,0,0,0,1,0,0
xDlsZRjufCw,220.0,230.0,"/m/03qtwd,/m/053hz1,/t/dd00135",0,1,0,0,0,0,0,0
DqJb2Rz79ao,300.0,310.0,/m/032s66,0,0,0,0,1,0,0,0
9tC9cVtEuQU,400.0,410.0,"/m/0463cq4,/m/09x0r,/t/dd00125",0,0,1,0,0,0,0,0
LtMt-f7zSUU,470.0,480.0,"/m/09x0r,/m/0c3f7m",0,0,0,0,0,0,0,1
jMgpv1BgDq0,50.0,60.0,"/m/03qtwd,/t/dd00135",0,1,0,0,0,0,0,0
iLpkFf1GIsQ,170.0,180.0,/m/04rlf,0,0,0,0,0,0,0,0
zAOi6hQ7UQM,10.0,20.0,"/m/07p6fty,/m/09x0r",0,1,0,0,0,0,0,0
ygYkrti4vNg,540.0,550.0,"/m/032s66,/m/073cg4",0,0,0,0,1,0,0,0
VqXsF2MF37w,30.0,40.0,/m/09x0r,0,0,0,0,0,0,0,0
3hHNA185JQU,60.0,70.0,"/m/039jq,/m/09x0r",0,0,0,0,0,1,0,0
uI8LZxZVvLk,10.0,20.0,"/m/07pp_mv,/m/0c3f7m",0,0,0,0,0,0,0,1
7M8959vuK_M,30.0,40.0,"/m/04rlf,/m/09x0r",0,0,0,0,0,0,0,0
ufkS7UP3eLo,340.0,350.0,"/m/015lz1,/m/04rlf,/t/dd00126",0,0,0,0,0,0,0,0
L_DeY4aMlmU,140.0,150.0,/m/04rlf,0,0,0,0,0,0,0,0
RNGY1uuOED0,20.0,30.0,/m/039jq,0,0,0,0,0,1,0,0
MgUi1SUn-ik,17.0,27.0,"/m/014zdl,/m/09x0r",0,0,0,1,0,0,0,0
uNl_FoFzjV8,260.0,270.0,"/m/014zdl,/m/09x0r,/m/0g6b5",0,0,0,1,0,0,0,0
EemBk-epLdw,60.0,70.0,"/m/04rlf,/m/074ft,/m/0glt670",0,0,0,0,0,0,0,0
ZYw7DoyLPoI,110.0,120.0,"/m/04rlf,/m/07p6fty,/m/09x0r",0,1,0,0,0,0,0,0
H3cmljPJbes,30.0,40.0,"/m/03j1ly,/m/03kmc9",0,0,0,0,0,0,1,0
kc5jRNRjViI,40.0,50.0,"/m/0463cq4,/m/068hy,/m/0bt9lr,/m/0jbk",0,0,1,0,0,0,0,0
eVgf1q2eFks,30.0,40.0,/m/02mfyn,0,0,0,0,0,0,0,1
X4jIkctapb8,40.0,50.0,"/m/03qc9zr,/m/04rmv,/m/09x0r",1,0,0,0,0,0,0,0
OiJIg2YXfRU,230.0,240.0,"/m/07pp_mv,/m/09x0r",0,0,0,0,0,0,0,1
wbT-8Klj0UA,30.0,40.0,"/m/04rlf,/m/09x0r",0,0,0,0,0,0,0,0
cMIgtKIXzuc,270.0,280.0,"/m/03qc9zr,/m/09x0r,/m/0ytgt,/t/dd00001,/t/dd00125",1,0,0,0,0,0,0,0
kY4oaEjfxCc,290.0,300.0,"/m/012n7d,/m/02mfyn,/m/03j1ly,/m/03kmc9,/m/04qvtq",0,0,0,0,0,0,1,1
es5v0KHkAPQ,120.0,130.0,"/m/04rlf,/m/04szw,/m/05148p4,/m/05r5c,/m/0ggq0m",0,0,0,0,0,0,0,0
xqGFPinyrAM,30.0,40.0,"/m/04rlf,/m/09x0r",0,0,0,0,0,0,0,0
fM7xBUzsjxo,30.0,40.0,"/m/03qtwd,/m/053hz1,/m/07p_0gm,/m/07rcgpl,/t/dd00135",0,1,0,0,0,0,0,0
sEpEhXA-ZL8,230.0,240.0,"/m/04rlf,/m/07pp_mv,/t/dd00125",0,0,0,0,0,0,0,1
cgcbxnSvg_4,70.0,80.0,"/m/04rlf,/m/07p6fty",0,1,0,0,0,0,0,0
ZBFTv023AvE,240.0,250.0,/m/04rlf,0,0,0,0,0,0,0,0
7VKMhHVYO3g,30.0,40.0,"/m/012f08,/m/03j1ly,/m/03kmc9,/m/07yv9",0,0,0,0,0,0,1,0
Ci2WDPKvims,280.0,290.0,/m/032s66,0,0,0,0,1,0,0,0
CJ81qB9p4UM,30.0,40.0,"/m/053hz1,/m/09x0r,/m/0g6b5",0,0,0,1,0,0,0,0
oMyDL12HJiQ,250.0,260.0,/m/039jq,0,0,0,0,0,1,0,0
Jwt3JQCevSw,120.0,130.0,"/m/014zdl,/m/09x0r,/t/dd00128",0,0,0,1,0,0,0,0
gmMJnqi7Rrw,170.0,180.0,/m/0g6b5,0,0,0,1,0,0,0,0
AdTSpfTB0C8,190.0,200.0,/m/02mfyn,0,0,0,0,0,0,0,1
4ZlPP_gFhPk,40.0,50.0,"/m/04rlf,/m/07pp_mv,/m/09x0r",0,0,0,0,0,0,0,1
xgkTpXrucq4,30.0,40.0,"/m/03qtwd,/m/053hz1,/t/dd00135",0,1,0,0,0,0,0,0
MI-oqzYg-ew,110.0,120.0,"/m/07pp_mv,/m/09x0r",0,0,0,0,0,0,0,1
i74T4DHi7m0,0.0,10.0,"/m/03qc9zr,/m/09x0r",1,0,0,0,0,0,0,0
BRNngtDgpGY,140.0,150.0,"/m/04rlf,/m/07p6fty",0,1,0,0,0,0,0,0
79rmTWPTE4k,20.0,30.0,"/m/046dlr,/m/07pp_mv",0,0,0,0,0,0,0,1
YKI2QVzf7jA,30.0,40.0,/m/04rlf,0,0,0,0,0,0,0,0
KR2qvsRVUsE,250.0,260.0,/m/032s66,0,0,0,0,1,0,0,0
_84TSgSkr44,13.0,23.0,/t/dd00002,0,0,1,0,0,0,0,0
HtG_OAa88zI,140.0,150.0,"/m/04rlf,/m/0y4f8",0,0,0,0,0,0,0,0
7K-Jao1hnXE,40.0,50.0,"/m/015lz1,/m/04rlf,/m/07p6fty",0,1,0,0,0,0,0,0
St9FO7wo8-Q,30.0,40.0,"/m/07pzfmf,/m/0g6b5",0,0,0,1,0,0,0,0
2IRTIUYmEGw,230.0,240.0,/m/03qc9zr,1,0,0,0,0,0,0,0
EIR0-4WWDtQ,30.0,40.0,/m/04rlf,0,0,0,0,0,0,0,0
-hcdEz54leA,70.0,80.0,/m/032s66,0,0,0,0,1,0,0,0
ydxAIq94G2w,50.0,60.0,/m/032s66,0,0,0,0,1,0,0,0
C_zET2SwW5c,0.0,10.0,"/m/03qc9zr,/m/06d_3,/m/07jdr,/m/07yv9,/m/09x0r",1,0,0,0,0,0,0,0
RPLTQnvSkcY,30.0,40.0,/m/03kmc9,0,0,0,0,0,0,1,0
elg_gdi02J0,40.0,50.0,"/m/02lkt,/m/04rlf,/m/07s72n",0,0,0,0,0,0,0,0
1kFLvutY__w,30.0,40.0,/m/014zdl,0,0,0,1,0,0,0,0
_XusTa2prSw,30.0,40.0,/m/039jq,0,0,0,0,0,1,0,0
eFFOqszDTpA,0.0,10.0,/m/039jq,0,0,0,0,0,1,0,0
_HK4LRQN4j4,0.0,7.0,"/m/014zdl,/m/07qsvvw",0,0,0,1,0,0,0,0
j97Kcvlhc8w,0.0,10.0,/m/039jq,0,0,0,0,0,1,0,0
XP8F1T7dk94,40.0,50.0,/m/02mfyn,0,0,0,0,0,0,0,1
_n_yrSxOhbA,40.0,50.0,"/m/03qtwd,/m/053hz1,/t/dd00135",0,1,0,0,0,0,0,0
2zBAM41lOGo,0.0,10.0,"/m/03qc9zr,/m/04rlf,/m/09x0r",1,0,0,0,0,0,0,0
FVszsVpyGuQ,30.0,40.0,"/m/012ndj,/m/07r04,/m/07yv9,/m/09x0r",0,0,0,0,0,0,1,0
7QhLPIzJFgQ,20.0,30.0,"/m/07pp_mv,/m/0c3f7m",0,0,0,0,0,0,0,1
1zgJ0PbEs8Y,50.0,60.0,"/m/015lz1,/m/03qtwd,/m/04rlf,/m/064t9,/m/07p6fty",0,1,0,0,0,0,0,0
aFVdCDUdjqw,30.0,40.0,"/m/07pxg6y,/m/09x0r",0,0,0,0,0,0,0,0
kmjBJt4q5Vs,30.0,40.0,/m/04rlf,0,0,0,0,0,0,0,0
xaPbzoVf__8,30.0,40.0,/m/0c3f7m,0,0,0,0,0,0,0,1
pn-C6f70K2M,180.0,190.0,"/m/01s0ps,/m/04rlf,/m/04szw,/m/05148p4,/m/05r5c",0,0,0,0,0,0,0,0
zodTMCJFKv8,110.0,120.0,/m/03qc9zr,1,0,0,0,0,0,0,0
ZzlDyM8lFHg,30.0,40.0,/m/03kmc9,0,0,0,0,0,0,1,0
VYh8bhTwtjY,14.0,24.0,"/m/04rlf,/t/dd00002",0,0,1,0,0,0,0,0
b32WUqAUqnI,70.0,80.0,"/m/032s66,/m/04zjc",0,0,0,0,1,0,0,0
f2YmOhY_hao,0.0,10.0,/m/0g6b5,0,0,0,1,0,0,0,0
D1mnc1ii1aY,30.0,40.0,"/m/032s66,/m/073cg4",0,0,0,0,1,0,0,0
0JFfTcAXT2Y,30.0,40.0,"/m/01y3hg,/m/02fs_r,/m/09x0r",0,0,0,0,0,0,0,1
woYiD4igb5Q,30.0,40.0,/m/04rlf,0,0,0,0,0,0,0,0
GhHgQwxW6cw,0.0,8.0,/m/03qc9zr,1,0,0,0,0,0,0,0
6CuHGgRiBKM,30.0,40.0,/m/04rlf,0,0,0,0,0,0,0,0
T_1D38pY-Dc,10.0,20.0,"/m/09x0r,/m/0g6b5,/t/dd00129",0,0,0,1,0,0,0,0
6nMai-mrwzo,200.0,210.0,"/m/09x0r,/m/0g6b5",0,0,0,1,0,0,0,0
tYDEjfvg0iA,40.0,50.0,"/m/046dlr,/m/07pp_mv,/m/09x0r",0,0,0,0,0,0,0,1
HxlsfoSrHZE,20.0,30.0,"/m/03fwl,/m/03qc9zr,/m/0jbk",1,0,0,0,0,0,0,0
RLhQfM6QDis,0.0,10.0,/m/0c3f7m,0,0,0,0,0,0,0,1
LO_M4QDfvf4,30.0,40.0,"/m/01qbl,/m/026t6,/m/02hnl,/m/04rlf,/m/04szw,/m/06rvn,/m/0bm02,/t/dd00125",0,0,0,0,0,0,0,0
lpmE_FRlnjw,220.0,230.0,"/m/030rvx,/m/07pp_mv,/m/09x0r",0,0,0,0,0,0,0,1
i2hIh4rXeeE,30.0,40.0,"/m/03kmc9,/m/0dgbq",0,0,0,0,0,0,1,0
UO4ZHFjfrQk,10.0,20.0,"/m/03fwl,/m/03qc9zr,/m/04rlf,/m/0jbk",1,0,0,0,0,0,0,0
0LA_Bt_J6gA,50.0,60.0,/m/0463cq4,0,0,1,0,0,0,0,0
5QfGdv3W8KE,30.0,40.0,"/m/019jd,/m/056ks2,/m/07yv9,/m/09x0r",0,0,0,0,0,0,0,0
tRBeK8uwaqQ,30.0,40.0,"/m/012f08,/m/04qvtq,/m/07yv9,/m/0k4j,/t/dd00134",0,0,0,0,0,0,1,0
-gk3LALyrZg,40.0,50.0,/t/dd00002,0,0,1,0,0,0,0,0
3-gROn3c7Qk,22.0,32.0,/m/014zdl,0,0,0,1,0,0,0,0
B_j1WBI2O0k,260.0,270.0,"/m/04rlf,/m/07p6fty,/m/09x0r,/t/dd00126",0,1,0,0,0,0,0,0
HLKE-Xqg0UA,30.0,40.0,/m/09x0r,0,0,0,0,0,0,0,0
ngZ9X9lyeXM,320.0,330.0,"/m/039jq,/m/09x0r",0,0,0,0,0,1,0,0
p52_K2ToaP8,70.0,80.0,"/m/03qc9zr,/m/09x0r",1,0,0,0,0,0,0,0
gR24WJtEKXQ,30.0,40.0,"/m/09x0r,/t/dd00002",0,0,1,0,0,0,0,0
NGLwQkvas04,30.0,40.0,"/m/03qc9zr,/m/09x0r,/m/0ytgt",1,0,0,0,0,0,0,0
vcyKuKJadAk,100.0,110.0,"/m/03qtwd,/m/053hz1,/t/dd00135",0,1,0,0,0,0,0,0
wq1Euwljzmg,18.0,28.0,"/m/04rlf,/m/09x0r,/t/dd00002",0,0,1,0,0,0,0,0
l7lRz4krEsI,10.0,20.0,"/m/02x8m,/m/04rlf,/m/07p6fty",0,1,0,0,0,0,0,0
iQD6mIwQkbw,30.0,40.0,/t/dd00002,0,0,1,0,0,0,0,0
PB2bvTsG57I,30.0,40.0,"/m/03qtwd,/m/053hz1,/t/dd00135",0,1,0,0,0,0,0,0
2plhQv1ZUSc,10.0,20.0,/m/0g6b5,0,0,0,1,0,0,0,0
gZ4HInbq7Is,30.0,40.0,"/m/014zdl,/m/07qsvvw",0,0,0,1,0,0,0,0
5L78Wi1rhyA,160.0,170.0,"/m/03qc9zr,/m/04rlf,/m/07c52,/m/09x0r",1,0,0,0,0,0,0,0
UjKGc0Beyj4,10.0,20.0,"/m/0463cq4,/m/04rlf,/m/07p6fty,/m/09x0r",0,1,1,0,0,0,0,0
JflPWh2WEsc,30.0,40.0,"/m/032s66,/m/04zjc",0,0,0,0,1,0,0,0
V9N_ZM5Xz4w,290.0,300.0,"/m/012ndj,/m/03j1ly,/m/03kmc9,/m/07r04,/m/07yv9",0,0,0,0,0,0,1,0
cvosYAERUqY,30.0,40.0,/m/09x0r,0,0,0,0,0,0,0,0
NhICU7yddyA,110.0,120.0,"/m/030rvx,/m/09x0r,/m/0c3f7m",0,0,0,0,0,0,0,1
HUp72XbuEA4,50.0,60.0,"/m/015lz1,/m/0342h,/m/04rlf,/m/04szw,/m/07p6fty,/m/0fx80y",0,1,0,0,0,0,0,0
RccqpD7YxFQ,21.0,31.0,"/m/03kmc9,/m/0dgbq",0,0,0,0,0,0,1,0
As52-FshRcA,540.0,550.0,"/m/039jq,/m/04rlf,/m/04szw,/m/09x0r",0,0,0,0,0,1,0,0
9FtLIc-a0I8,10.0,20.0,"/m/03qtwd,/t/dd00135",0,1,0,0,0,0,0,0
fSqlLLSDPYc,80.0,90.0,"/m/012ndj,/m/03j1ly,/m/03kmc9",0,0,0,0,0,0,1,0
JV_HQ1tGRlQ,0.0,5.0,"/m/04rlf,/m/09x0r,/t/dd00002",0,0,1,0,0,0,0,0
Axs9O9itlLE,30.0,40.0,/m/09x0r,0,0,0,0,0,0,0,0
9uL1FNGA9vM,70.0,80.0,"/m/09x0r,/m/0c3f7m,/t/dd00125",0,0,0,0,0,0,0,1
jk18DmFdH1c,20.0,30.0,"/m/03qc9zr,/m/04rlf,/m/09x0r",1,0,0,0,0,0,0,0
cBUcW0sPg5k,10.0,20.0,"/m/039jq,/m/07pc8lb",0,0,0,0,0,1,0,0
NGpQ6afYEW4,150.0,160.0,"/m/015lz1,/m/04rlf,/m/07p6fty,/t/dd00127",0,1,0,0,0,0,0,0
0BuPnqZ4XxA,30.0,40.0,"/m/04rlf,/m/09x0r",0,0,0,0,0,0,0,0
atmDP_fmK_8,0.0,8.0,"/m/014zdl,/m/07qsvvw",0,0,0,1,0,0,0,0
e2_Zr29smD8,460.0,470.0,"/m/09x0r,/m/0c3f7m",0,0,0,0,0,0,0,1
tGX4GBQ3a5g,40.0,50.0,"/m/04rlf,/m/07p6fty,/m/09x0r",0,1,0,0,0,0,0,0
Htn_jYoaDL8,200.0,210.0,"/m/03qtwd,/m/053hz1,/t/dd00135",0,1,0,0,0,0,0,0
8ApAJlGwze0,2.0,12.0,"/m/03k3r,/m/07rv9rh,/m/09x0r",0,0,0,0,0,0,0,0
84CwElhDJ2Q,30.0,40.0,"/m/026t6,/m/02hnl,/m/04rlf,/m/04szw",0,0,0,0,0,0,0,0
4rTthffVk2Y,30.0,40.0,"/m/0342h,/m/04rlf,/m/04szw,/m/09x0r,/m/0fx80y",0,0,0,0,0,0,0,0
vvi1hCoFAgo,20.0,30.0,"/m/03qtwd,/m/053hz1,/t/dd00135",0,1,0,0,0,0,0,0
1cBFEFQSkGQ,30.0,40.0,"/m/04rlf,/m/07pp_mv,/m/09x0r",0,0,0,0,0,0,0,1
nkw8mvxr0qA,130.0,140.0,"/m/03kmc9,/m/0dgbq",0,0,0,0,0,0,1,0
FZ7M6sLme7s,30.0,40.0,"/m/04rlf,/m/0l14j_",0,0,0,0,0,0,0,0
JwyqKBbOPhg,0.0,10.0,"/m/04qvtq,/m/04rlf,/m/09x0r",0,0,0,0,0,0,1,0
-0SUfJHqSyY,0.0,6.0,"/m/04rlf,/m/07c52",0,0,0,0,0,0,0,0
9LLGyHDWXF8,50.0,60.0,"/m/04rlf,/m/09x0r,/m/0g6b5",0,0,0,1,0,0,0,0
voxRqDSPHRc,30.0,40.0,"/m/03qc9zr,/m/0463cq4,/m/09x0r",1,0,1,0,0,0,0,0
n-pl5QULjd0,90.0,100.0,"/m/039jq,/m/09x0r",0,0,0,0,0,1,0,0
6f9hp7CJn64,40.0,50.0,"/m/03qtwd,/m/053hz1,/t/dd00135",0,1,0,0,0,0,0,0
VVxT0M6VU-Y,30.0,40.0,/m/03kmc9,0,0,0,0,0,0,1,0
1Wuytc26kQo,30.0,40.0,"/m/03qc9zr,/m/04rlf",1,0,0,0,0,0,0,0
hPPp_yXQQn0,180.0,190.0,"/m/09x0r,/m/0g6b5",0,0,0,1,0,0,0,0
X0iT0v_e_DA,250.0,260.0,/m/01y3hg,0,0,0,0,0,0,0,1
KtSj2b3CfGc,0.0,7.0,/m/03qc9zr,1,0,0,0,0,0,0,0
6YkMqL4nsJM,50.0,60.0,"/m/01y3hg,/m/09x0r",0,0,0,0,0,0,0,1
NA-0sDAotJo,50.0,60.0,"/m/0342h,/m/03_d0,/m/04rlf,/m/04szw",0,0,0,0,0,0,0,0
Gg5efksw4N8,80.0,90.0,/m/0g6b5,0,0,0,1,0,0,0,0
sH3Kt3-j9Ew,30.0,40.0,"/m/09x0r,/m/0jbk",0,0,0,0,0,0,0,0
zKFnXXyQemA,30.0,40.0,/m/04rlf,0,0,0,0,0,0,0,0
8ER6sXss5EU,30.0,40.0,/m/04rlf,0,0,0,0,0,0,0,0
vEICIyaTusg,190.0,200.0,"/m/015lz1,/m/03qtwd,/m/04rlf,/m/05r6t,/m/06by7,/m/07p6fty",0,1,0,0,0,0,0,0
hTCJ91oPxVU,60.0,70.0,"/m/03qc9zr,/m/09x0r",1,0,0,0,0,0,0,0
_CRemOTEeuI,40.0,50.0,"/m/04rlf,/m/07p6fty,/m/09x0r,/t/dd00126",0,1,0,0,0,0,0,0
TQhgg5ha77c,23.0,33.0,"/m/09x0r,/t/dd00002",0,0,1,0,0,0,0,0
qBq_ofoksW4,0.0,10.0,"/m/0463cq4,/m/09x0r",0,0,1,0,0,0,0,0
mfs7Ik0oss4,0.0,10.0,"/m/0463cq4,/m/04rlf,/t/dd00002",0,0,1,0,0,0,0,0
Org7d9MRRaA,30.0,40.0,/m/04rlf,0,0,0,0,0,0,0,0
yj8MqyKEWck,10.0,20.0,"/m/0g6b5,/t/dd00128",0,0,0,1,0,0,0,0
wRE6vY_2-r0,80.0,90.0,/m/0g6b5,0,0,0,1,0,0,0,0
Wak5QxsS-QU,30.0,40.0,"/m/012n7d,/m/02mfyn,/m/03j1ly,/m/03kmc9",0,0,0,0,0,0,1,1
7qq_hE8geCk,0.0,10.0,/m/09x0r,0,0,0,0,0,0,0,0
ADKjrxUihKk,30.0,40.0,/m/03qc9zr,1,0,0,0,0,0,0,0
FiC5FjF1ynI,30.0,40.0,"/m/04rlf,/m/07p6fty",0,1,0,0,0,0,0,0
6LmIcRBB0h0,30.0,40.0,"/m/04rlf,/m/09x0r",0,0,0,0,0,0,0,0
gNeoYIaKgRc,10.0,20.0,"/m/0463cq4,/t/dd00002",0,0,1,0,0,0,0,0
YfxejAWkNcY,20.0,30.0,"/m/01z5f,/m/068hy,/m/09x0r,/m/0bt9lr,/m/0ghcn6,/m/0jbk",0,0,0,0,0,0,0,0
31C6xlxr2-I,0.0,4.0,/m/014zdl,0,0,0,1,0,0,0,0
xEJFlSm1Rho,10.0,20.0,"/m/03qc9zr,/m/04rlf,/m/05zppz,/m/09x0r",1,0,0,0,0,0,0,0
0ZZ70yznpCE,10.0,20.0,"/m/07qz6j3,/m/09x0r,/t/dd00002",0,0,1,0,0,0,0,0
W-CwUhhYa6Y,0.0,6.0,"/m/03qc9zr,/m/068hy,/m/0bt9lr,/m/0jbk",1,0,0,0,0,0,0,0
yn332l7pzSY,30.0,40.0,"/m/07qz6j3,/m/09x0r,/t/dd00002",0,0,1,0,0,0,0,0
JX8yaXBZR5I,170.0,180.0,"/m/032s66,/m/04zjc",0,0,0,0,1,0,0,0
zKHVgNpbZko,70.0,80.0,/m/09x0r,0,0,0,0,0,0,0,0
DMMCiQB7-E4,30.0,40.0,"/m/07pp_mv,/m/09x0r,/m/0c3f7m",0,0,0,0,0,0,0,1
MDehHF6cJMo,0.0,10.0,"/m/0463cq4,/m/04rlf,/m/09x0r,/m/0lyf6",0,0,1,0,0,0,0,0
heCln1KzDd4,210.0,220.0,"/m/0463cq4,/m/04rlf,/m/09x0r",0,0,1,0,0,0,0,0
CU8XJCYpySQ,30.0,40.0,"/m/04rlf,/m/04szw,/m/07y_7",0,0,0,0,0,0,0,0
I9qFesxOVwQ,0.0,10.0,"/m/011k_j,/m/04rlf",0,0,0,0,0,0,0,0
cc20Uf2q6SE,0.0,10.0,"/m/014zdl,/m/09x0r",0,0,0,1,0,0,0,0
cvYZ_AKWolo,80.0,90.0,/m/032s66,0,0,0,0,1,0,0,0
U4O_PiDWyY8,130.0,140.0,/m/09x0r,0,0,0,0,0,0,0,0
YRCjuB6IwCE,24.0,34.0,/t/dd00002,0,0,1,0,0,0,0,0
kipE-sDdsDY,10.0,20.0,"/m/0463cq4,/m/09x0r,/t/dd00002,/t/dd00125",0,0,1,0,0,0,0,0
6k0b_y_bly0,10.0,20.0,/m/0463cq4,0,0,1,0,0,0,0,0
ehTNX_JP3fk,30.0,40.0,"/m/039jq,/m/09x0r",0,0,0,0,0,1,0,0
YrywySRt18g,40.0,50.0,/m/032s66,0,0,0,0,1,0,0,0
CngsPppEunk,10.0,20.0,"/m/0463cq4,/t/dd00002",0,0,1,0,0,0,0,0
Vya087ERocc,10.0,20.0,"/m/015lz1,/m/0463cq4,/m/09x0r",0,0,1,0,0,0,0,0
Cku9iaQncWA,27.0,37.0,"/m/02mfyn,/m/03j1ly,/m/03kmc9,/m/04qvtq",0,0,0,0,0,0,1,1
FwoJ69JvYjo,310.0,320.0,"/m/03qtwd,/m/053hz1,/t/dd00135",0,1,0,0,0,0,0,0
Sf9DDfotTgc,70.0,80.0,"/m/07pp_mv,/m/09x0r",0,0,0,0,0,0,0,1
oSQWkWvEq08,20.0,30.0,"/m/01qbl,/m/02hnl,/m/03qtq,/m/03t3fj,/m/04rlf,/m/06rvn",0,0,0,0,0,0,0,0
XYACx4-9fGg,40.0,50.0,/m/032s66,0,0,0,0,1,0,0,0
ZJTSTYE9-YI,80.0,90.0,"/m/026z9,/m/04rlf",0,0,0,0,0,0,0,0
Vpb2khTcbqc,12.0,22.0,"/m/012ndj,/m/03j1ly,/m/03kmc9",0,0,0,0,0,0,1,0
gUwGWAJHRBI,0.0,10.0,"/m/039jq,/m/04brg2,/m/04rlf,/m/09x0r",0,0,0,0,0,1,0,0
k25MhEd58Kk,70.0,80.0,/m/012ndj,0,0,0,0,0,0,1,0
fxHVsGLdHpM,70.0,80.0,"/m/02_41,/m/03qtwd,/m/09x0r,/m/0g6b5",0,0,0,1,0,0,0,0
W0nF9nJbOzE,130.0,140.0,/m/09x0r,0,0,0,0,0,0,0,0
-Acd_9JPIN4,30.0,40.0,"/m/04rlf,/m/09x0r",0,0,0,0,0,0,0,0
viRMdXrTwTo,290.0,300.0,"/m/039jq,/m/09x0r",0,0,0,0,0,1,0,0
8yc4zYo4A_8,130.0,140.0,/m/0g6b5,0,0,0,1,0,0,0,0
9Q8i01Llahc,30.0,40.0,/t/dd00002,0,0,1,0,0,0,0,0
FVKDQEIzutU,0.0,10.0,"/g/122z_qxw,/m/0g6b5",0,0,0,1,0,0,0,0
s3jIJ_eVLQU,0.0,10.0,"/m/04qvtq,/m/07yv9,/t/dd00134",0,0,0,0,0,0,1,0
QYxJVZFXhcQ,30.0,40.0,/m/09x0r,0,0,0,0,0,0,0,0
3zAp2kxzU7Q,50.0,60.0,"/m/03qc9zr,/m/04rlf,/m/07rn7sz",1,0,0,0,0,0,0,0
RtoQpEI6_DM,140.0,150.0,"/m/04rlf,/m/07qqyl4,/m/0g6b5",0,0,0,1,0,0,0,0
L968PDGPGuI,320.0,330.0,"/m/04rlf,/m/07p6fty,/t/dd00126",0,1,0,0,0,0,0,0
hCxT_zarEMI,5.0,15.0,"/m/09x0r,/t/dd00002",0,0,1,0,0,0,0,0
GVatVXEHXdo,30.0,40.0,"/m/014zdl,/m/032s66,/m/04zjc,/m/0_1c",0,0,0,1,1,0,0,0
30npJeMf8tA,40.0,50.0,/m/02mfyn,0,0,0,0,0,0,0,1
eL8G3sV5Kc8,0.0,7.0,/m/014zdl,0,0,0,1,0,0,0,0
RLaCoH7yxbU,8.0,18.0,"/m/014zdl,/m/04rlf,/m/09x0r",0,0,0,1,0,0,0,0
-9pUUT-6o8U,30.0,40.0,"/m/012n7d,/m/07yv9,/m/09x0r",0,0,0,0,0,0,1,0
pHaWiUPa4JY,70.0,80.0,"/m/015lz1,/m/04rlf,/m/07p6fty,/t/dd00126",0,1,0,0,0,0,0,0
PjaNPZL2j-I,30.0,40.0,"/m/04rlf,/m/07gxw",0,0,0,0,0,0,0,0
vt0tFKZ9Omk,200.0,210.0,"/m/039jq,/m/09x0r",0,0,0,0,0,1,0,0
r7miePhtH-M,40.0,50.0,"/m/09x0r,/m/0c3f7m",0,0,0,0,0,0,0,1
WcGvl6SBIko,10.0,20.0,"/m/039jq,/m/07pc8lb",0,0,0,0,0,1,0,0
1afuD0aM0z4,240.0,250.0,"/m/03qtwd,/m/053hz1,/t/dd00135",0,1,0,0,0,0,0,0
v0j62StjKW4,50.0,60.0,/m/03kmc9,0,0,0,0,0,0,1,0
7khim7aS-g0,30.0,40.0,/m/04rlf,0,0,0,0,0,0,0,0
uomMX66AKFM,30.0,40.0,"/m/03kmc9,/m/07yv9",0,0,0,0,0,0,1,0
y2Bi6XXL92Y,150.0,160.0,/m/032s66,0,0,0,0,1,0,0,0
_ix1jp3v8oE,30.0,40.0,"/m/046dlr,/m/07pp_mv",0,0,0,0,0,0,0,1
3sYPuktlyDY,310.0,320.0,"/m/03qc9zr,/m/09x0r",1,0,0,0,0,0,0,0
b6LdFZM8PXI,0.0,10.0,"/m/03qc9zr,/m/09x0r",1,0,0,0,0,0,0,0
avzyhROCCSI,30.0,40.0,"/m/039jq,/m/0838f,/m/09x0r",0,0,0,0,0,1,0,0
kEou6SMZuHM,180.0,190.0,"/m/03qtwd,/m/04gy_2",0,0,0,0,0,0,0,0
XQ6SVC7CO24,40.0,50.0,"/m/03qtwd,/m/053hz1,/t/dd00135",0,1,0,0,0,0,0,0
j5Rb34vX_Kg,30.0,40.0,"/m/0342h,/m/04rlf,/m/04szw,/m/07s0s5r,/m/09x0r,/m/0fx80y",0,0,0,0,0,0,0,0
M0CwOKNtpzM,30.0,40.0,/m/09x0r,0,0,0,0,0,0,0,0
Rq9zQcjjB8Y,90.0,100.0,"/m/03qtwd,/m/053hz1,/t/dd00135",0,1,0,0,0,0,0,0
M9wDe5p0moA,0.0,10.0,"/m/039jq,/m/04rlf",0,0,0,0,0,1,0,0
V0PGCLTTumQ,0.0,10.0,"/m/039jq,/m/04rlf",0,0,0,0,0,1,0,0
NthIhmXQHM4,140.0,150.0,"/m/030rvx,/m/09x0r,/m/0c3f7m",0,0,0,0,0,0,0,1
pT6JvsBkfKs,50.0,60.0,"/m/032s66,/m/0_1c",0,0,0,0,1,0,0,0
X0JXrK8vJBE,390.0,400.0,"/m/0342h,/m/04rlf,/m/04szw,/m/07p6fty,/m/07sbbz2,/m/0fx80y",0,1,0,0,0,0,0,0
HCRD6qn7bsE,240.0,250.0,"/m/032s66,/m/04zjc",0,0,0,0,1,0,0,0
aEsR98tN_sg,30.0,40.0,/m/014zdl,0,0,0,1,0,0,0,0
B7jCTwWEWv8,30.0,40.0,"/m/04rlf,/m/09x0r",0,0,0,0,0,0,0,0
09vWS3mUU1A,30.0,40.0,/m/09x0r,0,0,0,0,0,0,0,0
suK2gX6i4V8,150.0,160.0,"/m/03qtwd,/m/04rlf,/m/09x0r,/m/0g6b5",0,0,0,1,0,0,0,0
InPMeEnqq-M,30.0,40.0,/m/04rlf,0,0,0,0,0,0,0,0
oTn8AJ1QThk,30.0,40.0,/m/032s66,0,0,0,0,1,0,0,0
_kvlWmh6gOk,180.0,190.0,"/m/015lz1,/m/04rlf",0,0,0,0,0,0,0,0
Mdu8_bGBmhY,0.0,10.0,"/m/0463cq4,/m/0ytgt",0,0,1,0,0,0,0,0
PTx7yciRpPE,420.0,430.0,/m/032s66,0,0,0,0,1,0,0,0
Xl2t5B6RIvA,10.0,20.0,"/m/039jq,/m/09x0r,/t/dd00125",0,0,0,0,0,1,0,0
8L4k2Y6vIZo,30.0,40.0,"/m/03qc9zr,/m/04rlf,/m/09x0r,/m/0c1dj",1,0,0,0,0,0,0,0
f88GwPJY5bY,29.0,39.0,"/m/04rlf,/m/09x0r",0,0,0,0,0,0,0,0
QqHmGQCi-gQ,90.0,100.0,/m/039jq,0,0,0,0,0,1,0,0
jodXOj1uHLA,10.0,20.0,/m/032s66,0,0,0,0,1,0,0,0
Ih7YFHHuwnQ,24.0,34.0,"/m/04rlf,/t/dd00002",0,0,1,0,0,0,0,0
9QLWoL5G68w,120.0,130.0,"/m/04rlf,/m/06bxc,/m/0glt670",0,0,0,0,0,0,0,0
NC7tNJlgRWg,230.0,240.0,"/m/015lz1,/m/04rlf,/m/07p6fty,/t/dd00126",0,1,0,0,0,0,0,0
rhlnI8BqQO4,60.0,70.0,"/m/015lz1,/m/04rlf,/m/07p6fty",0,1,0,0,0,0,0,0
BBGviiH1SOg,24.0,34.0,"/m/014zdl,/m/07qsvvw,/m/09x0r",0,0,0,1,0,0,0,0
3qcV4fTEeb4,300.0,310.0,/m/0c3f7m,0,0,0,0,0,0,0,1
1gRHHFHarUQ,0.0,10.0,"/m/014zdl,/m/04rlf",0,0,0,1,0,0,0,0
hJhst6ZMoz0,50.0,60.0,"/m/012n7d,/m/02mfyn,/m/03j1ly,/m/03kmc9,/m/04qvtq",0,0,0,0,0,0,1,1
9AqB-PBxYhI,0.0,10.0,/m/0g6b5,0,0,0,1,0,0,0,0
NZkAmjKceyI,30.0,40.0,"/m/01jnbd,/m/04rlf,/m/09x0r",0,0,0,0,0,0,0,0
0ehwxbvn3d0,320.0,330.0,"/m/04rlf,/m/07p6fty,/m/09x0r",0,1,0,0,0,0,0,0
YKipgmASC3I,40.0,50.0,/m/0463cq4,0,0,1,0,0,0,0,0
pyFEZ5EfYiQ,30.0,40.0,/m/03qc9zr,1,0,0,0,0,0,0,0
wQJg8L75D78,0.0,10.0,"/m/032s66,/m/073cg4",0,0,0,0,1,0,0,0
3ZYnwr-Sp5g,40.0,50.0,"/m/07pp_mv,/m/09x0r,/t/dd00125",0,0,0,0,0,0,0,1
tZHnOQWDTMs,120.0,130.0,"/m/012ndj,/m/03j1ly,/m/03kmc9",0,0,0,0,0,0,1,0
Kb6ApX3jokw,60.0,70.0,"/m/09x0r,/m/0c3f7m,/t/dd00125",0,0,0,0,0,0,0,1
82hA5ZOHX-k,14.0,24.0,"/m/014zdl,/m/04rlf,/m/07qsvvw",0,0,0,1,0,0,0,0
BMhXVkAycMM,30.0,40.0,/m/01y3hg,0,0,0,0,0,0,0,1
unr7SjGsQRw,60.0,70.0,/m/04rlf,0,0,0,0,0,0,0,0
zjabout2bmU,510.0,520.0,/m/09x0r,0,0,0,0,0,0,0,0
nAAQBbij7D4,260.0,270.0,"/m/09x0r,/m/0c3f7m",0,0,0,0,0,0,0,1
PFJ7yY9U_7A,70.0,80.0,/m/01y3hg,0,0,0,0,0,0,0,1
73N3t7lnlxg,130.0,140.0,"/m/03j1ly,/m/03kmc9,/m/04qvtq",0,0,0,0,0,0,1,0
rIPE9HOqOrc,30.0,40.0,"/m/03kmc9,/m/0dgbq",0,0,0,0,0,0,1,0
dVD1tMgp8Y0,400.0,410.0,"/m/03qc9zr,/m/07s2xch",1,0,0,0,0,0,0,0
-RnLqOeTuJg,30.0,40.0,/m/04rlf,0,0,0,0,0,0,0,0
6yUlo4JLfjM,20.0,30.0,"/m/03j1ly,/m/03kmc9,/m/04qvtq",0,0,0,0,0,0,1,0
gMaq5GM5WgM,150.0,160.0,"/m/03qc9zr,/m/09x0r",1,0,0,0,0,0,0,0
8VPsFZg6E54,120.0,130.0,"/m/07pp_mv,/m/0c3f7m",0,0,0,0,0,0,0,1
ObxCM37VgAY,30.0,40.0,"/m/015lz1,/m/04rlf,/m/07p6fty,/t/dd00126",0,1,0,0,0,0,0,0
7cod3IRt5iY,140.0,150.0,/m/032s66,0,0,0,0,1,0,0,0
VTJpi9trIbU,6.0,16.0,/m/014zdl,0,0,0,1,0,0,0,0
e_CY9ahX-xs,0.0,10.0,"/m/03j1ly,/m/03kmc9",0,0,0,0,0,0,1,0
cZHuXolLfj4,59.0,69.0,"/m/012n7d,/m/02mfyn,/m/03j1ly,/m/03kmc9",0,0,0,0,0,0,1,1
rFYsfo8wr_U,60.0,70.0,"/m/04rlf,/m/07p6fty,/m/09x0r",0,1,0,0,0,0,0,0
M9b8supkeP4,280.0,290.0,/m/09x0r,0,0,0,0,0,0,0,0
95UXWV3VZCs,0.0,10.0,"/m/09x0r,/m/0c3f7m",0,0,0,0,0,0,0,1
zq57I0QKb9A,30.0,40.0,"/m/03j1ly,/m/03kmc9,/m/04qvtq",0,0,0,0,0,0,1,0
Zd0daWaLqoo,70.0,80.0,"/m/09x0r,/t/dd00126",0,0,0,0,0,0,0,0
PcZy671rolY,30.0,40.0,"/m/03kmc9,/m/0dgbq",0,0,0,0,0,0,1,0
RpURuKbzOMg,40.0,50.0,"/m/012ndj,/m/03j1ly,/m/07pp_mv,/m/07yv9,/m/09x0r",0,0,0,0,0,0,1,1
3PCLXDv2Hqw,1.0,11.0,"/m/012ndj,/m/03j1ly,/m/07r04,/m/07yv9",0,0,0,0,0,0,1,0
mhG5rYMI2qs,100.0,110.0,"/m/032s66,/m/073cg4",0,0,0,0,1,0,0,0
NTg4toxmcN4,10.0,20.0,/m/0463cq4,0,0,1,0,0,0,0,0
NApwGja9Hu0,30.0,40.0,/m/09x0r,0,0,0,0,0,0,0,0
Q6tiVgKnDyM,40.0,50.0,"/m/01y3hg,/m/09x0r",0,0,0,0,0,0,0,1
yzz-PiOo60Y,50.0,60.0,"/m/039jq,/m/07rgt08,/m/09x0r",0,0,0,0,0,1,0,0
P2gW3SUSK78,120.0,130.0,/m/0c3f7m,0,0,0,0,0,0,0,1
W0zAS_GEBOA,210.0,220.0,"/m/032s66,/m/073cg4",0,0,0,0,1,0,0,0
IeS5qVMohVM,30.0,40.0,"/m/07qz6j3,/t/dd00002",0,0,1,0,0,0,0,0
5_5WsRyesYw,30.0,40.0,"/m/03qtwd,/m/053hz1,/t/dd00135",0,1,0,0,0,0,0,0
1zk8NmLUbY4,30.0,40.0,"/m/032s66,/m/0_1c",0,0,0,0,1,0,0,0
ZhC3xSqtazU,13.0,23.0,"/m/03qc9zr,/m/04rlf",1,0,0,0,0,0,0,0
1QmU9guAVjI,240.0,250.0,"/m/03qtwd,/m/053hz1,/t/dd00135",0,1,0,0,0,0,0,0
JpxcqnzJxlE,30.0,40.0,"/m/09x0r,/m/0c3f7m",0,0,0,0,0,0,0,1
2gByqKUbvbc,30.0,40.0,"/m/0342h,/m/042v_gx,/m/04rlf,/m/04szw,/m/07s0s5r,/m/0fx80y",0,0,0,0,0,0,0,0
2lG6qE6mVcU,9.0,19.0,"/m/012n7d,/m/03j1ly,/m/03kmc9,/m/04qvtq",0,0,0,0,0,0,1,0
WD6i467HLzQ,20.0,30.0,"/m/0463cq4,/m/04rlf,/t/dd00002",0,0,1,0,0,0,0,0
E-V7blxcItc,0.0,10.0,"/m/03qc9zr,/m/04rlf",1,0,0,0,0,0,0,0
lZc34J6nSpM,0.0,10.0,"/m/0463cq4,/m/09x0r",0,0,1,0,0,0,0,0
0ZJDNxzOWC4,30.0,40.0,"/m/04rlf,/m/09x0r",0,0,0,0,0,0,0,0
EdYH2M7CJN4,370.0,380.0,/m/032s66,0,0,0,0,1,0,0,0
lQM7MOePhmU,80.0,90.0,"/m/032s66,/m/04zjc",0,0,0,0,1,0,0,0
huRVGgC7Jcs,30.0,40.0,"/m/014zdl,/m/09x0r",0,0,0,1,0,0,0,0
ZSaIkVh9PiM,22.0,32.0,"/m/014zdl,/m/04rlf,/m/09x0r",0,0,0,1,0,0,0,0
r8J2cfbdxSs,50.0,60.0,"/m/02cz_7,/m/03kmc9,/t/dd00125",0,0,0,0,0,0,1,0
FGLwd9w7zzc,40.0,50.0,/m/0g6b5,0,0,0,1,0,0,0,0
3jpmKhU0KXo,60.0,70.0,"/m/09x0r,/m/0g6b5,/t/dd00128",0,0,0,1,0,0,0,0
AcYTVEdlGE4,580.0,590.0,/m/039jq,0,0,0,0,0,1,0,0
gzB2yQfd2Js,10.0,20.0,"/m/03fwl,/m/03qc9zr,/m/04rlf,/m/0jbk",1,0,0,0,0,0,0,0
iwG_ko81d30,150.0,160.0,/m/03qc9zr,1,0,0,0,0,0,0,0
1PpXYiut248,30.0,40.0,"/m/014zdl,/m/04rlf,/m/09x0r",0,0,0,1,0,0,0,0
2gaRN2wJOCQ,30.0,40.0,"/m/02qldy,/m/05zppz,/m/09x0r",0,0,0,0,0,0,0,0
3jDHMEVOTOg,16.0,26.0,"/m/01bjv,/m/07yv9,/m/09x0r",0,0,0,0,0,0,0,0
iXKAj6Fb2Eg,30.0,40.0,/m/02mfyn,0,0,0,0,0,0,0,1
StpRe4XGXN0,110.0,120.0,"/m/02mfyn,/m/03j1ly,/m/03kmc9,/m/04qvtq",0,0,0,0,0,0,1,1
lqdLdNvNOjo,30.0,40.0,"/m/03qc9zr,/m/09x0r",1,0,0,0,0,0,0,0
lWPqnou-80A,30.0,40.0,"/m/09x0r,/m/0c3f7m",0,0,0,0,0,0,0,1
CUImTjOytBY,0.0,7.0,"/m/03fwl,/m/03qc9zr,/m/09x0r,/m/0ch8v,/m/0jbk",1,0,0,0,0,0,0,0
cO7ceWEqmDs,20.0,30.0,"/m/014zdl,/m/04rlf",0,0,0,1,0,0,0,0
BjxXdtUxuXo,5.0,15.0,"/m/014zdl,/m/09x0r",0,0,0,1,0,0,0,0
CA9AU0ixH58,14.0,24.0,"/m/012n7d,/m/012ndj,/m/03j1ly,/m/03kmc9",0,0,0,0,0,0,1,0
8R8gNtlkqxg,180.0,190.0,/m/0g6b5,0,0,0,1,0,0,0,0
N2-i-Vv3fMA,170.0,180.0,"/m/03qc9zr,/m/04rlf",1,0,0,0,0,0,0,0
fGgmyjbqQRs,0.0,10.0,"/m/012ndj,/m/03j1ly,/m/07r04,/m/07yv9",0,0,0,0,0,0,1,0
Gbdm6UbWl4o,10.0,20.0,/m/0463cq4,0,0,1,0,0,0,0,0
XHSf6GwjANc,590.0,600.0,"/m/01j3sz,/m/03qc9zr,/m/04rlf,/m/07s04w4,/m/09x0r,/m/0ytgt",1,0,0,0,0,0,0,0
r0P3NWZif98,210.0,220.0,"/m/04rlf,/m/07p6fty,/m/07rwj3x,/m/09x0r,/t/dd00126",0,1,0,0,0,0,0,0
eRawy1N0CYQ,30.0,40.0,"/m/014zdl,/m/07qsvvw,/m/09x0r",0,0,0,1,0,0,0,0
35iZWkYaKPE,15.0,25.0,"/m/03qc9zr,/m/09x0r",1,0,0,0,0,0,0,0
AV-A9n7szrI,70.0,80.0,"/m/039jq,/t/dd00065",0,0,0,0,0,1,0,0
ZKDGEzGQ4vA,60.0,70.0,"/m/03qtwd,/m/053hz1,/t/dd00135",0,1,0,0,0,0,0,0
liY0uU-QIU8,30.0,40.0,/m/09x0r,0,0,0,0,0,0,0,0
RA_2KlUIK8c,70.0,80.0,"/m/03qtwd,/m/053hz1,/t/dd00135",0,1,0,0,0,0,0,0
eZm5FEqaAUg,30.0,40.0,/m/04qvtq,0,0,0,0,0,0,1,0
eD5AMbeqhfs,90.0,100.0,"/m/0463cq4,/m/09x0r",0,0,1,0,0,0,0,0
M62Z8rjPfPU,30.0,40.0,"/m/014zdl,/m/07qsvvw,/m/09x0r",0,0,0,1,0,0,0,0
z-5IsUqbE_U,0.0,5.0,/m/03qc9zr,1,0,0,0,0,0,0,0
UBGcJzfVLu0,30.0,40.0,"/m/04rlf,/m/09x0r",0,0,0,0,0,0,0,0
stpNKTfh2Sg,130.0,140.0,"/m/032s66,/m/04zjc",0,0,0,0,1,0,0,0
cj8qo9-A4x8,0.0,9.0,/m/014zdl,0,0,0,1,0,0,0,0
oiCbrfIGU7w,60.0,70.0,/m/0c3f7m,0,0,0,0,0,0,0,1
54MkoyLle2Q,160.0,170.0,/m/03qc9zr,1,0,0,0,0,0,0,0
dC_5HCxKlYA,30.0,40.0,/m/03kmc9,0,0,0,0,0,0,1,0
KuMP-wNu6YE,110.0,120.0,"/m/028ght,/m/04rlf",0,0,0,0,0,0,0,0
yQTxPMDz5iU,30.0,40.0,"/m/03qtwd,/m/04rlf,/m/07p6fty",0,1,0,0,0,0,0,0
Uk1uvJVb02c,0.0,10.0,/m/03qc9zr,1,0,0,0,0,0,0,0
7FuBkI8ThD0,400.0,410.0,/m/03qc9zr,1,0,0,0,0,0,0,0
NUbA2ZJjzL4,16.0,26.0,"/m/014zdl,/m/09x0r",0,0,0,1,0,0,0,0
_TZIv-LV28c,30.0,40.0,/m/09x0r,0,0,0,0,0,0,0,0
5Vrv0z9FuBk,10.0,20.0,"/m/015lz1,/m/04rlf,/m/07p6fty",0,1,0,0,0,0,0,0
955ERDCFxsE,30.0,40.0,"/m/04rlf,/m/09x0r",0,0,0,0,0,0,0,0
pTt-qryisRM,20.0,30.0,"/m/014zdl,/m/07qqyl4",0,0,0,1,0,0,0,0
oaxLmrAGW_s,130.0,140.0,/m/03qc9zr,1,0,0,0,0,0,0,0
TSQ8QV-v9cw,30.0,40.0,"/m/01lyv,/m/04rlf",0,0,0,0,0,0,0,0
02MyGNoanH4,0.0,10.0,"/m/04rlf,/m/04szw,/m/05148p4,/m/05r5c,/m/0ggq0m",0,0,0,0,0,0,0,0
2JZwFQnc2qE,10.0,20.0,/m/04rlf,0,0,0,0,0,0,0,0
VxDv-YzUBN4,80.0,90.0,"/m/03j1ly,/m/03kmc9,/m/04qvtq",0,0,0,0,0,0,1,0
TWW9IF_h1mY,0.0,4.0,/m/014zdl,0,0,0,1,0,0,0,0
kNxmNBlnAmw,30.0,40.0,"/m/03kmc9,/m/07yv9,/m/0k4j",0,0,0,0,0,0,1,0
UiBKtIUfNuM,20.0,30.0,"/m/04rlf,/m/04rzd,/m/04szw,/m/05148p4,/m/05r5c",0,0,0,0,0,0,0,0
7AQKnZXpI-M,500.0,510.0,/m/032s66,0,0,0,0,1,0,0,0
6Fcj_a9ykc4,230.0,240.0,"/m/032s66,/m/04zjc",0,0,0,0,1,0,0,0
lcfS7MGlprQ,40.0,50.0,"/m/0463cq4,/m/0ytgt",0,0,1,0,0,0,0,0
35RxkgTOoB4,30.0,40.0,"/m/04rlf,/m/09x0r",0,0,0,0,0,0,0,0
FMzsVBOOMvg,0.0,10.0,"/m/0463cq4,/m/09x0r",0,0,1,0,0,0,0,0
4HYJ_XulZlY,10.0,20.0,"/m/03j1ly,/m/03kmc9,/m/04qvtq",0,0,0,0,0,0,1,0
hN9-PZr2uwU,280.0,290.0,"/m/03qtwd,/m/053hz1,/t/dd00135",0,1,0,0,0,0,0,0
8wZiJfbviVI,30.0,40.0,"/m/014zdl,/m/07pxg6y,/m/09x0r",0,0,0,1,0,0,0,0
8A4IF_aRntQ,50.0,60.0,"/m/0463cq4,/m/09x0r,/t/dd00125",0,0,1,0,0,0,0,0
s7W70gyzzLw,200.0,210.0,/m/032s66,0,0,0,0,1,0,0,0
yz0lc7Rrr5Y,18.0,28.0,/m/04rlf,0,0,0,0,0,0,0,0
-AdbnNnQaEw,30.0,40.0,"/m/09x0r,/t/dd00002",0,0,1,0,0,0,0,0
afe53X4LVLE,150.0,160.0,"/m/04rlf,/m/064t9,/m/07p6fty",0,1,0,0,0,0,0,0
3rulfpvuR8U,30.0,40.0,/m/09x0r,0,0,0,0,0,0,0,0
jHPVNWTJ_Lw,210.0,220.0,"/m/02lkt,/m/02x8m,/m/04rlf",0,0,0,0,0,0,0,0
Ux_GkO66GYM,140.0,150.0,/m/012ndj,0,0,0,0,0,0,1,0
Hpnja1gcKN0,30.0,40.0,"/m/012n7d,/m/03j1ly,/m/03kmc9,/m/04qvtq,/m/07yv9",0,0,0,0,0,0,1,0
sKU_G19r2uY,10.0,20.0,/m/09x0r,0,0,0,0,0,0,0,0
ctv2sxaYxLM,30.0,40.0,"/m/03qtwd,/t/dd00128",0,0,0,0,0,0,0,0
wax6gWNp5jM,40.0,50.0,"/m/07pp_mv,/m/09x0r",0,0,0,0,0,0,0,1
6DwAHkRhwfE,0.0,10.0,"/m/012f08,/m/07yv9,/m/0912c9,/m/09x0r,/m/0k4j",0,0,0,0,0,0,0,0
beIel5s3z1g,100.0,110.0,"/g/122z_qxw,/m/09x0r,/m/0g6b5",0,0,0,1,0,0,0,0
VDTJ0ngrZhE,200.0,210.0,"/m/02rtxlg,/m/0463cq4,/m/09x0r,/m/0ytgt",0,0,1,0,0,0,0,0
okibj-fY2As,5.0,15.0,"/m/09x0r,/t/dd00002",0,0,1,0,0,0,0,0
YzS8uJRwTvQ,150.0,160.0,/m/039jq,0,0,0,0,0,1,0,0
4MYkJx6zXvE,60.0,70.0,"/m/039jq,/m/04rlf,/m/07q7njn,/m/09x0r",0,0,0,0,0,1,0,0
H57jbZlMoZ0,50.0,60.0,"/m/03qc9zr,/m/09x0r",1,0,0,0,0,0,0,0
Kasm9MkzABk,60.0,70.0,"/m/03qtwd,/m/053hz1,/t/dd00135",0,1,0,0,0,0,0,0
R_SnWunWst4,30.0,40.0,"/m/012ndj,/m/09x0r",0,0,0,0,0,0,1,0
S5wiN0S_gUY,60.0,70.0,"/m/0463cq4,/m/09x0r",0,0,1,0,0,0,0,0
_--cu2Ghy3Q,30.0,40.0,"/m/04rlf,/m/09x0r",0,0,0,0,0,0,0,0
VjXOj4ge9q8,30.0,40.0,/m/09x0r,0,0,0,0,0,0,0,0
GLPrktB06mA,30.0,40.0,"/m/0463cq4,/m/09x0r",0,0,1,0,0,0,0,0
6fnXn72D26I,0.0,5.0,"/m/03qtwd,/m/053hz1,/t/dd00135",0,1,0,0,0,0,0,0
U4Me9WHTn4k,230.0,240.0,/m/09x0r,0,0,0,0,0,0,0,0
2wDiDVNdFW8,360.0,370.0,"/m/039jq,/m/07pc8lb",0,0,0,0,0,1,0,0
XX58Tuv1vQ0,250.0,260.0,"/m/04rlf,/m/07p6fty",0,1,0,0,0,0,0,0
gZ5Vm_IhCps,21.0,31.0,"/m/014zdl,/m/09x0r",0,0,0,1,0,0,0,0
AfeKfXgRpm4,21.0,31.0,"/m/02mfyn,/m/03j1ly,/m/03kmc9,/m/04qvtq",0,0,0,0,0,0,1,1
BKYcA_mDzuk,30.0,40.0,"/m/04rlf,/m/09x0r",0,0,0,0,0,0,0,0
paHuu_ewwNI,60.0,70.0,"/m/03qc9zr,/m/04rlf,/m/09x0r",1,0,0,0,0,0,0,0
tAMIKg8myoc,70.0,80.0,"/m/028v0c,/m/07pp_mv",0,0,0,0,0,0,0,1
wd9aGqdtCiI,60.0,70.0,"/m/015lz1,/m/04rlf,/m/07p6fty",0,1,0,0,0,0,0,0
3GwaJ96OZHE,30.0,40.0,"/m/03mb9,/m/04rlf",0,0,0,0,0,0,0,0
y13LnV95tVU,510.0,520.0,"/m/03qtwd,/m/04rlf,/m/07p6fty,/m/07rwj3x,/m/09x0r",0,1,0,0,0,0,0,0
PRYIipy0BqY,30.0,40.0,"/m/02p0sh1,/m/04rlf,/m/0ggq0m",0,0,0,0,0,0,0,0
sfyUUm2f1rw,0.0,9.0,/m/07pp_mv,0,0,0,0,0,0,0,1
hyRgy3n49vY,50.0,60.0,"/m/07qfr4h,/m/09x0r",0,0,0,0,0,0,0,0
2Gto-DhWYK8,210.0,220.0,"/m/04rlf,/m/04szw,/m/05148p4,/m/05r5c",0,0,0,0,0,0,0,0
VWSHu8wO7gA,30.0,40.0,"/m/02mfyn,/m/03j1ly,/m/03kmc9,/m/04qvtq",0,0,0,0,0,0,1,1
GDZT41cYwlM,0.0,9.0,"/m/09x0r,/t/dd00002",0,0,1,0,0,0,0,0
5D03NQGHSrE,7.0,17.0,"/m/012ndj,/m/03j1ly,/m/03kmc9",0,0,0,0,0,0,1,0
4NlemO6N0Cc,15.0,25.0,/m/04qvtq,0,0,0,0,0,0,1,0
HDxAjzoWIVg,20.0,30.0,"/m/07p6fty,/m/09x0r",0,1,0,0,0,0,0,0
H7oaIhQcd9I,390.0,400.0,"/m/0g6b5,/t/dd00128",0,0,0,1,0,0,0,0
5SuuqLsuCaQ,30.0,40.0,"/m/03qc9zr,/m/09x0r",1,0,0,0,0,0,0,0
60LwGkWKs50,230.0,240.0,"/m/07pp_mv,/m/0c3f7m",0,0,0,0,0,0,0,1
8M51aCH70Z8,28.0,38.0,/m/03qc9zr,1,0,0,0,0,0,0,0
KZbA2DuNLYM,23.0,33.0,"/m/09x0r,/t/dd00002",0,0,1,0,0,0,0,0
Ix0DkoaDvUI,90.0,100.0,/m/032s66,0,0,0,0,1,0,0,0
kywKjYqmZ_U,10.0,20.0,"/m/015p6,/m/09x0r,/m/0jbk",0,0,0,0,0,0,0,0
n1YE8Wwo2rs,30.0,40.0,"/m/02sgy,/m/04rlf,/m/04szw,/m/07s0s5r,/m/0fx80y",0,0,0,0,0,0,0,0
QbG_paiVmNE,30.0,40.0,/m/04rlf,0,0,0,0,0,0,0,0
KBdcqqX8Btg,30.0,40.0,/m/09x0r,0,0,0,0,0,0,0,0
uV6HLvWBuPg,20.0,30.0,"/m/03qtwd,/m/053hz1,/t/dd00135",0,1,0,0,0,0,0,0
MR4OA5aFGhk,0.0,7.0,/t/dd00002,0,0,1,0,0,0,0,0
7IF7rFA5hwo,17.0,27.0,"/m/014zdl,/m/07qsvvw,/m/09x0r",0,0,0,1,0,0,0,0
KACe1h4zxoo,120.0,130.0,"/m/03_d0,/m/04rlf,/m/05pd6,/m/0ggq0m",0,0,0,0,0,0,0,0
6RqoM35roZQ,40.0,50.0,"/g/122z_qxw,/m/0g6b5",0,0,0,1,0,0,0,0
NfO4o_RVuxQ,30.0,40.0,/m/039jq,0,0,0,0,0,1,0,0
MvnbLiYj8nU,30.0,40.0,"/m/04rlf,/t/dd00002",0,0,1,0,0,0,0,0
h-Vi_2554xU,350.0,360.0,/m/0c3f7m,0,0,0,0,0,0,0,1
TqST7TeK874,0.0,2.0,/m/014zdl,0,0,0,1,0,0,0,0
YCvOvWQjUuw,50.0,60.0,"/m/015p6,/m/03qc9zr,/m/07qz6j3,/m/09b5t,/m/0ch8v",1,0,0,0,0,0,0,0
UAmFP6dVvJY,550.0,560.0,/m/09x0r,0,0,0,0,0,0,0,0
fAlk_IZ40kk,70.0,80.0,"/m/04rlf,/m/07p6fty",0,1,0,0,0,0,0,0
C0rhAhtX1hg,340.0,350.0,/m/03qc9zr,1,0,0,0,0,0,0,0
7EqFjamsA98,210.0,220.0,"/m/015lz1,/m/0342h,/m/03lty,/m/04rlf,/m/04szw,/m/05r6t,/m/06by7,/m/07p6fty",0,1,0,0,0,0,0,0
FiUmeEsoWA0,30.0,40.0,/m/09x0r,0,0,0,0,0,0,0,0
Bh2dm_FYKpE,30.0,40.0,/t/dd00002,0,0,1,0,0,0,0,0
zw_HHru2j-A,30.0,40.0,"/m/012ndj,/m/07yv9",0,0,0,0,0,0,1,0
Vqfj6nq1Bk4,200.0,210.0,"/m/0463cq4,/m/04rlf,/m/09x0r",0,0,1,0,0,0,0,0
qRAdhj9Lzt8,5.0,15.0,"/m/03qc9zr,/m/05zppz",1,0,0,0,0,0,0,0
8bgqRRa4sVA,20.0,30.0,"/m/012n7d,/m/03j1ly,/m/03kmc9,/m/07yv9,/m/0k4j",0,0,0,0,0,0,1,0
pGRA7cVMIno,30.0,40.0,/m/09x0r,0,0,0,0,0,0,0,0
aYJFYGNWQDA,0.0,7.0,"/m/03qc9zr,/m/09x0r",1,0,0,0,0,0,0,0
gxjeq8JNR40,30.0,40.0,"/m/032s66,/m/04zjc",0,0,0,0,1,0,0,0
dWkmZLejFZU,6.0,16.0,"/m/07qz6j3,/m/09x0r,/t/dd00002",0,0,1,0,0,0,0,0
ndNzJtmHYHU,30.0,40.0,"/m/04rlf,/m/09x0r",0,0,0,0,0,0,0,0
NP7SfpcsVhE,17.0,27.0,"/m/03qc9zr,/m/09x0r",1,0,0,0,0,0,0,0
Jb6O8pQhdvc,30.0,40.0,/m/032s66,0,0,0,0,1,0,0,0
vylwE8uITqc,0.0,10.0,"/m/032s66,/m/09x0r",0,0,0,0,1,0,0,0
YZh1shO4Nbs,40.0,50.0,"/m/04rlf,/m/053hz1,/m/07p6fty,/m/09x0r,/t/dd00126",0,1,0,0,0,0,0,0
0FjMs2FWcbQ,30.0,40.0,"/m/01y3hg,/m/03kmc9",0,0,0,0,0,0,1,1
Bf3v7XNVvdk,50.0,60.0,"/g/122z_qxw,/m/04rlf,/m/09x0r,/m/0g6b5,/t/dd00128",0,0,0,1,0,0,0,0
tF5HoRnZRSY,0.0,10.0,"/m/07qsvvw,/m/09x0r,/m/0g6b5",0,0,0,1,0,0,0,0
iFEJ1bu8g9M,30.0,40.0,"/m/012ndj,/m/09x0r",0,0,0,0,0,0,1,0
9lC9r9Zqm5w,10.0,20.0,/m/03qc9zr,1,0,0,0,0,0,0,0
9FhbdojVYx4,10.0,20.0,"/m/03qtwd,/m/053hz1,/t/dd00135",0,1,0,0,0,0,0,0
48qvkUEabPU,30.0,40.0,/m/09x0r,0,0,0,0,0,0,0,0
3BU1n10mejg,30.0,40.0,"/m/01c194,/m/04rlf",0,0,0,0,0,0,0,0
VyIGhHsJhVY,150.0,160.0,/m/0g6b5,0,0,0,1,0,0,0,0
eqZGHL2oHZk,30.0,40.0,/m/09x0r,0,0,0,0,0,0,0,0
qtB9k2YJUG0,150.0,160.0,"/m/04rlf,/m/09x0r",0,0,0,0,0,0,0,0
TQcGLCsSJHM,500.0,510.0,"/m/032s66,/m/04rlf,/m/09x0r",0,0,0,0,1,0,0,0
I9GLG8Bh5dE,30.0,40.0,"/m/03qc9zr,/m/09x0r",1,0,0,0,0,0,0,0
o5F6cumqvr8,280.0,290.0,"/m/015lz1,/m/04rlf,/m/07p6fty",0,1,0,0,0,0,0,0
Mv3rfbB7JYE,60.0,70.0,"/m/0463cq4,/m/09x0r",0,0,1,0,0,0,0,0
PUDK1CtfFn0,6.0,16.0,"/m/032s66,/m/0_1c",0,0,0,0,1,0,0,0
VARTMf2_BXM,20.0,30.0,"/g/122z_qxw,/m/0g6b5",0,0,0,1,0,0,0,0
LB8GMvgi5mg,160.0,170.0,"/m/015lz1,/m/04rlf,/m/07p6fty,/m/09x0r,/m/0l14jd",0,1,0,0,0,0,0,0
nR-TX29HtDA,70.0,80.0,"/m/0463cq4,/m/09x0r",0,0,1,0,0,0,0,0
KyGw1emvshs,10.0,20.0,"/m/03qc9zr,/m/09x0r",1,0,0,0,0,0,0,0
ReYdgdfrNso,410.0,420.0,"/m/09x0r,/t/dd00125",0,0,0,0,0,0,0,0
PyRA_f8cWGY,10.0,20.0,"/m/0463cq4,/m/09x0r",0,0,1,0,0,0,0,0
4klFdWzLpPA,20.0,30.0,/m/07pp_mv,0,0,0,0,0,0,0,1
6xCFJYRgBo0,180.0,190.0,"/m/04rlf,/m/09x0r,/m/0g6b5,/t/dd00128",0,0,0,1,0,0,0,0
toLYpvFMYtY,30.0,40.0,"/m/09x0r,/t/dd00128",0,0,0,0,0,0,0,0
z_sdhRMMvJA,20.0,30.0,"/m/04qvtq,/m/07yv9,/m/0k4j",0,0,0,0,0,0,1,0
CXIzVg7Xv9w,320.0,330.0,"/m/015lz1,/m/04rlf,/m/07p6fty,/t/dd00127",0,1,0,0,0,0,0,0
4u7bO4izehI,20.0,30.0,"/m/03qtwd,/m/053hz1,/t/dd00135",0,1,0,0,0,0,0,0
4jH1lpKUOJs,20.0,30.0,/m/032s66,0,0,0,0,1,0,0,0
04B3EcchS5A,30.0,40.0,"/m/03_d0,/m/04rlf,/m/05rwpb",0,0,0,0,0,0,0,0
km5YVF5x_CU,10.0,20.0,"/m/03qc9zr,/m/09x0r",1,0,0,0,0,0,0,0
jBkpyY6Dqvs,20.0,30.0,"/m/04rlf,/m/07p6fty,/m/09x0r",0,1,0,0,0,0,0,0
7fgn_vBPkC0,20.0,30.0,"/m/0463cq4,/m/09x0r,/t/dd00125",0,0,1,0,0,0,0,0
uaQwHZiHp4A,90.0,100.0,"/m/012ndj,/m/09x0r",0,0,0,0,0,0,1,0
zAjtCIAB_w8,10.0,20.0,/m/0g6b5,0,0,0,1,0,0,0,0
A7G8bItPigg,110.0,120.0,"/m/032s66,/m/04rlf",0,0,0,0,1,0,0,0
ouY3LNgnjCA,30.0,40.0,"/m/01y3hg,/m/030rvx,/m/09x0r",0,0,0,0,0,0,0,1
S6iRMsc3Phk,460.0,470.0,"/m/032s66,/m/04rlf,/m/09x0r",0,0,0,0,1,0,0,0
oUU9N0LdQnE,210.0,220.0,"/m/07yv9,/m/09x0r,/m/0k4j",0,0,0,0,0,0,0,0
8NTy_fHQniM,450.0,460.0,"/m/07pp_mv,/t/dd00129",0,0,0,0,0,0,0,1
8mvGbjPFU8g,440.0,450.0,"/m/039jq,/m/07pc8lb,/m/07rn7sz",0,0,0,0,0,1,0,0
8rZEOvULYzo,30.0,40.0,"/m/03qc9zr,/m/09x0r",1,0,0,0,0,0,0,0
2JwrOrz2MP8,30.0,40.0,"/m/04rlf,/m/09x0r",0,0,0,0,0,0,0,0
LAOE41xB-G8,30.0,40.0,/m/09x0r,0,0,0,0,0,0,0,0
8LbUn7hYmVc,7.0,17.0,/m/03kmc9,0,0,0,0,0,0,1,0
GfU0J4hOw88,140.0,150.0,/m/032s66,0,0,0,0,1,0,0,0
RIQEHUTTMAs,30.0,40.0,/m/07pp_mv,0,0,0,0,0,0,0,1
jIrkpdqx1nY,310.0,320.0,"/m/04rlf,/m/09x0r,/t/dd00127",0,0,0,0,0,0,0,0
7lGQuGIqRZc,130.0,140.0,"/m/03qtwd,/m/053hz1,/t/dd00135",0,1,0,0,0,0,0,0
l-j3Qpob8BM,30.0,40.0,"/m/0463cq4,/m/09x0r",0,0,1,0,0,0,0,0
Kq8tJe2iyp8,30.0,40.0,"/m/09x0r,/t/dd00002",0,0,1,0,0,0,0,0
X_oXHaY_UKE,10.0,20.0,/m/014zdl,0,0,0,1,0,0,0,0
gQsl8aPtBBo,0.0,10.0,"/m/012n7d,/m/03j1ly,/m/03kmc9",0,0,0,0,0,0,1,0
3A5DeSG6RxY,10.0,20.0,/m/0g6b5,0,0,0,1,0,0,0,0
u_DpbCDBFlg,20.0,30.0,"/m/01y3hg,/m/05tny_,/m/068hy,/m/0bt9lr,/m/0jbk",0,0,0,0,0,0,0,1
_ZiPhD8tFGs,0.0,10.0,/m/039jq,0,0,0,0,0,1,0,0
KQUoBlIpVxg,30.0,40.0,/m/04rlf,0,0,0,0,0,0,0,0
-CZvX7DT8rg,130.0,140.0,/m/09x0r,0,0,0,0,0,0,0,0
KuMDfdltoi0,30.0,40.0,"/m/07p6fty,/m/09x0r",0,1,0,0,0,0,0,0
og7hJ50OmbA,30.0,40.0,/m/03kmc9,0,0,0,0,0,0,1,0
d0BqgGspOlk,30.0,40.0,"/m/09x0r,/m/0jbk,/t/dd00002",0,0,1,0,0,0,0,0
rvs89IfJhNo,30.0,40.0,"/m/032s66,/m/04rlf,/m/09x0r",0,0,0,0,1,0,0,0
2_tfiISJ3VQ,70.0,80.0,"/m/09x0r,/t/dd00002",0,0,1,0,0,0,0,0
WhI_e7hH99w,120.0,130.0,"/m/039jq,/m/09x0r",0,0,0,0,0,1,0,0
vXp2FsKTrN4,30.0,40.0,"/m/04rlf,/m/09x0r",0,0,0,0,0,0,0,0
KGlWvPs0Fy0,190.0,200.0,"/m/039jq,/m/04rlf,/m/04szw,/m/05pd6,/m/0ggq0m,/m/0l14_3",0,0,0,0,0,1,0,0
2KkNspLKr-A,30.0,40.0,/m/09x0r,0,0,0,0,0,0,0,0
n1d5K_uUsBY,24.0,34.0,"/m/04rlf,/m/09x0r",0,0,0,0,0,0,0,0
g_FFBssmowU,30.0,40.0,/m/09x0r,0,0,0,0,0,0,0,0
FRvleC2aAgQ,10.0,20.0,"/m/032s66,/m/04zjc",0,0,0,0,1,0,0,0
CdXuwFmkwSk,90.0,100.0,"/m/04rlf,/m/09x0r",0,0,0,0,0,0,0,0
Mrd0uj-xWY4,90.0,100.0,"/m/039jq,/m/04rlf",0,0,0,0,0,1,0,0
bzaQ7CIzGv8,80.0,90.0,"/m/09x0r,/m/0g6b5,/t/dd00128",0,0,0,1,0,0,0,0
KVBozM_DIqY,15.0,25.0,"/m/015p6,/m/09x0r,/t/dd00129",0,0,0,0,0,0,0,0
ipfmCUYrto8,10.0,20.0,"/m/03qc9zr,/m/04rlf",1,0,0,0,0,0,0,0
RIa9qUhHGOE,30.0,40.0,/m/04rlf,0,0,0,0,0,0,0,0
idqf7NcN1VM,0.0,10.0,"/m/03qc9zr,/m/04rlf",1,0,0,0,0,0,0,0
vbySKnaQ_WI,0.0,10.0,/m/04rlf,0,0,0,0,0,0,0,0
jmiZ9uozk0A,340.0,350.0,"/m/03qtwd,/m/053hz1,/t/dd00135",0,1,0,0,0,0,0,0
Kwdk77kM_Ns,30.0,40.0,/m/04rlf,0,0,0,0,0,0,0,0
Io95ofXk9ks,30.0,40.0,/m/09x0r,0,0,0,0,0,0,0,0
pbO7OL-DFiw,70.0,80.0,"/m/09x0r,/t/dd00002",0,0,1,0,0,0,0,0
anRBGrNT_D4,110.0,120.0,"/m/07pp_mv,/m/09x0r",0,0,0,0,0,0,0,1
GOTBg4qkOwc,80.0,90.0,/m/032s66,0,0,0,0,1,0,0,0
vQkANMdYHxo,230.0,240.0,"/m/068hy,/m/09x0r,/m/0bt9lr,/m/0jbk",0,0,0,0,0,0,0,0
D7a5QMGqQUY,190.0,200.0,"/m/015lz1,/m/028sqc,/m/03qc9zr,/m/04rlf,/m/064t9",1,0,0,0,0,0,0,0
Mk406DHNYPM,30.0,40.0,/m/03kmc9,0,0,0,0,0,0,1,0
L9P5pIWMMIo,30.0,40.0,/m/03kmc9,0,0,0,0,0,0,1,0
2mmXoqiCOcM,30.0,40.0,"/m/09x0r,/t/dd00002",0,0,1,0,0,0,0,0
CdpeaQjDJvY,160.0,170.0,"/m/03qc9zr,/m/04rlf",1,0,0,0,0,0,0,0
5rzaam83Ho4,310.0,320.0,/m/0g6b5,0,0,0,1,0,0,0,0
zkWoni28n64,70.0,80.0,"/m/03qc9zr,/m/09x0r",1,0,0,0,0,0,0,0
roByHotomoc,20.0,30.0,"/m/012f08,/m/012ndj,/m/03j1ly,/m/07r04,/m/07yv9",0,0,0,0,0,0,1,0
1qEc6k9uYlY,30.0,40.0,"/m/04rlf,/m/09x0r",0,0,0,0,0,0,0,0
S6E4M7O8hWo,30.0,40.0,"/m/0463cq4,/m/09x0r",0,0,1,0,0,0,0,0
FakZ7DH33dQ,80.0,90.0,"/g/122z_qxw,/m/09x0r,/m/0g6b5",0,0,0,1,0,0,0,0
OEK6Prbsjq0,30.0,40.0,"/m/04rlf,/m/04szw,/m/07y_7",0,0,0,0,0,0,0,0
PoekGgNWrwo,30.0,40.0,/m/09x0r,0,0,0,0,0,0,0,0
RdTukN-zo7w,250.0,260.0,"/m/02z32qm,/m/09x0r",0,0,0,0,0,0,0,0
8b_iEf7UFWw,0.0,6.0,/t/dd00002,0,0,1,0,0,0,0,0
Mg5f_4pJFPw,20.0,30.0,/m/039jq,0,0,0,0,0,1,0,0
ahIsowp1HjA,20.0,30.0,/m/0463cq4,0,0,1,0,0,0,0,0
s_r_-u8yTuI,180.0,190.0,"/m/04rlf,/m/07p6fty",0,1,0,0,0,0,0,0
d4LmggXr2JM,100.0,110.0,"/m/032s66,/m/04rlf,/m/09x0r",0,0,0,0,1,0,0,0
YbiiaDBU-HI,10.0,20.0,"/m/012n7d,/m/03j1ly,/m/03kmc9,/m/04qvtq",0,0,0,0,0,0,1,0
L6KfqjdX9nk,30.0,40.0,"/m/04rlf,/m/07gxw",0,0,0,0,0,0,0,0
0E0o-8_58fw,40.0,50.0,"/m/0463cq4,/t/dd00002",0,0,1,0,0,0,0,0
HBaMn065HLo,0.0,4.0,/m/014zdl,0,0,0,1,0,0,0,0
R4twSwnKF7s,40.0,50.0,"/m/03qtwd,/m/053hz1,/t/dd00135",0,1,0,0,0,0,0,0
T-AN31N4LD0,50.0,60.0,"/m/03qc9zr,/m/09x0r",1,0,0,0,0,0,0,0
kPZ_BqueJi0,30.0,40.0,/m/02mfyn,0,0,0,0,0,0,0,1
efW8VhJlB4w,250.0,260.0,"/m/09x0r,/t/dd00126",0,0,0,0,0,0,0,0
dBC30yiyJ0U,0.0,10.0,"/m/042v_gx,/m/04rlf",0,0,0,0,0,0,0,0
yZZFDWkYJYs,16.0,26.0,"/m/012n7d,/m/03j1ly,/m/03kmc9,/m/04qvtq",0,0,0,0,0,0,1,0
G6VgfAgaRpw,40.0,50.0,"/m/04rlf,/m/07p6fty,/m/09x0r,/t/dd00126,/t/dd00127",0,1,0,0,0,0,0,0
rIilKK3MAzs,180.0,190.0,"/m/03qc9zr,/m/04rlf,/m/09x0r",1,0,0,0,0,0,0,0
lsojfgbT6Lk,70.0,80.0,"/m/039jq,/m/04rlf,/m/04szw",0,0,0,0,0,1,0,0
vi5I9NDrDGM,30.0,40.0,"/m/012n7d,/m/03j1ly,/m/03kmc9,/m/04qvtq",0,0,0,0,0,0,1,0
EH4cB7X-lMc,150.0,160.0,"/m/04rlf,/m/06by7,/m/07p6fty",0,1,0,0,0,0,0,0
IVeDDUbc5cA,210.0,220.0,"/m/015lz1,/m/04rlf,/m/064t9",0,0,0,0,0,0,0,0
WsTNrVFA0h4,20.0,30.0,"/m/0463cq4,/m/09x0r",0,0,1,0,0,0,0,0
80kP-eGs3pY,30.0,40.0,"/m/039jq,/m/07q7njn",0,0,0,0,0,1,0,0
6UbLFNbvORg,30.0,40.0,"/m/04rlf,/m/09x0r,/t/dd00002",0,0,1,0,0,0,0,0
n5CBi-hbR_s,270.0,280.0,/m/032s66,0,0,0,0,1,0,0,0
tfJ0hoDx7L0,21.0,31.0,"/m/09x0r,/t/dd00002",0,0,1,0,0,0,0,0
Y-AW3hS399M,30.0,40.0,"/m/0463cq4,/t/dd00002",0,0,1,0,0,0,0,0
qWKyksHelmw,17.0,27.0,"/m/09x0r,/t/dd00002",0,0,1,0,0,0,0,0
gSAMO8eNLzk,10.0,20.0,"/m/04rlf,/m/07p6fty,/t/dd00126,/t/dd00127",0,1,0,0,0,0,0,0
X5DdKsF9OMQ,30.0,40.0,"/m/03kmc9,/m/04qvtq,/m/09x0r",0,0,0,0,0,0,1,0
29YeUXh--R4,30.0,40.0,/m/032s66,0,0,0,0,1,0,0,0
3T2qX9IEiSA,0.0,6.0,/m/014zdl,0,0,0,1,0,0,0,0
hH7PqtKWlWQ,60.0,70.0,"/m/04rlf,/m/09x0r,/t/dd00126",0,0,0,0,0,0,0,0
L_mK6M2K94U,11.0,21.0,"/m/09x0r,/t/dd00002",0,0,1,0,0,0,0,0
YcI57jUphwc,30.0,40.0,/m/0g6b5,0,0,0,1,0,0,0,0
Fsk5Tprlmw4,0.0,8.0,"/m/014zdl,/m/09x0r",0,0,0,1,0,0,0,0
FuIU4qtoKfw,230.0,240.0,"/m/03qc9zr,/m/09x0r",1,0,0,0,0,0,0,0
ZHUdlgUsZSY,100.0,110.0,"/m/012ndj,/m/03j1ly,/m/03kmc9",0,0,0,0,0,0,1,0
q0neRzBlPf8,30.0,40.0,/t/dd00002,0,0,1,0,0,0,0,0
fCibud7GrnM,0.0,10.0,"/m/04rlf,/m/09x0r,/t/dd00126",0,0,0,0,0,0,0,0
G6wAGEOTWko,30.0,40.0,"/m/09x0r,/t/dd00002",0,0,1,0,0,0,0,0
COZZ0rgbBbU,10.0,20.0,/m/0g6b5,0,0,0,1,0,0,0,0
ICftYAIuJAg,40.0,50.0,"/m/02w4v,/m/03qtwd,/m/04rlf,/m/07p6fty,/m/09x0r",0,1,0,0,0,0,0,0
hYOJVrtxmjM,30.0,40.0,"/m/04rlf,/m/0jtg0",0,0,0,0,0,0,0,0
pSGaOpgAxVU,20.0,30.0,/m/032s66,0,0,0,0,1,0,0,0
znjkDtH3dxI,80.0,90.0,"/m/039jq,/m/09x0r",0,0,0,0,0,1,0,0
3dG1KirUNtg,210.0,220.0,"/m/01y3hg,/m/0c3f7m",0,0,0,0,0,0,0,1
YdK3PBVeaIs,30.0,40.0,/t/dd00002,0,0,1,0,0,0,0,0
h7-rFEczCkg,50.0,60.0,"/m/03qc9zr,/m/09x0r",1,0,0,0,0,0,0,0
DK-qT744pLo,26.0,36.0,"/m/012ndj,/m/03j1ly,/m/04rlf,/m/07r04,/m/07yv9",0,0,0,0,0,0,1,0
wl5P8hTjkDc,90.0,100.0,"/m/012ndj,/m/03j1ly,/m/07r04,/m/07yv9",0,0,0,0,0,0,1,0
2D5_DFaSTVk,220.0,230.0,"/m/03qc9zr,/m/09x0r",1,0,0,0,0,0,0,0
3sTQSIzWrbc,200.0,210.0,"/m/03qtwd,/m/04rlf",0,0,0,0,0,0,0,0
6Q--LUIIlk4,6.0,16.0,"/m/09x0r,/t/dd00002",0,0,1,0,0,0,0,0
R6fOikkC-n8,14.0,24.0,"/m/09x0r,/t/dd00002",0,0,1,0,0,0,0,0
ct-2hxVLQ6A,75.0,85.0,"/m/015lz1,/m/03qc9zr,/m/074ft",1,0,0,0,0,0,0,0
pKYLngLUUQU,30.0,40.0,/m/04rlf,0,0,0,0,0,0,0,0
YkeLWLgHdx8,6.0,16.0,"/m/012ndj,/m/02mk9,/m/03j1ly,/m/07r04,/m/07yv9,/t/dd00067",0,0,0,0,0,0,1,0
wN8xKzTZYio,30.0,40.0,"/m/07yv9,/m/09x0r",0,0,0,0,0,0,0,0
qjid4-aYxlo,30.0,40.0,"/m/03kmc9,/m/09x0r",0,0,0,0,0,0,1,0
WNaRJG60YIc,30.0,40.0,"/m/09x0r,/t/dd00002",0,0,1,0,0,0,0,0
ff3rZjZY3WE,10.0,20.0,"/m/03qtwd,/t/dd00135",0,1,0,0,0,0,0,0
EXfoAYBhkXw,30.0,40.0,"/m/04rlf,/m/04szw,/m/07y_7",0,0,0,0,0,0,0,0
ojiazjygICw,8.0,18.0,"/m/03j1ly,/m/03kmc9,/m/04qvtq",0,0,0,0,0,0,1,0
DRiLlwTKNqg,0.0,10.0,/m/032s66,0,0,0,0,1,0,0,0
y3uZRLrBFNE,10.0,20.0,"/m/012ndj,/m/03j1ly,/m/07r04,/m/07yv9",0,0,0,0,0,0,1,0
3q69KvUZGYc,30.0,40.0,/m/032s66,0,0,0,0,1,0,0,0
_I6OddtQQ0Q,300.0,310.0,"/m/03m9d0z,/m/0838f,/m/09x0r",0,0,0,0,0,0,0,0
pD4Z7TjghDA,30.0,40.0,"/m/04rlf,/t/dd00002",0,0,1,0,0,0,0,0
ad-8X58aIEM,30.0,40.0,"/m/03qc9zr,/m/09x0r,/t/dd00125",1,0,0,0,0,0,0,0
gOeHpqNGrq4,110.0,120.0,"/m/039jq,/m/04rlf",0,0,0,0,0,1,0,0
yjQP0I3gMaI,40.0,50.0,"/m/0g6b5,/t/dd00128",0,0,0,1,0,0,0,0
kGEIBj7GP7c,180.0,190.0,/m/03kmc9,0,0,0,0,0,0,1,0
KD5w6_kfJgE,60.0,70.0,/m/0g6b5,0,0,0,1,0,0,0,0
NkwoRKqFZUE,30.0,40.0,/m/09x0r,0,0,0,0,0,0,0,0
AgZqTb2PDqk,30.0,40.0,"/m/03kmc9,/m/0dgbq",0,0,0,0,0,0,1,0
4WX75KO83NU,30.0,40.0,/m/04rlf,0,0,0,0,0,0,0,0
s-he6VSlRxE,70.0,80.0,"/m/068hy,/m/068zj,/m/09x0r,/m/0bt9lr,/m/0jbk",0,0,0,0,0,0,0,0
Rpj1xnuEfjc,30.0,40.0,"/m/026t6,/m/02hnl,/m/04rlf,/m/04szw",0,0,0,0,0,0,0,0
IhDfxIBqaLA,230.0,240.0,"/m/015lz1,/m/04rlf,/m/07p6fty,/t/dd00126",0,1,0,0,0,0,0,0
_OAmHm2hHGk,0.0,10.0,"/m/03qc9zr,/m/04rlf,/m/09x0r",1,0,0,0,0,0,0,0
dDHtxVh74OQ,30.0,40.0,"/m/04rlf,/m/09x0r,/t/dd00002",0,0,1,0,0,0,0,0
4JnYkujJGRA,530.0,540.0,"/m/032s66,/m/073cg4",0,0,0,0,1,0,0,0
vr7bVOhKA1I,30.0,40.0,/m/04rlf,0,0,0,0,0,0,0,0
1fWA0tcMw4A,0.0,10.0,/m/04rlf,0,0,0,0,0,0,0,0
Aihz9N4GpJ4,30.0,40.0,"/m/09x0r,/t/dd00002",0,0,1,0,0,0,0,0
AZurYfjc3Io,30.0,40.0,"/m/04rlf,/m/09x0r",0,0,0,0,0,0,0,0
iLro9vsdW40,30.0,40.0,/m/032s66,0,0,0,0,1,0,0,0
oltPxLPjkLA,100.0,110.0,/m/032s66,0,0,0,0,1,0,0,0
C6UhZJD_yvk,20.0,30.0,"/m/09x0r,/m/0g6b5",0,0,0,1,0,0,0,0
0DQf9PV9U2M,40.0,50.0,"/m/012n7d,/m/012ndj,/m/03j1ly,/m/03kmc9",0,0,0,0,0,0,1,0
-rgDWfvxxqw,30.0,40.0,/m/02mfyn,0,0,0,0,0,0,0,1
9lPmnvW5T5Q,400.0,410.0,"/m/07p6fty,/m/09x0r,/t/dd00126",0,1,0,0,0,0,0,0
AGaJVEza2xU,30.0,40.0,/m/04rlf,0,0,0,0,0,0,0,0
eNch1w1CZCo,10.0,20.0,"/m/03kmc9,/m/04qvtq",0,0,0,0,0,0,1,0
MihslZambS0,410.0,420.0,"/m/039jq,/m/04brg2,/m/09x0r",0,0,0,0,0,1,0,0
5yF8ckd7yXI,210.0,220.0,/m/039jq,0,0,0,0,0,1,0,0
GYuLlZ0MWKs,0.0,9.0,"/m/04rlf,/m/09x0r",0,0,0,0,0,0,0,0
Iyyrm16i22w,30.0,40.0,"/m/012f08,/m/04qvtq,/m/07rknqz,/m/07yv9,/m/09x0r,/m/0k4j",0,0,0,0,0,0,1,0
2AvWyMhYgkM,0.0,7.0,/m/032s66,0,0,0,0,1,0,0,0
j3gPNQg2WpM,480.0,490.0,"/m/01y3hg,/m/09x0r",0,0,0,0,0,0,0,1
ZNISbjG3FvI,460.0,470.0,"/m/012n7d,/m/02mfyn,/m/03kmc9",0,0,0,0,0,0,1,1
LHg_0smDSEE,280.0,290.0,"/m/015lz1,/m/04rlf",0,0,0,0,0,0,0,0
sbDUaj0yEaU,520.0,530.0,/m/02mfyn,0,0,0,0,0,0,0,1
kErSE0dev78,30.0,40.0,/m/09x0r,0,0,0,0,0,0,0,0
75EwmfHLijI,20.0,30.0,"/m/03qc9zr,/m/09x0r",1,0,0,0,0,0,0,0
ByhkJCbF1CE,20.0,30.0,/m/032s66,0,0,0,0,1,0,0,0
bD9sR6KTOKg,23.0,33.0,"/m/014zdl,/m/09x0r",0,0,0,1,0,0,0,0
L94zGIRiu7k,260.0,270.0,"/m/015lz1,/m/04rlf,/m/064t9,/m/07p6fty,/m/09x0r,/t/dd00127",0,1,0,0,0,0,0,0
8SLMXKOvgY4,7.0,17.0,/t/dd00002,0,0,1,0,0,0,0,0
_u6fGmdTmjI,0.0,7.0,/m/014zdl,0,0,0,1,0,0,0,0
bW_FrKrcuh0,30.0,40.0,"/m/03qtwd,/m/053hz1,/t/dd00135",0,1,0,0,0,0,0,0
Rvtcyj2yclE,0.0,10.0,/m/03qc9zr,1,0,0,0,0,0,0,0
8ZZEptcS230,30.0,40.0,/m/04rlf,0,0,0,0,0,0,0,0
yEP9SD-ItNE,90.0,100.0,"/m/015lz1,/m/04rlf,/m/07p6fty,/t/dd00126",0,1,0,0,0,0,0,0
aX3nKqzqdN8,230.0,240.0,"/m/032s66,/m/04zjc",0,0,0,0,1,0,0,0
HFpfDaLZtzQ,30.0,40.0,"/m/01y3hg,/m/02fs_r,/m/09x0r,/m/0c3f7m",0,0,0,0,0,0,0,1
aEb9jm-pjpI,330.0,340.0,/m/04qvtq,0,0,0,0,0,0,1,0
ZucQqoFyibg,80.0,90.0,"/m/0463cq4,/m/07qz6j3,/m/09x0r",0,0,1,0,0,0,0,0
TmD5tGGmoQQ,90.0,100.0,"/m/03qc9zr,/m/09x0r",1,0,0,0,0,0,0,0
xMHimHPm58M,30.0,40.0,/m/04rlf,0,0,0,0,0,0,0,0
kkvKWIrm6yA,90.0,100.0,"/m/039jq,/m/04rlf",0,0,0,0,0,1,0,0
pTuiMx3WhpA,40.0,50.0,"/m/0342h,/m/03lty,/m/04rlf,/m/04szw,/m/0fx80y",0,0,0,0,0,0,0,0
6CzgrjobyzQ,30.0,40.0,"/m/01y3hg,/m/04rlf,/m/09x0r",0,0,0,0,0,0,0,1
pO1z4jL2rsk,70.0,80.0,"/m/03qtwd,/m/053hz1,/t/dd00135",0,1,0,0,0,0,0,0
5JyoDFmrUSM,190.0,200.0,"/m/028v0c,/m/05zppz,/m/09x0r,/t/dd00126",0,0,0,0,0,0,0,0
TNfzRdZaPN0,80.0,90.0,/m/0463cq4,0,0,1,0,0,0,0,0
kBAmFNiWFlU,30.0,40.0,"/m/032s66,/m/0_1c",0,0,0,0,1,0,0,0
p9lRNu5Yy8A,130.0,140.0,/m/039jq,0,0,0,0,0,1,0,0
O1RVX1bm0Ho,23.0,33.0,"/m/07qz6j3,/m/09x0r,/t/dd00002",0,0,1,0,0,0,0,0
0i0h5nK2D_U,340.0,350.0,"/m/0463cq4,/m/09x0r",0,0,1,0,0,0,0,0
ilqGiYOhu00,6.0,16.0,"/m/012ndj,/m/07yv9",0,0,0,0,0,0,1,0
M0B_KScK7pU,0.0,10.0,"/m/03fwl,/m/09x0r,/m/0jbk",0,0,0,0,0,0,0,0
5speFcRxcUc,30.0,40.0,"/m/04rlf,/m/0l14gg,/t/dd00036",0,0,0,0,0,0,0,0
hCYMD5c8XRw,110.0,120.0,"/m/039jq,/m/09x0r",0,0,0,0,0,1,0,0
30PqTkuelgE,320.0,330.0,"/m/015lz1,/m/03lty,/m/04rlf,/m/07p6fty,/t/dd00127",0,1,0,0,0,0,0,0
YfQ3MVZc0mI,0.0,9.0,"/m/014zdl,/m/07qsvvw,/m/09x0r",0,0,0,1,0,0,0,0
0dTMThGujls,30.0,40.0,/m/09x0r,0,0,0,0,0,0,0,0
GNOf3cNPBe8,3.0,13.0,/m/0g6b5,0,0,0,1,0,0,0,0
LYdSMKWxV7Q,30.0,40.0,"/m/012ndj,/m/07r04,/m/07yv9,/t/dd00067",0,0,0,0,0,0,1,0
heftcr8BU8g,0.0,6.0,/m/014zdl,0,0,0,1,0,0,0,0
gS4id2VnOeU,0.0,7.0,/m/014zdl,0,0,0,1,0,0,0,0
fcrkduUKeqg,30.0,40.0,/m/04rlf,0,0,0,0,0,0,0,0
9MqssX1p2gM,65.0,75.0,/m/01y3hg,0,0,0,0,0,0,0,1
AJcePrVyzag,160.0,170.0,"/m/03qc9zr,/m/09x0r",1,0,0,0,0,0,0,0
jvIhaWOgWw0,100.0,110.0,"/m/032s66,/m/04zjc",0,0,0,0,1,0,0,0
gqjem_ISJWY,220.0,230.0,"/m/09x0r,/m/0g6b5",0,0,0,1,0,0,0,0
1td9aN7Uyl8,30.0,40.0,"/m/09x0r,/t/dd00002",0,0,1,0,0,0,0,0
YZbVsMOmu-g,0.0,10.0,"/m/07pp_mv,/m/0c3f7m",0,0,0,0,0,0,0,1
jvdBvXd8W2E,10.0,20.0,"/m/068hy,/m/07qf0zm,/m/09x0r,/m/0bt9lr,/m/0jbk",0,0,0,0,0,0,0,0
-sCVcB1tYNo,10.0,20.0,"/m/039jq,/m/04rlf,/m/04szw",0,0,0,0,0,1,0,0
m-AuYtRoRfM,20.0,30.0,/m/039jq,0,0,0,0,0,1,0,0
cX1nYYT9B1A,580.0,590.0,"/m/032s66,/m/04zjc",0,0,0,0,1,0,0,0
v4lltjPS19o,40.0,50.0,"/m/03qc9zr,/m/07r660_,/m/07s04w4,/m/09x0r",1,0,0,0,0,0,0,0
5Ml21FnFo98,40.0,50.0,"/m/0283d,/m/02lkt,/m/04rlf",0,0,0,0,0,0,0,0
bN7RxmVCluc,30.0,40.0,/m/09x0r,0,0,0,0,0,0,0,0
fvvbor3EZyQ,330.0,340.0,"/m/04rlf,/m/07p6fty,/m/09x0r",0,1,0,0,0,0,0,0
TgVi3-cARM0,30.0,40.0,/m/04rlf,0,0,0,0,0,0,0,0
M5jtHBMucO8,30.0,40.0,/m/09x0r,0,0,0,0,0,0,0,0
ItVK0mSWRSY,30.0,40.0,"/m/09x0r,/t/dd00002",0,0,1,0,0,0,0,0
HRZWQYvCijU,30.0,40.0,/t/dd00002,0,0,1,0,0,0,0,0
kScMM1L6nO0,70.0,80.0,"/m/015lz1,/m/026z9,/m/04rlf,/m/07p6fty",0,1,0,0,0,0,0,0
wOAmn44P4Pc,140.0,150.0,"/m/015lz1,/m/04rlf,/m/07p6fty",0,1,0,0,0,0,0,0
tmlv4VNzmMs,30.0,40.0,"/m/012ndj,/m/04qvtq",0,0,0,0,0,0,1,0
JGPE1vItxws,10.0,20.0,"/m/09x0r,/m/0g6b5,/t/dd00128",0,0,0,1,0,0,0,0
AE2siuYY0Mk,270.0,280.0,"/m/03qtwd,/t/dd00135",0,1,0,0,0,0,0,0
-g5etGv6j4M,130.0,140.0,"/m/016cjb,/m/02mscn,/m/04rlf",0,0,0,0,0,0,0,0
-HrJRswYxbA,0.0,10.0,"/m/014zdl,/m/09x0r",0,0,0,1,0,0,0,0
7YuKgvSuA8Y,20.0,30.0,"/m/04rlf,/m/07p6fty,/t/dd00128",0,1,0,0,0,0,0,0
z2nJRLqTtFQ,30.0,40.0,/m/032s66,0,0,0,0,1,0,0,0
wPg8y9UPEyE,60.0,70.0,/m/039jq,0,0,0,0,0,1,0,0
c6kUy4W5okQ,30.0,40.0,/m/04rlf,0,0,0,0,0,0,0,0
oHEcwGfnOgU,30.0,40.0,/m/09x0r,0,0,0,0,0,0,0,0
2NgORaD-GQA,30.0,40.0,"/m/07yv9,/m/09x0r,/t/dd00002",0,0,1,0,0,0,0,0
pKQX7hLWvMo,60.0,70.0,"/m/04rlf,/m/07p6fty,/t/dd00126",0,1,0,0,0,0,0,0
9YL29p71T-s,30.0,40.0,"/m/014zdl,/m/09x0r",0,0,0,1,0,0,0,0
xok5Lon0jlE,60.0,70.0,"/m/0463cq4,/m/09x0r",0,0,1,0,0,0,0,0
cuN9K1xFv3Y,30.0,40.0,"/m/015lz1,/m/04rlf,/m/07p6fty",0,1,0,0,0,0,0,0
KzQjRxNiDkM,30.0,40.0,"/m/012n7d,/m/03j1ly,/m/03kmc9,/m/04qvtq",0,0,0,0,0,0,1,0
912KiL8V8No,120.0,130.0,"/m/03qtwd,/m/053hz1,/t/dd00135",0,1,0,0,0,0,0,0
I041OgAtuSg,30.0,40.0,"/m/04rlf,/m/07s72n",0,0,0,0,0,0,0,0
JEP4uEEIkhQ,40.0,50.0,"/m/01xqw,/m/04rlf",0,0,0,0,0,0,0,0
belmUbKXrOM,60.0,70.0,"/m/04rlf,/m/07p6fty",0,1,0,0,0,0,0,0
9J9vlnM6Ryw,30.0,40.0,/m/04rlf,0,0,0,0,0,0,0,0
FsQifIuN1Ck,30.0,40.0,"/m/02lkt,/m/04rlf,/m/07gxw",0,0,0,0,0,0,0,0
-CRGhom9PYc,30.0,40.0,"/m/04rlf,/m/09x0r",0,0,0,0,0,0,0,0
ljcAxVzBKbE,13.0,23.0,"/m/03qc9zr,/m/04rlf",1,0,0,0,0,0,0,0
3Nh5jEGVSYY,0.0,10.0,"/m/03kmc9,/m/04rlf",0,0,0,0,0,0,1,0
Rg4JuKkQ68U,4.0,14.0,"/m/04rlf,/t/dd00002",0,0,1,0,0,0,0,0
uG1fRb42ibU,370.0,380.0,"/m/032s66,/m/04rlf,/m/09x0r",0,0,0,0,1,0,0,0
Z-aunxrxQgI,30.0,40.0,/m/03kmc9,0,0,0,0,0,0,1,0
0SvSNVatkv0,30.0,40.0,"/m/012ndj,/m/03j1ly,/m/03kmc9",0,0,0,0,0,0,1,0
u03UeXVwTE8,0.0,10.0,"/m/039jq,/m/04rlf",0,0,0,0,0,1,0,0
eo1UvcH64zY,30.0,40.0,"/m/09x0r,/t/dd00002",0,0,1,0,0,0,0,0
7Ov1bh9BGJ0,370.0,380.0,"/m/032s66,/m/04zjc",0,0,0,0,1,0,0,0
6feHO-MMaKA,0.0,9.0,"/m/09x0r,/t/dd00002",0,0,1,0,0,0,0,0
0RVcHYwq_kI,30.0,40.0,"/m/02mk9,/m/07yv9,/m/09x0r,/m/0k4j,/t/dd00130",0,0,0,0,0,0,0,0
u_HXuRsrMcg,110.0,120.0,"/m/015lz1,/m/04rlf,/m/07p6fty,/m/09x0r,/t/dd00128",0,1,0,0,0,0,0,0
cU9AJygC17I,90.0,100.0,"/m/025rv6n,/m/032s66,/m/07qwf61,/m/0dbvp",0,0,0,0,1,0,0,0
tbOqkgPOmVM,30.0,40.0,"/m/02mfyn,/m/03j1ly,/m/03kmc9,/m/04qvtq",0,0,0,0,0,0,1,1
7-tA1tYeG7o,230.0,240.0,"/m/012f08,/m/04qvtq,/m/04rlf,/m/07yv9,/m/0k4j",0,0,0,0,0,0,1,0
vTVy4kDTXww,180.0,190.0,"/m/04rlf,/m/09x0r",0,0,0,0,0,0,0,0
pK_dWQ4AH7Q,110.0,120.0,"/m/04rlf,/m/07p6fty,/t/dd00126",0,1,0,0,0,0,0,0
qX4ILHsQUgo,20.0,30.0,/m/0g6b5,0,0,0,1,0,0,0,0
BCtOOoWdGhk,90.0,100.0,"/m/026t6,/m/02hnl,/m/04rlf,/m/07p6fty",0,1,0,0,0,0,0,0
hEWSzTuZ5gI,20.0,30.0,"/m/039jq,/m/04k94,/m/0838f",0,0,0,0,0,1,0,0
dvci6hiIAK0,350.0,360.0,"/m/04rlf,/m/07p6fty",0,1,0,0,0,0,0,0
_1W5qOZAjC8,30.0,40.0,"/m/03qc9zr,/m/04rlf,/m/07qfr4h,/m/09x0r",1,0,0,0,0,0,0,0
0gCe7eLwSTY,30.0,40.0,"/m/04rlf,/m/07c52,/m/09x0r",0,0,0,0,0,0,0,0
IHf52BfOqfE,70.0,80.0,/m/01y3hg,0,0,0,0,0,0,0,1
Y406QwG5xRw,40.0,50.0,"/m/039jq,/m/04rlf,/m/09x0r",0,0,0,0,0,1,0,0
0zKWqTkwwgw,30.0,40.0,"/m/04rlf,/m/09x0r",0,0,0,0,0,0,0,0
WWequ-aGYyw,30.0,40.0,/m/09x0r,0,0,0,0,0,0,0,0
LcfM1Bqli1E,70.0,80.0,"/m/015lz1,/m/04rlf,/m/07p6fty",0,1,0,0,0,0,0,0
Ot9AoVM98hA,450.0,460.0,"/m/015lz1,/m/04rlf,/m/05pd6,/m/07p6fty,/t/dd00127",0,1,0,0,0,0,0,0
V0Tcw8Zrzdg,410.0,420.0,"/m/039jq,/m/04k94,/m/0838f,/m/09x0r",0,0,0,0,0,1,0,0
G0y_2Hm5sic,30.0,40.0,/m/09x0r,0,0,0,0,0,0,0,0
40kp2duNgk0,0.0,10.0,/m/0g6b5,0,0,0,1,0,0,0,0
j6Ty2rkpMMw,0.0,10.0,"/g/122z_qxw,/m/09x0r,/m/0g6b5",0,0,0,1,0,0,0,0
VVFAXoLuVOk,0.0,10.0,/m/0g6b5,0,0,0,1,0,0,0,0
8OqF6XZH_fQ,30.0,40.0,/m/04rlf,0,0,0,0,0,0,0,0
PAIziv5Ve4Q,10.0,20.0,/m/039jq,0,0,0,0,0,1,0,0
7XDNrp5CZBg,20.0,30.0,/m/0g6b5,0,0,0,1,0,0,0,0
l-h47sNepTk,30.0,35.0,"/m/04rlf,/m/09x0r",0,0,0,0,0,0,0,0
T6FQBJJxk1M,380.0,390.0,"/m/04qvtq,/m/0k4j",0,0,0,0,0,0,1,0
9bWiqG1h1Qc,0.0,10.0,"/m/03kmc9,/m/0dgbq",0,0,0,0,0,0,1,0
0XPvk1ZlkBc,30.0,40.0,"/m/012ndj,/m/03j1ly,/m/03kmc9,/m/07yv9",0,0,0,0,0,0,1,0
WspUYlpeLcM,40.0,50.0,"/m/0463cq4,/m/07r660_,/m/09x0r,/t/dd00002",0,0,1,0,0,0,0,0
6lFQmePM7Kc,120.0,130.0,/m/032s66,0,0,0,0,1,0,0,0
l4PAayuG6Pw,30.0,40.0,"/m/039jq,/m/04rlf",0,0,0,0,0,1,0,0
6pIxlYXpWQw,50.0,60.0,"/m/039jq,/m/09x0r",0,0,0,0,0,1,0,0
zdPyYwzA1TE,280.0,290.0,"/m/03qtwd,/m/053hz1,/t/dd00135",0,1,0,0,0,0,0,0
n3-2OCzHPlE,30.0,40.0,"/m/07qz6j3,/m/09x0r,/t/dd00002",0,0,1,0,0,0,0,0
eK4wH820las,5.0,15.0,/m/07pp_mv,0,0,0,0,0,0,0,1
SFJkW1EgSkU,30.0,40.0,"/m/032s66,/m/0_1c",0,0,0,0,1,0,0,0
ipiG-oM-5yA,30.0,40.0,"/m/032s66,/m/073cg4",0,0,0,0,1,0,0,0
5GR4gonwNCE,0.0,9.0,"/m/03qc9zr,/m/09x0r",1,0,0,0,0,0,0,0
nuq4VZHVGDY,30.0,40.0,"/m/012n7d,/m/03j1ly,/m/03kmc9,/m/04qvtq",0,0,0,0,0,0,1,0
IvgydXeEZwA,30.0,40.0,/m/09x0r,0,0,0,0,0,0,0,0
Z83OhbTj9NE,10.0,20.0,"/g/122z_qxw,/m/0g6b5",0,0,0,1,0,0,0,0
bFcqrQdJ9i8,30.0,40.0,/m/09x0r,0,0,0,0,0,0,0,0
fTwBwAnhIKQ,10.0,20.0,"/m/032s66,/m/04zjc",0,0,0,0,1,0,0,0
rSAioZLiT78,150.0,160.0,/m/09x0r,0,0,0,0,0,0,0,0
SHAncAjicgI,0.0,10.0,/m/032s66,0,0,0,0,1,0,0,0
2v6ZHu4MKPA,0.0,10.0,"/m/032s66,/m/09x0r",0,0,0,0,1,0,0,0
yeQWaTmBf-c,30.0,40.0,/m/09x0r,0,0,0,0,0,0,0,0
iSaqMJceoRM,30.0,40.0,"/m/03kmc9,/m/0bt9lr,/m/0jbk,/t/dd00136",0,0,0,0,0,0,1,0
58gSRn-zC2E,30.0,40.0,"/m/012ndj,/m/03j1ly,/m/07yv9",0,0,0,0,0,0,1,0
oDCPLtEcELU,30.0,40.0,/t/dd00002,0,0,1,0,0,0,0,0
zxGlC2IUgy0,20.0,30.0,/m/0g6b5,0,0,0,1,0,0,0,0
Ock5wHE7XNQ,30.0,40.0,"/m/03j1ly,/m/03kmc9,/m/04qvtq",0,0,0,0,0,0,1,0
c30PHNAX7Gc,290.0,300.0,"/m/09x0r,/m/0c3f7m",0,0,0,0,0,0,0,1
7gQ8I8m0gtI,30.0,40.0,"/m/0463cq4,/m/09x0r,/m/0ytgt,/t/dd00002",0,0,1,0,0,0,0,0
JR3z03uTUIQ,30.0,40.0,"/m/03kmc9,/m/04qvtq",0,0,0,0,0,0,1,0
OhXfeQ97Y7k,0.0,10.0,"/m/015lz1,/m/04rlf,/m/07p6fty,/t/dd00127",0,1,0,0,0,0,0,0
E4zzddUHKlo,30.0,40.0,"/m/014zdl,/m/07qsvvw",0,0,0,1,0,0,0,0
lRfPkQcCwjI,140.0,150.0,"/m/03qc9zr,/m/04rlf,/m/09x0r",1,0,0,0,0,0,0,0
lJSiHRjKdpw,20.0,30.0,"/m/012ndj,/m/07r04,/m/07yv9",0,0,0,0,0,0,1,0
NkeuLquyTKg,30.0,40.0,"/m/04rlf,/m/09x0r,/t/dd00002",0,0,1,0,0,0,0,0
8vin6yZXZJU,0.0,10.0,"/m/03j1ly,/m/03kmc9,/m/04qvtq",0,0,0,0,0,0,1,0
sTesd9Yl03Y,90.0,100.0,"/m/032s66,/m/04zjc",0,0,0,0,1,0,0,0
OJBoJssdXa0,21.0,31.0,"/m/04rlf,/m/09x0r",0,0,0,0,0,0,0,0
B8-k1aA4tvw,30.0,40.0,"/m/01y3hg,/m/09x0r,/m/0c3f7m",0,0,0,0,0,0,0,1
aR-FuK-8i7w,80.0,90.0,/m/03qc9zr,1,0,0,0,0,0,0,0
WV4JKy7dQVg,2.0,12.0,"/m/04qvtq,/m/09x0r",0,0,0,0,0,0,1,0
y93cZqNCtks,470.0,480.0,"/m/032s66,/m/04zjc",0,0,0,0,1,0,0,0
BI-3qyY9sdM,30.0,40.0,"/m/03qc9zr,/m/04rlf",1,0,0,0,0,0,0,0
LH4vb-qEGbc,350.0,360.0,"/m/04rlf,/m/09x0r,/t/dd00125",0,0,0,0,0,0,0,0
AVIplOV78Rw,50.0,60.0,/m/0g6b5,0,0,0,1,0,0,0,0
tSulax4bgY8,190.0,200.0,"/m/09x0r,/m/0jbk",0,0,0,0,0,0,0,0
zhAUkNhQ7uM,10.0,20.0,"/m/03qc9zr,/m/07s2xch",1,0,0,0,0,0,0,0
lLZtnKxGQuY,270.0,280.0,"/m/04rlf,/m/0dq0md",0,0,0,0,0,0,0,0
_XPPISqmXSE,40.0,50.0,"/m/015lz1,/m/03qc9zr,/m/04rlf,/t/dd00125",1,0,0,0,0,0,0,0
2NDpT1iQc6o,20.0,30.0,/m/032s66,0,0,0,0,1,0,0,0
9MGrP3KDrBg,0.0,10.0,"/m/02fs_r,/m/04rlf,/m/07pp_mv,/m/09x0r",0,0,0,0,0,0,0,1
ee9m9NdB6Tc,70.0,80.0,"/m/039jq,/m/09x0r",0,0,0,0,0,1,0,0
Ta858F4DLik,150.0,160.0,/m/032s66,0,0,0,0,1,0,0,0
O7S29_2nd8U,0.0,9.0,/m/032s66,0,0,0,0,1,0,0,0
VulZxeOeHyg,100.0,110.0,/m/0463cq4,0,0,1,0,0,0,0,0
MkzMTUu2XJg,110.0,120.0,/m/039jq,0,0,0,0,0,1,0,0
J8CSpbKLZaA,30.0,40.0,"/m/09x0r,/t/dd00002",0,0,1,0,0,0,0,0
1uyc6OovHwo,60.0,70.0,"/m/02lkt,/m/03mb9,/m/04rlf,/m/07gxw",0,0,0,0,0,0,0,0
3tPUY9zHchw,30.0,40.0,/m/09x0r,0,0,0,0,0,0,0,0
TLD5t4FAO-M,160.0,170.0,"/m/039jq,/m/04rlf",0,0,0,0,0,1,0,0
QT8QT4RRKQA,30.0,40.0,"/m/04rlf,/m/09x0r",0,0,0,0,0,0,0,0
2MKEzHp2ggo,30.0,40.0,"/m/03kmc9,/m/0dgbq",0,0,0,0,0,0,1,0
LdwAcWWj2XU,120.0,130.0,"/m/03qc9zr,/m/04rlf,/m/09x0r",1,0,0,0,0,0,0,0
GWXyuNtRrOY,10.0,20.0,/m/02mfyn,0,0,0,0,0,0,0,1
HFyHaZ1Ls3c,440.0,450.0,/m/032s66,0,0,0,0,1,0,0,0
E6sS2d-NeTE,20.0,30.0,"/m/012ndj,/m/03j1ly,/m/07r04,/m/07yv9",0,0,0,0,0,0,1,0
MBLqrMHiimQ,30.0,40.0,"/m/04rlf,/t/dd00127",0,0,0,0,0,0,0,0
gR96ZGy5WwM,30.0,40.0,/m/09x0r,0,0,0,0,0,0,0,0
pFQQl1Hgp6g,2.0,12.0,/m/09x0r,0,0,0,0,0,0,0,0
YertWiwXj2g,30.0,40.0,"/m/04rlf,/m/07p6fty,/m/09x0r,/t/dd00127",0,1,0,0,0,0,0,0
UlW6ZsYirQk,160.0,170.0,"/m/012n7d,/m/03j1ly,/m/03kmc9",0,0,0,0,0,0,1,0
thdAJJR_7eg,0.0,10.0,/m/0g6b5,0,0,0,1,0,0,0,0
YTvcJaj4MYw,30.0,40.0,"/m/03qc9zr,/m/09x0r",1,0,0,0,0,0,0,0
7SKlU2jBJ84,30.0,40.0,/m/04rlf,0,0,0,0,0,0,0,0
A2fwPWv_2vE,30.0,40.0,"/m/0463cq4,/m/09x0r",0,0,1,0,0,0,0,0
N0qy-eVVw64,30.0,40.0,"/m/03kmc9,/m/04qvtq,/m/07yv9",0,0,0,0,0,0,1,0
jlmzfFSmjY0,30.0,40.0,"/m/09x0r,/t/dd00002",0,0,1,0,0,0,0,0
8ishaG9pyMA,30.0,40.0,"/m/028ght,/m/03qc9zr,/m/03qtwd,/m/09x0r,/m/0l15bq",1,0,0,0,0,0,0,0
d6olxDU2dQw,5.0,15.0,"/m/09x0r,/t/dd00002",0,0,1,0,0,0,0,0
pPRNua4L8uI,0.0,10.0,"/m/012ndj,/m/07r04,/m/07yv9",0,0,0,0,0,0,1,0
hoNj3NQJaf8,21.0,31.0,"/m/014zdl,/m/04rlf,/m/07qsvvw",0,0,0,1,0,0,0,0
N58VD6dvZGw,30.0,40.0,/m/04rlf,0,0,0,0,0,0,0,0
2K6zSEYfCLk,30.0,40.0,"/m/026t6,/m/02hnl,/m/04rlf,/m/04szw",0,0,0,0,0,0,0,0
p6HxBGl_JEU,70.0,80.0,"/m/039jq,/m/04rlf,/m/07rn7sz,/m/09x0r",0,0,0,0,0,1,0,0
d6ln_lBJ-Dc,50.0,60.0,"/m/015lz1,/m/04rlf",0,0,0,0,0,0,0,0
SpeXfIcrpT0,30.0,40.0,"/m/02lkt,/m/04rlf,/m/07s72n",0,0,0,0,0,0,0,0
POSbfDTTMH8,170.0,180.0,"/m/032s66,/m/04zjc",0,0,0,0,1,0,0,0
b0YFEY_mQDE,40.0,50.0,/m/03qc9zr,1,0,0,0,0,0,0,0
mGJMLULKI40,500.0,510.0,"/m/04rlf,/m/0g6b5",0,0,0,1,0,0,0,0
9JNN5l84Q88,310.0,320.0,"/m/04rlf,/m/07p6fty,/m/09x0r",0,1,0,0,0,0,0,0
3W9ZTnR-lP0,10.0,20.0,"/m/09x0r,/m/0g6b5",0,0,0,1,0,0,0,0
FuQ7s0aTZJA,30.0,40.0,"/m/09x0r,/t/dd00002",0,0,1,0,0,0,0,0
Vr0xaXAXC5U,140.0,150.0,/m/01y3hg,0,0,0,0,0,0,0,1
SWNPpMglrdE,30.0,40.0,"/m/09x0r,/t/dd00002",0,0,1,0,0,0,0,0
neYcm2YHE1g,30.0,40.0,"/m/04rlf,/m/09x0r,/t/dd00128",0,0,0,0,0,0,0,0
_m-rlRzniM4,10.0,20.0,"/m/07yv9,/m/09x0r,/t/dd00128",0,0,0,0,0,0,0,0
rGCnDAb19Kg,30.0,40.0,/m/09x0r,0,0,0,0,0,0,0,0
ywSRUBudenU,50.0,60.0,/m/039jq,0,0,0,0,0,1,0,0
2-7Sf5ji1XU,100.0,110.0,"/m/03kmc9,/m/0dgbq",0,0,0,0,0,0,1,0
IVxtZg677xI,18.0,28.0,"/m/014zdl,/m/07pxg6y,/m/09x0r",0,0,0,1,0,0,0,0
Uj_3AJYg4jU,460.0,470.0,"/m/014zdl,/m/0cmf2,/m/0k5j",0,0,0,1,0,0,0,0
T2KH6KEVFL0,160.0,170.0,"/m/04qvtq,/m/09x0r,/t/dd00128",0,0,0,0,0,0,1,0
1b2jTnJ2-YM,230.0,240.0,"/m/04rlf,/m/07p6fty,/t/dd00127",0,1,0,0,0,0,0,0
CX-Vu58HKVM,21.0,31.0,/m/04rlf,0,0,0,0,0,0,0,0
Ho9r2sbfGfA,0.0,9.0,/m/02mfyn,0,0,0,0,0,0,0,1
XGEecZOj5wU,30.0,40.0,"/m/030rvx,/m/0c3f7m",0,0,0,0,0,0,0,1
KcKVSw7dMN8,60.0,70.0,"/m/0463cq4,/m/09x0r",0,0,1,0,0,0,0,0
HQ4lzGNfPpo,150.0,160.0,"/m/046dlr,/m/07pp_mv,/m/09x0r",0,0,0,0,0,0,0,1
Wd6PT8nvXQ4,130.0,140.0,/m/03qc9zr,1,0,0,0,0,0,0,0
XoWPycPYrio,30.0,40.0,/m/032s66,0,0,0,0,1,0,0,0
rLO4gR2MclQ,20.0,30.0,"/m/03qc9zr,/m/04rlf,/m/07rwj3x,/m/09x0r",1,0,0,0,0,0,0,0
JFdHqy86JZk,70.0,80.0,"/m/0463cq4,/m/09x0r,/t/dd00125",0,0,1,0,0,0,0,0
yE7yw5zgBFw,0.0,10.0,"/m/09x0r,/t/dd00002",0,0,1,0,0,0,0,0
M7w09Tzr9Zw,30.0,40.0,/m/04rlf,0,0,0,0,0,0,0,0
8ssc676AI0U,70.0,80.0,"/m/012ndj,/m/03j1ly,/m/03kmc9",0,0,0,0,0,0,1,0
dSTNNQiNv54,20.0,30.0,"/m/039jq,/m/09x0r",0,0,0,0,0,1,0,0
BoVL8RyH3z0,30.0,40.0,"/m/04rlf,/t/dd00034",0,0,0,0,0,0,0,0
c5AZVo8calw,15.0,25.0,/m/09x0r,0,0,0,0,0,0,0,0
33D-gg4ZYyc,30.0,40.0,/t/dd00002,0,0,1,0,0,0,0,0
ngR_af6AfHc,70.0,80.0,"/m/030rvx,/m/09x0r,/m/0c3f7m",0,0,0,0,0,0,0,1
N83KBYttKuE,20.0,30.0,"/m/09x0r,/m/0c3f7m",0,0,0,0,0,0,0,1
L8SmARDRs0k,10.0,20.0,"/m/03kmc9,/m/09x0r",0,0,0,0,0,0,1,0
tS5A3BZJDsw,30.0,40.0,"/m/09x0r,/t/dd00002",0,0,1,0,0,0,0,0
P1j6Tn6DJQo,20.0,30.0,"/m/015lz1,/m/04rlf,/m/07p6fty,/m/09x0r,/t/dd00127",0,1,0,0,0,0,0,0
4U3NwBGE8uk,180.0,190.0,"/m/07pp_mv,/m/09x0r",0,0,0,0,0,0,0,1
evv3xbpuDnM,30.0,40.0,/m/04rlf,0,0,0,0,0,0,0,0
bpJkS_JLECs,10.0,20.0,"/m/0463cq4,/m/09x0r,/t/dd00002,/t/dd00125",0,0,1,0,0,0,0,0
SWZiZ_9RQnc,330.0,340.0,"/m/028v0c,/m/09x0r,/t/dd00125",0,0,0,0,0,0,0,0
6PVWlLwH_08,20.0,30.0,"/m/015lz1,/m/04rlf,/m/07p6fty",0,1,0,0,0,0,0,0
9ZmXYwkhfBw,0.0,10.0,/m/03qc9zr,1,0,0,0,0,0,0,0
CtupGRcRdhg,30.0,40.0,/m/04rlf,0,0,0,0,0,0,0,0
N6QXxr4QapY,60.0,70.0,"/m/039jq,/m/09x0r",0,0,0,0,0,1,0,0
mUZSD3-HxFQ,450.0,460.0,"/m/032s66,/m/04zjc",0,0,0,0,1,0,0,0
3i0DMLppaH0,10.0,20.0,"/m/032s66,/m/04zjc",0,0,0,0,1,0,0,0
1WFLYqsLvv0,0.0,10.0,"/m/01y3hg,/m/0c3f7m",0,0,0,0,0,0,0,1
EHnndGoVTbM,9.0,19.0,"/m/0463cq4,/m/09x0r",0,0,1,0,0,0,0,0
0UYWP1SNQYE,14.0,24.0,"/m/0342h,/m/04rlf,/m/04szw,/m/0fx80y",0,0,0,0,0,0,0,0
iw_UiYO2kRU,30.0,40.0,/m/03kmc9,0,0,0,0,0,0,1,0
f3BW2XdLoug,30.0,40.0,"/m/03qc9zr,/m/09x0r",1,0,0,0,0,0,0,0
ShBWYBIUAXI,50.0,60.0,/m/03kmc9,0,0,0,0,0,0,1,0
N3pxp1FCJRQ,110.0,120.0,"/m/07pp_mv,/m/0c3f7m",0,0,0,0,0,0,0,1
ncZYG77Jr-U,330.0,340.0,"/m/09x0r,/m/0g6b5",0,0,0,1,0,0,0,0
MJBd_ML-mzc,30.0,40.0,"/m/04rlf,/m/04szw,/m/04wptg",0,0,0,0,0,0,0,0
iNn65i8jk7U,26.0,36.0,/m/0c3f7m,0,0,0,0,0,0,0,1
q9Q8rYjjk7M,10.0,20.0,/m/032s66,0,0,0,0,1,0,0,0
BuZJZGVkjak,29.0,39.0,/m/014zdl,0,0,0,1,0,0,0,0
1tM7JwWWNhQ,30.0,40.0,/m/09x0r,0,0,0,0,0,0,0,0
XG_VT09Sn_Y,220.0,230.0,"/m/032s66,/m/073cg4",0,0,0,0,1,0,0,0
jNvKsiM_14A,30.0,40.0,"/m/04rlf,/m/0c1dj",0,0,0,0,0,0,0,0
28uBKKOmdFY,30.0,40.0,/m/09x0r,0,0,0,0,0,0,0,0
PDm8C--rrO8,9.0,19.0,"/m/014zdl,/m/09x0r",0,0,0,1,0,0,0,0
i0IjcEOr8g8,30.0,40.0,"/m/09x0r,/m/0g6b5",0,0,0,1,0,0,0,0
qK4x2Oq9LNk,120.0,130.0,"/m/04rlf,/m/07p6fty",0,1,0,0,0,0,0,0
E_BDly6VGzk,30.0,40.0,"/m/09x0r,/t/dd00002,/t/dd00125",0,0,1,0,0,0,0,0
NQ5i6NLkVqY,0.0,10.0,"/m/04rlf,/m/07p6fty,/t/dd00128",0,1,0,0,0,0,0,0
vw-RINEpwsw,5.0,15.0,/m/03kmc9,0,0,0,0,0,0,1,0
SlckhiJRrCw,30.0,40.0,/m/09x0r,0,0,0,0,0,0,0,0
QottP8ECMkI,30.0,40.0,/m/032s66,0,0,0,0,1,0,0,0
vWQnKucgZM8,20.0,30.0,/m/03qc9zr,1,0,0,0,0,0,0,0
K3-HlmeNhSI,30.0,40.0,/m/03kmc9,0,0,0,0,0,0,1,0
jR1KIGQgn_I,30.0,40.0,/m/02mfyn,0,0,0,0,0,0,0,1
91cmbd7-6QA,30.0,40.0,"/m/04rlf,/m/09x0r",0,0,0,0,0,0,0,0
OsywI4EnCZQ,30.0,40.0,/m/09x0r,0,0,0,0,0,0,0,0
QI0o8MgknUQ,460.0,470.0,"/m/039jq,/m/09x0r",0,0,0,0,0,1,0,0
jWLMfIqW5Mg,30.0,40.0,"/m/01y3hg,/m/04rlf,/m/09x0r",0,0,0,0,0,0,0,1
Hlm-P9LeAn8,10.0,20.0,"/m/01x3z,/m/046dlr,/m/07pp_mv",0,0,0,0,0,0,0,1
jvRhGrWnQLA,440.0,450.0,"/m/012n7d,/m/03j1ly,/m/03kmc9",0,0,0,0,0,0,1,0
eg4QmXoWA8s,100.0,110.0,"/m/01j3sz,/m/07s04w4,/m/09x0r",0,0,0,0,0,0,0,0
2uwnrrrCFKw,30.0,40.0,/m/09x0r,0,0,0,0,0,0,0,0
KrEnN6pT1fY,30.0,40.0,/m/04rlf,0,0,0,0,0,0,0,0
C0eUKUD0MNc,80.0,90.0,/m/07pp_mv,0,0,0,0,0,0,0,1
FmwaZfxbWdY,22.0,32.0,/m/03kmc9,0,0,0,0,0,0,1,0
BGErMt1tJro,110.0,120.0,"/m/012ndj,/m/04rlf",0,0,0,0,0,0,1,0
21z30aNO3cA,30.0,40.0,"/m/02qldy,/m/05zppz,/m/09x0r",0,0,0,0,0,0,0,0
EJrdkGLf0hU,30.0,40.0,/m/02mfyn,0,0,0,0,0,0,0,1
XriRCssS4MI,21.0,31.0,"/m/014zdl,/m/07qsvvw,/m/09x0r",0,0,0,1,0,0,0,0
0NzUZqAzV_g,280.0,290.0,/m/032s66,0,0,0,0,1,0,0,0
Fso2lAa3hx4,30.0,40.0,"/m/04rlf,/m/07qv_x_,/m/09x0r",0,0,0,0,0,0,0,0
RoIS0PkFCPo,100.0,110.0,"/m/01x3z,/m/07pp_mv,/m/09x0r",0,0,0,0,0,0,0,1
l3DJ2MJ5CzY,20.0,30.0,/m/03qc9zr,1,0,0,0,0,0,0,0
0rw4B9Xze28,40.0,50.0,"/m/032s66,/m/073cg4",0,0,0,0,1,0,0,0
6ohTd0umpPM,20.0,30.0,"/m/032s66,/m/04zjc",0,0,0,0,1,0,0,0
5YOmLILWHyg,10.0,20.0,/m/039jq,0,0,0,0,0,1,0,0
nIT6Wk8SnHw,28.0,38.0,"/m/09x0r,/t/dd00002",0,0,1,0,0,0,0,0
bEhblF0NbKQ,30.0,40.0,"/m/03kmc9,/m/04qvtq",0,0,0,0,0,0,1,0
SGbADBnqIfk,0.0,9.0,"/m/03qc9zr,/m/04rlf,/m/07bgp,/m/07q0h5t",1,0,0,0,0,0,0,0
qxOaIjG7Yvk,30.0,40.0,"/m/04rlf,/m/04szw,/m/07y_7,/m/09x0r",0,0,0,0,0,0,0,0
3PX-dHB6CBc,30.0,40.0,"/m/04rlf,/t/dd00004",0,0,0,0,0,0,0,0
Ko_ds6YVrso,30.0,40.0,"/m/04rlf,/m/09x0r",0,0,0,0,0,0,0,0
8nyGDRdrruw,30.0,40.0,/m/03qc9zr,1,0,0,0,0,0,0,0
25oh2YZKY6o,10.0,20.0,"/m/03qc9zr,/m/04rlf",1,0,0,0,0,0,0,0
Jwz1kQrngPE,180.0,190.0,/m/0g6b5,0,0,0,1,0,0,0,0
w9d6trD2VKA,250.0,260.0,/m/0g6b5,0,0,0,1,0,0,0,0
d4B11u3PUuk,10.0,20.0,"/m/09x0r,/m/0g6b5",0,0,0,1,0,0,0,0
QqutMeGA5es,40.0,50.0,/m/03qc9zr,1,0,0,0,0,0,0,0
AV_ulC9-hrs,2.0,12.0,/m/014zdl,0,0,0,1,0,0,0,0
DxNGj7pzwnQ,30.0,40.0,/m/04rlf,0,0,0,0,0,0,0,0
UScm7_GrxlI,10.0,20.0,/m/03kmc9,0,0,0,0,0,0,1,0
-fITuBtyXFk,30.0,40.0,"/m/032s66,/m/073cg4",0,0,0,0,1,0,0,0
TTtjmtw_4dQ,130.0,140.0,/m/032s66,0,0,0,0,1,0,0,0
i-u3Jc5lWJ8,30.0,40.0,"/m/03kmc9,/m/04qvtq,/m/07r_k2n,/m/0bt9lr",0,0,0,0,0,0,1,0
zpogrvDg0dw,60.0,70.0,"/m/012ndj,/m/03j1ly,/m/03kmc9",0,0,0,0,0,0,1,0
TpBOKDOA8PI,30.0,40.0,"/m/09x0r,/t/dd00002",0,0,1,0,0,0,0,0
W4eQo16XPvY,30.0,40.0,/m/09x0r,0,0,0,0,0,0,0,0
ThiNJVLbsy0,430.0,440.0,"/m/09x0r,/t/dd00125",0,0,0,0,0,0,0,0
3rky5IrE0L8,90.0,100.0,/m/0c3f7m,0,0,0,0,0,0,0,1
WYTTj4yKzdY,100.0,110.0,"/m/012ndj,/m/03j1ly,/m/03kmc9,/m/07r04,/m/07yv9",0,0,0,0,0,0,1,0
ExlyejeQKpM,30.0,40.0,"/m/03j1ly,/m/03kmc9",0,0,0,0,0,0,1,0
veI44Lsf7x0,220.0,230.0,"/m/09x0r,/t/dd00125",0,0,0,0,0,0,0,0
unuB5Pix5EE,70.0,80.0,"/m/02rr_,/m/0342h,/m/04rlf,/m/04szw,/m/09x0r,/m/0b_fwt,/m/0fx80y,/t/dd00125",0,0,0,0,0,0,0,0
wa0xn6TRqZo,40.0,50.0,"/m/0192l,/m/04rlf,/m/07p6fty",0,1,0,0,0,0,0,0
BWuVbym2ihI,22.0,32.0,"/m/014zdl,/m/04rlf,/m/09x0r",0,0,0,1,0,0,0,0
qW7h3PZqFlk,10.0,20.0,"/m/01yrx,/m/03qc9zr,/m/068hy,/m/09x0r,/m/0jbk",1,0,0,0,0,0,0,0
2je_d-3I0OY,60.0,70.0,"/m/039jq,/m/07pc8lb,/m/07rn7sz",0,0,0,0,0,1,0,0
VoDrNtHP758,20.0,30.0,"/m/032s66,/m/073cg4",0,0,0,0,1,0,0,0
Ed2NH4yfBYg,10.0,20.0,/m/03qc9zr,1,0,0,0,0,0,0,0
HQzSDDJ3xDo,20.0,30.0,"/g/122z_qxw,/m/04rlf,/m/0g6b5",0,0,0,1,0,0,0,0
fy7c6lRCa4k,20.0,30.0,"/m/0c3f7m,/m/0g6b5,/t/dd00128",0,0,0,1,0,0,0,1
GEmINGq8HDQ,0.0,10.0,/m/039jq,0,0,0,0,0,1,0,0
F3dasUA6LqU,120.0,130.0,"/m/09x0r,/m/0c3f7m",0,0,0,0,0,0,0,1
TNaVxhI66DI,130.0,140.0,"/m/04qvtq,/m/07yv9",0,0,0,0,0,0,1,0
3SogJeDavvU,0.0,10.0,"/m/09x0r,/t/dd00128",0,0,0,0,0,0,0,0
EAD6ngJv_gg,30.0,40.0,/m/09x0r,0,0,0,0,0,0,0,0
EKegMctj50s,220.0,230.0,"/m/02z32qm,/m/032s66",0,0,0,0,1,0,0,0
lUojaarlq4E,20.0,30.0,/m/07pp_mv,0,0,0,0,0,0,0,1
oY3G6hJ86RQ,80.0,90.0,"/m/03qtwd,/m/053hz1,/t/dd00135",0,1,0,0,0,0,0,0
jtYF0GA-Bjg,130.0,140.0,"/m/039jq,/m/04rlf,/m/07qwdck",0,0,0,0,0,1,0,0
29KAlyjgAFY,30.0,40.0,/m/09x0r,0,0,0,0,0,0,0,0
oEataIOqfv8,70.0,80.0,"/m/039jq,/m/09x0r",0,0,0,0,0,1,0,0
DnpE6XCTpk0,280.0,290.0,/m/04rlf,0,0,0,0,0,0,0,0
LkkQbEPmRwY,350.0,360.0,"/m/04rlf,/m/04szw,/m/09x0r,/m/0l14qv,/t/dd00125",0,0,0,0,0,0,0,0
qL7ZNOd26BY,170.0,180.0,"/m/012n7d,/m/07yv9",0,0,0,0,0,0,1,0
hn7edohtu0w,0.0,7.0,"/m/039jq,/m/09x0r",0,0,0,0,0,1,0,0
5_3z0PU5ggA,25.0,35.0,"/m/04rlf,/m/07qv_x_",0,0,0,0,0,0,0,0
Mevvl8Tfswg,0.0,10.0,"/m/039jq,/m/09x0r",0,0,0,0,0,1,0,0
6T1I6mtlHoA,30.0,40.0,"/m/01v1d8,/m/04rlf",0,0,0,0,0,0,0,0
RcZI6V7Lh4g,30.0,40.0,/m/09x0r,0,0,0,0,0,0,0,0
nesQ0meyJuE,30.0,40.0,/m/032s66,0,0,0,0,1,0,0,0
Kzg_TgUQEzc,40.0,50.0,"/m/032s66,/m/073cg4",0,0,0,0,1,0,0,0
iYbBoE3xCEE,90.0,100.0,/m/03qc9zr,1,0,0,0,0,0,0,0
Iew_ca9ciPM,150.0,160.0,"/m/03qtwd,/t/dd00135",0,1,0,0,0,0,0,0
GPBnoNdKvFc,100.0,110.0,"/m/012n7d,/m/03j1ly,/m/03kmc9,/m/07yv9",0,0,0,0,0,0,1,0
rH5fuFuslMc,30.0,40.0,"/m/09x0r,/t/dd00002",0,0,1,0,0,0,0,0
CGrVIjN3fO0,30.0,40.0,"/m/04rlf,/m/07sbbz2,/m/09x0r",0,0,0,0,0,0,0,0
7ee54nr6jG8,30.0,40.0,/m/02mfyn,0,0,0,0,0,0,0,1
F0TZkUZXwMo,60.0,70.0,"/m/07yv9,/m/09x0r,/m/0k5j",0,0,0,0,0,0,0,0
XYu62ba-IHY,40.0,50.0,"/m/012ndj,/m/03j1ly,/m/03kmc9",0,0,0,0,0,0,1,0
4i9rw49sUes,30.0,40.0,"/m/07c52,/m/09x0r",0,0,0,0,0,0,0,0
LIcKK8Yko_o,60.0,70.0,"/m/03qtwd,/t/dd00135",0,1,0,0,0,0,0,0
OvrrHyLxIZQ,10.0,20.0,"/m/032s66,/m/04zjc",0,0,0,0,1,0,0,0
s6SblAWG_BY,60.0,70.0,"/m/039jq,/m/04rlf,/m/04szw",0,0,0,0,0,1,0,0
EOR0oZrzkbE,290.0,300.0,"/m/03qtwd,/m/053hz1,/m/0g6b5",0,0,0,1,0,0,0,0
_JRNs_1oHac,40.0,50.0,"/m/04rlf,/m/0790c,/m/09x0r",0,0,0,0,0,0,0,0
M3vVzwdxcDg,0.0,3.0,/m/09x0r,0,0,0,0,0,0,0,0
Hia66F1xVCQ,7.0,17.0,"/m/09x0r,/m/0g6b5,/t/dd00128",0,0,0,1,0,0,0,0
8hCqEwEzkfM,170.0,180.0,"/m/09x0r,/m/0c3f7m,/t/dd00127",0,0,0,0,0,0,0,1
4HrqMV2kEvA,170.0,180.0,"/m/0463cq4,/m/09x0r",0,0,1,0,0,0,0,0
FaNO9Mds_Kk,30.0,40.0,/m/04qvtq,0,0,0,0,0,0,1,0
4IKWDMBTmM4,30.0,40.0,/m/014zdl,0,0,0,1,0,0,0,0
WzzW3Wd0cx4,300.0,310.0,/m/0g6b5,0,0,0,1,0,0,0,0
lM-vvdglD2o,40.0,50.0,"/m/0463cq4,/m/04rlf,/t/dd00002,/t/dd00125",0,0,1,0,0,0,0,0
v8EZTpcDs_8,150.0,160.0,"/m/09x0r,/t/dd00125",0,0,0,0,0,0,0,0
HxpdQAr2LBA,30.0,40.0,/m/09x0r,0,0,0,0,0,0,0,0
cvUPHw9Eisk,0.0,5.0,"/m/014zdl,/m/07qsvvw",0,0,0,1,0,0,0,0
j04Jo7lgKcA,0.0,10.0,"/m/09x0r,/m/0g6b5",0,0,0,1,0,0,0,0
qDTKAGzcI5s,0.0,10.0,"/m/032s66,/m/09x0r",0,0,0,0,1,0,0,0
3DsTVa5Xd-E,500.0,510.0,"/m/04rlf,/m/09x0r,/t/dd00129",0,0,0,0,0,0,0,0
fdHio5uQJWE,50.0,60.0,"/m/04rlf,/m/07p6fty",0,1,0,0,0,0,0,0
nY6VYqgvm2Q,230.0,240.0,"/m/03qtwd,/m/04rlf,/m/07p6fty,/m/09x0r",0,1,0,0,0,0,0,0
H601DBK2rgQ,300.0,310.0,/m/09x0r,0,0,0,0,0,0,0,0
dah6YNw3Tsw,30.0,40.0,"/m/0463cq4,/m/09x0r,/t/dd00002",0,0,1,0,0,0,0,0
MEQPPkBpLgM,170.0,180.0,"/m/032s66,/m/04zjc",0,0,0,0,1,0,0,0
0E54ik_vxRc,30.0,40.0,"/m/07qz6j3,/m/09x0r,/t/dd00002",0,0,1,0,0,0,0,0
0FPr1rZ4VNE,30.0,40.0,"/m/04rlf,/m/09x0r",0,0,0,0,0,0,0,0
n7C2omlrzqs,10.0,20.0,"/m/032s66,/m/073cg4",0,0,0,0,1,0,0,0
EAV8-QnJiUY,260.0,270.0,"/m/032s66,/m/09x0r",0,0,0,0,1,0,0,0
_klr0YarBVQ,30.0,40.0,/m/04rlf,0,0,0,0,0,0,0,0
4lz5ygJ4bKA,30.0,40.0,"/m/04rlf,/m/09x0r,/t/dd00035",0,0,0,0,0,0,0,0
0DecRiAAkEU,0.0,2.0,"/m/014zdl,/m/09x0r",0,0,0,1,0,0,0,0
X3WyaQo9Y1g,120.0,130.0,"/m/04rlf,/m/07p6fty,/m/09x0r",0,1,0,0,0,0,0,0
bX_Lk8FKJ7M,28.0,38.0,"/m/04rlf,/m/09x0r,/t/dd00002",0,0,1,0,0,0,0,0
94-JyO2vXfU,60.0,70.0,"/m/09x0r,/m/0c3f7m",0,0,0,0,0,0,0,1
jFgCrk6WMHw,0.0,10.0,"/m/012n7d,/m/03j1ly,/m/03kmc9,/m/04qvtq,/m/06mb1",0,0,0,0,0,0,1,0
jeDQDPgKSCM,10.0,20.0,"/m/012ndj,/m/03j1ly,/m/03kmc9",0,0,0,0,0,0,1,0
Gl70DwG-qWU,30.0,40.0,"/m/09x0r,/t/dd00002",0,0,1,0,0,0,0,0
_160AapyuTA,320.0,330.0,"/m/015lz1,/m/04rlf,/m/07sbbz2",0,0,0,0,0,0,0,0
npAJUHXE_p0,8.0,18.0,/m/04qvtq,0,0,0,0,0,0,1,0
YKXu8B5IOb0,30.0,40.0,"/m/032s66,/m/0_1c",0,0,0,0,1,0,0,0
ER1chrpTv8M,0.0,5.0,"/m/03qc9zr,/m/09x0r",1,0,0,0,0,0,0,0
TFjViTXCKic,30.0,40.0,/m/09x0r,0,0,0,0,0,0,0,0
qqV0jHFBwug,30.0,40.0,/m/04rlf,0,0,0,0,0,0,0,0
Ev-YvT1rbF8,30.0,40.0,/m/04rlf,0,0,0,0,0,0,0,0
CdlmpUHUguc,30.0,40.0,"/m/04rlf,/m/0l14gg",0,0,0,0,0,0,0,0
7T6fX7dKIIc,50.0,60.0,"/m/03qc9zr,/m/09x0r",1,0,0,0,0,0,0,0
gDhRttWNXkI,8.0,18.0,"/m/09x0r,/t/dd00002",0,0,1,0,0,0,0,0
HjO-u_k9LeI,60.0,70.0,/m/02mfyn,0,0,0,0,0,0,0,1
2wPGDvplffc,3.0,13.0,/m/032s66,0,0,0,0,1,0,0,0
J061zprgVR4,10.0,20.0,"/m/04rlf,/m/07p6fty,/m/09x0r",0,1,0,0,0,0,0,0
Fqw2Hf-74FQ,20.0,30.0,"/m/03qc9zr,/m/04rlf",1,0,0,0,0,0,0,0
GzN_gQyCOms,430.0,440.0,"/m/015lz1,/m/04rlf,/m/07p6fty,/m/09x0r",0,1,0,0,0,0,0,0
UdNhJEJU9RU,170.0,180.0,"/m/01y3hg,/m/04rlf,/m/09x0r,/t/dd00126",0,0,0,0,0,0,0,1
ibatyslrGT8,30.0,40.0,/m/09x0r,0,0,0,0,0,0,0,0
bdNKotzs_bU,30.0,40.0,/t/dd00002,0,0,1,0,0,0,0,0
pRbD2NTHoZU,60.0,70.0,"/m/04rlf,/m/0dl5d",0,0,0,0,0,0,0,0
HQlH7INdmns,10.0,20.0,"/m/04rlf,/m/09x0r,/t/dd00125",0,0,0,0,0,0,0,0
m0LnRTC806c,30.0,40.0,"/m/04rlf,/m/0m0jc",0,0,0,0,0,0,0,0
1FvW-qM2dbU,230.0,240.0,"/m/03kmc9,/m/04rlf,/m/07pp_mv",0,0,0,0,0,0,1,1
cEGWE8W5FXw,30.0,40.0,"/m/09x0r,/t/dd00002",0,0,1,0,0,0,0,0
MCi8b9DsD8M,30.0,40.0,/m/04rlf,0,0,0,0,0,0,0,0
rGZVJyhOWbU,0.0,8.0,"/m/04qvtq,/m/07yv9",0,0,0,0,0,0,1,0
FfcwOUpq_j0,470.0,480.0,/m/032s66,0,0,0,0,1,0,0,0
nmltsi-q1Bo,150.0,160.0,"/m/04rlf,/t/dd00037",0,0,0,0,0,0,0,0
bdV8Qczom_U,0.0,10.0,"/m/01j3sz,/m/04rlf,/m/07p6fty,/m/09x0r",0,1,0,0,0,0,0,0
qWujOY_s6lY,0.0,10.0,"/m/09x0r,/m/0g6b5",0,0,0,1,0,0,0,0
4qlHf8VEJFE,110.0,120.0,/m/0c3f7m,0,0,0,0,0,0,0,1
iBAnJjOabhA,80.0,90.0,"/m/03qc9zr,/m/04rlf,/m/09x0r",1,0,0,0,0,0,0,0
AC8uhC6N27A,300.0,310.0,"/m/02lkt,/m/04rlf,/m/07p6fty",0,1,0,0,0,0,0,0
qIHrVo-W6dA,50.0,60.0,"/m/01x3z,/m/046dlr,/m/07pp_mv",0,0,0,0,0,0,0,1
x_g2ICY2DJg,16.0,26.0,/m/0g6b5,0,0,0,1,0,0,0,0
5PBK897ySrU,30.0,40.0,/m/04rlf,0,0,0,0,0,0,0,0
C0lONtK12wM,30.0,40.0,/m/03kmc9,0,0,0,0,0,0,1,0
NvOKOm1qumA,110.0,120.0,"/m/03qc9zr,/m/04rlf,/m/09x0r",1,0,0,0,0,0,0,0
a5fNyewhE8k,30.0,40.0,"/m/032s66,/m/04zjc",0,0,0,0,1,0,0,0
qE2k3qXFPcc,30.0,40.0,"/m/012ndj,/m/03j1ly,/m/07yv9",0,0,0,0,0,0,1,0
uBLgiQ92mjo,30.0,40.0,"/m/01bns_,/m/04rlf",0,0,0,0,0,0,0,0
woWeNzZMHOU,30.0,40.0,"/m/03qtwd,/m/04rlf",0,0,0,0,0,0,0,0
DrTwq8u83e8,230.0,240.0,"/m/039jq,/m/09x0r",0,0,0,0,0,1,0,0
UQ4Ebe2tgHs,10.0,20.0,/m/0c3f7m,0,0,0,0,0,0,0,1
ParmpALLalQ,10.0,20.0,"/m/07pp_mv,/m/09x0r",0,0,0,0,0,0,0,1
9EFXh2HCS80,30.0,40.0,"/m/03qc9zr,/m/03v3yw,/m/04rlf",1,0,0,0,0,0,0,0
YMqY9e4ZXB4,10.0,20.0,"/m/03qtwd,/m/053hz1,/t/dd00135",0,1,0,0,0,0,0,0
6cyysXBjZ40,90.0,100.0,"/m/02z32qm,/m/032s66",0,0,0,0,1,0,0,0
6AuJ_NykSaA,240.0,250.0,"/m/09x0r,/m/0g6b5",0,0,0,1,0,0,0,0
Go3X6wjbTuI,30.0,40.0,/m/04rlf,0,0,0,0,0,0,0,0
zCf3WwpTZew,10.0,20.0,"/m/015jpf,/m/03qc9zr,/m/09x0r",1,0,0,0,0,0,0,0
CEFdqhSm4rk,10.0,20.0,/m/0c3f7m,0,0,0,0,0,0,0,1
ItOOgJm6uRk,30.0,40.0,"/m/09x0r,/t/dd00002",0,0,1,0,0,0,0,0
SvHKpo90od0,70.0,80.0,"/m/039jq,/m/04rlf",0,0,0,0,0,1,0,0
T8mrQl4XrgA,30.0,40.0,"/m/032s66,/m/0_1c",0,0,0,0,1,0,0,0
DO5ZE3t5G50,8.0,18.0,"/m/09x0r,/t/dd00002",0,0,1,0,0,0,0,0
1XGBHKPPuXY,30.0,40.0,/m/04rlf,0,0,0,0,0,0,0,0
dq_8LHMQME8,23.0,33.0,"/m/014zdl,/m/07qsvvw,/m/09x0r",0,0,0,1,0,0,0,0
GFjKyqup1no,40.0,50.0,/m/03qc9zr,1,0,0,0,0,0,0,0
O54I-fjl-jI,30.0,40.0,/m/09x0r,0,0,0,0,0,0,0,0
4IZw-leGhQ4,30.0,40.0,"/m/06bz3,/m/09x0r",0,0,0,0,0,0,0,0
M9Wi5PqZ0JU,0.0,10.0,"/m/039jq,/m/04k94",0,0,0,0,0,1,0,0
NMmjlr5EEiI,30.0,40.0,"/m/01y3hg,/m/04rlf,/m/09x0r",0,0,0,0,0,0,0,1
jNjD4v382O4,320.0,330.0,"/m/032s66,/m/04zjc",0,0,0,0,1,0,0,0
RYyVnY1A6i0,80.0,90.0,"/m/04rlf,/m/06bxc,/m/0glt670",0,0,0,0,0,0,0,0
aucdbFPQtLs,30.0,40.0,/m/032s66,0,0,0,0,1,0,0,0
-wJnANMUUeU,110.0,120.0,"/m/015lz1,/m/04rlf,/m/07p6fty,/t/dd00126",0,1,0,0,0,0,0,0
Lu_OJJGQ0Hc,120.0,130.0,"/m/03qtwd,/t/dd00135",0,1,0,0,0,0,0,0
3UGVBYBbzz8,30.0,40.0,"/m/028ght,/m/03qc9zr,/m/053hz1,/m/09x0r",1,0,0,0,0,0,0,0
fL2TuidtkNQ,20.0,30.0,/m/032s66,0,0,0,0,1,0,0,0
8RcekwjM6WY,30.0,40.0,/m/09x0r,0,0,0,0,0,0,0,0
Ril1m27i_94,100.0,110.0,"/m/015lz1,/m/04rlf,/m/07p6fty,/t/dd00126",0,1,0,0,0,0,0,0
M-V_k_UfP7c,0.0,10.0,/m/03qc9zr,1,0,0,0,0,0,0,0
OWMY3Uzpu5Y,160.0,170.0,"/g/122z_qxw,/m/09x0r,/m/0g6b5",0,0,0,1,0,0,0,0
t-zL1w7ojWk,50.0,60.0,"/m/03qtwd,/m/053hz1,/t/dd00135",0,1,0,0,0,0,0,0
r-I-QjeBBOU,30.0,40.0,"/m/032s66,/m/0_1c",0,0,0,0,1,0,0,0
G4hnrqAjRyQ,16.0,26.0,"/m/09x0r,/t/dd00002",0,0,1,0,0,0,0,0
oQvwY6Mf0iI,40.0,50.0,"/m/012ndj,/m/09x0r",0,0,0,0,0,0,1,0
eguilfVftPc,30.0,40.0,"/m/09x0r,/t/dd00002",0,0,1,0,0,0,0,0
ZOotw9sPlGA,80.0,90.0,"/m/03lty,/m/04rlf,/m/07p6fty,/t/dd00126",0,1,0,0,0,0,0,0
0-f4U6oX4Rk,30.0,40.0,"/m/04rlf,/m/04wptg,/m/0gywn",0,0,0,0,0,0,0,0
D42JR6RW_Sc,70.0,80.0,"/m/09x0r,/m/0g6b5",0,0,0,1,0,0,0,0
N-xMOOEngJw,10.0,20.0,"/m/012n7d,/m/03j1ly,/m/03kmc9,/m/04qvtq",0,0,0,0,0,0,1,0
AWliGz_EWdU,200.0,210.0,"/m/0463cq4,/m/09x0r",0,0,1,0,0,0,0,0
CDdAqoRVZAM,220.0,230.0,"/m/04rlf,/m/07p6fty,/t/dd00128",0,1,0,0,0,0,0,0
Vort7lAUBCk,30.0,40.0,"/m/04rlf,/m/09x0r",0,0,0,0,0,0,0,0
a0ciWSfOVqI,10.0,20.0,/m/09x0r,0,0,0,0,0,0,0,0
-gv5Wp5JiRM,280.0,290.0,/m/04rlf,0,0,0,0,0,0,0,0
aCNk-6UiGLI,100.0,110.0,/m/032s66,0,0,0,0,1,0,0,0
N2nBESKIP8c,210.0,220.0,"/m/012n7d,/m/07yv9",0,0,0,0,0,0,1,0
0XGiXjdfNZc,30.0,40.0,"/m/09x0r,/m/0c3f7m",0,0,0,0,0,0,0,1
-rNZiAErhFM,10.0,20.0,"/m/03kmc9,/m/0dgbq",0,0,0,0,0,0,1,0
wUUj9yIX7V0,90.0,100.0,"/m/04rlf,/m/07p6fty",0,1,0,0,0,0,0,0
lbvvXS3dftM,30.0,40.0,"/m/09x0r,/t/dd00129",0,0,0,0,0,0,0,0
FV3PmFTHdDo,21.0,31.0,"/m/0463cq4,/m/09x0r",0,0,1,0,0,0,0,0
RADOmn3wUf0,30.0,40.0,"/m/04rlf,/m/04szw,/m/07y_7",0,0,0,0,0,0,0,0
rhnbEZ85wZA,20.0,30.0,/m/039jq,0,0,0,0,0,1,0,0
APHKpqQUnVE,10.0,20.0,"/m/09x0r,/t/dd00128",0,0,0,0,0,0,0,0
VZLnVE1mLt4,30.0,40.0,/m/014zdl,0,0,0,1,0,0,0,0
giTy20ktsFU,10.0,20.0,"/m/01z5f,/m/068hy,/m/07pp_mv,/m/09x0r,/m/0bt9lr,/m/0jbk",0,0,0,0,0,0,0,1
VvkVE6M2MDk,530.0,540.0,"/m/03qtwd,/m/04rlf,/m/07p6fty",0,1,0,0,0,0,0,0
iCrh4cwNNDw,140.0,150.0,"/m/01x3z,/m/046dlr,/m/07pp_mv",0,0,0,0,0,0,0,1
wmHXwliWCoU,10.0,20.0,/m/032s66,0,0,0,0,1,0,0,0
5ZYaWVlpliI,130.0,140.0,/m/09x0r,0,0,0,0,0,0,0,0
_K3U7jj1y84,30.0,40.0,/m/04rlf,0,0,0,0,0,0,0,0
TZAMaAcyplE,30.0,40.0,/m/09x0r,0,0,0,0,0,0,0,0
LwdF3e2oFow,6.0,16.0,"/m/03j1ly,/m/03kmc9,/m/04qvtq,/m/07yv9,/m/0k4j",0,0,0,0,0,0,1,0
CI6XMWn38f8,460.0,470.0,"/m/032s66,/m/04zjc",0,0,0,0,1,0,0,0
vGhavNNDlNk,40.0,50.0,"/m/0463cq4,/m/09x0r",0,0,1,0,0,0,0,0
GBcdrE_e-kU,30.0,40.0,/m/09x0r,0,0,0,0,0,0,0,0
0B2O9w_a1aU,30.0,40.0,"/m/04rlf,/m/07s72n",0,0,0,0,0,0,0,0
4Qi3MLo-UQ0,10.0,20.0,"/m/03qtwd,/m/053hz1,/t/dd00135",0,1,0,0,0,0,0,0
SgA097CMMZg,160.0,170.0,"/m/09x0r,/m/0c3f7m",0,0,0,0,0,0,0,1
FlraWQNWn4Y,350.0,360.0,"/m/03qtwd,/m/04rlf,/m/07p6fty",0,1,0,0,0,0,0,0
RV1_36Hk25U,0.0,10.0,"/m/03qtwd,/m/053hz1,/t/dd00135",0,1,0,0,0,0,0,0
DkwrdPtdnMA,20.0,30.0,"/m/039jq,/m/04rlf,/m/09x0r",0,0,0,0,0,1,0,0
1SfJPPeY1as,30.0,40.0,"/m/04rlf,/m/09x0r",0,0,0,0,0,0,0,0
jDHaZBbsvvM,30.0,40.0,"/m/03kmc9,/m/0dgbq",0,0,0,0,0,0,1,0
K3m2-0RP8iw,350.0,360.0,"/m/015lz1,/m/04rlf,/m/07p6fty",0,1,0,0,0,0,0,0
BnAuKeVByYk,30.0,40.0,/m/03kmc9,0,0,0,0,0,0,1,0
M6eLjTo2jqQ,10.0,20.0,/m/01y3hg,0,0,0,0,0,0,0,1
uTZnUskUDFs,340.0,350.0,"/m/04rlf,/m/0g6b5",0,0,0,1,0,0,0,0
is9t__yC_jQ,320.0,330.0,"/m/015lz1,/m/04rlf,/m/07p6fty,/t/dd00126",0,1,0,0,0,0,0,0
ZyMQOybhPqE,50.0,60.0,"/m/012n7d,/m/012ndj,/m/03j1ly,/m/03kmc9",0,0,0,0,0,0,1,0
lvtAPn1aqQc,30.0,40.0,"/m/03kmc9,/m/0dgbq",0,0,0,0,0,0,1,0
SYk_wSGNc6M,1.0,11.0,"/m/01y3hg,/m/09x0r",0,0,0,0,0,0,0,1
23xdTaTmoeI,30.0,40.0,"/m/01y3hg,/m/09x0r,/m/0c3f7m",0,0,0,0,0,0,0,1
J8O6NH8h0AE,30.0,40.0,"/m/032s66,/m/04zjc",0,0,0,0,1,0,0,0
2WwYJFQiV6U,30.0,40.0,"/m/03qc9zr,/m/0c1dj",1,0,0,0,0,0,0,0
JxODuv7XOGw,29.0,39.0,/t/dd00002,0,0,1,0,0,0,0,0
S9pjKmAra74,80.0,90.0,/t/dd00002,0,0,1,0,0,0,0,0
B6ZhvgGucBU,23.0,33.0,"/m/012ndj,/m/03j1ly,/m/07r04,/m/07yv9",0,0,0,0,0,0,1,0
N-ebIXVW4yE,30.0,40.0,"/m/04qvtq,/m/07r04",0,0,0,0,0,0,1,0
D8eHHPeA9aY,30.0,40.0,/m/04rlf,0,0,0,0,0,0,0,0
MO6N-YD2IcM,30.0,40.0,/m/09x0r,0,0,0,0,0,0,0,0
azvDUDCEuOM,20.0,30.0,"/m/05zppz,/m/07rgt08,/m/07s04w4,/m/09x0r",0,0,0,0,0,0,0,0
ZGtmiig6q0E,110.0,120.0,"/g/122z_qxw,/m/0g6b5",0,0,0,1,0,0,0,0
_bHHpR4PL8c,10.0,20.0,"/m/02mk9,/m/07yv9,/m/09x0r,/m/0k4j",0,0,0,0,0,0,0,0
iFloisSm5N0,40.0,50.0,"/m/039jq,/m/04rlf",0,0,0,0,0,1,0,0
54wPGR5TLPs,500.0,510.0,"/m/03qc9zr,/m/09x0r",1,0,0,0,0,0,0,0
kJ0i-hlxbaI,30.0,40.0,/m/03kmc9,0,0,0,0,0,0,1,0
rDa7UMwSnBc,10.0,20.0,"/m/03qc9zr,/m/04rlf,/m/09x0r",1,0,0,0,0,0,0,0
Jjc6u3T2SRw,70.0,80.0,"/m/03kmc9,/m/07pp_mv,/m/09x0r,/m/0c3f7m",0,0,0,0,0,0,1,1
gSzCp15FPAY,80.0,90.0,"/m/032s66,/m/04zjc",0,0,0,0,1,0,0,0
jJzBjM2SCCU,300.0,310.0,"/m/07qqyl4,/m/09x0r,/m/0g6b5",0,0,0,1,0,0,0,0
8aYBID0muwQ,28.0,38.0,/m/014zdl,0,0,0,1,0,0,0,0
glIppXYSN9c,150.0,160.0,/m/04rlf,0,0,0,0,0,0,0,0
8-C3Eh8AOW0,40.0,50.0,/m/032s66,0,0,0,0,1,0,0,0
Kw0mQIHUPjk,10.0,20.0,/m/07pp_mv,0,0,0,0,0,0,0,1
L1A2qq68-Gc,30.0,40.0,/m/09x0r,0,0,0,0,0,0,0,0
obGk74Znhbw,110.0,120.0,"/m/01y3hg,/t/dd00125",0,0,0,0,0,0,0,1
rQOGxgzVlXU,80.0,90.0,"/m/03qc9zr,/m/09x0r",1,0,0,0,0,0,0,0
dfEEJZwE7q8,30.0,40.0,/m/039jq,0,0,0,0,0,1,0,0
ewm6WmwRx1U,330.0,340.0,/m/09x0r,0,0,0,0,0,0,0,0
VkmvW6W8ELQ,90.0,100.0,"/m/039jq,/m/04rlf",0,0,0,0,0,1,0,0
SBSxtc3_k0w,30.0,40.0,/m/012ndj,0,0,0,0,0,0,1,0
-5KEhrlsmbU,30.0,40.0,"/m/04rlf,/t/dd00034",0,0,0,0,0,0,0,0
-pS1iVTSpmU,30.0,40.0,"/m/014zdl,/m/09x0r",0,0,0,1,0,0,0,0
n58oIcI9WUU,24.0,34.0,"/m/09x0r,/m/0c3f7m",0,0,0,0,0,0,0,1
JwO_-cZSOck,80.0,90.0,"/m/039jq,/m/09x0r",0,0,0,0,0,1,0,0
nrmyVLO_QZc,30.0,40.0,"/m/04rlf,/m/09x0r",0,0,0,0,0,0,0,0
13sNoFWrua8,190.0,200.0,"/m/02zsn,/m/09x0r",0,0,0,0,0,0,0,0
gxMRhwF6nQo,130.0,140.0,"/m/09x0r,/m/0g6b5",0,0,0,1,0,0,0,0
f_Q0p4ws9ts,420.0,430.0,"/m/015lz1,/m/02hnl,/m/03lty,/m/04rlf,/m/06by7,/m/07sbbz2",0,0,0,0,0,0,0,0
UbkUtLiMNSI,100.0,110.0,"/m/02mfyn,/m/03j1ly,/m/03kmc9,/m/04qvtq",0,0,0,0,0,0,1,1
9RTmwbSX4t0,80.0,90.0,"/m/02z32qm,/m/032s66,/m/09x0r",0,0,0,0,1,0,0,0
lKEApT6uvZE,110.0,120.0,"/m/039jq,/m/07pc8lb",0,0,0,0,0,1,0,0
bueE2wQwDWI,40.0,50.0,"/m/039jq,/m/04rlf",0,0,0,0,0,1,0,0
GFJLOlXL3o0,30.0,40.0,"/m/039jq,/m/07qfr4h,/m/09x0r",0,0,0,0,0,1,0,0
lz-j7dA8vZk,180.0,190.0,"/m/039jq,/m/07q7njn,/m/09x0r,/m/0jbk",0,0,0,0,0,1,0,0
c1-9WDxRRFo,60.0,70.0,"/m/01y3hg,/m/09x0r",0,0,0,0,0,0,0,1
19TU6Y4DBeE,30.0,40.0,"/m/04rlf,/m/09x0r",0,0,0,0,0,0,0,0
2o5phG83XgU,0.0,10.0,"/m/03qc9zr,/m/09x0r",1,0,0,0,0,0,0,0
qf3OvE5ZtDI,0.0,10.0,"/m/01y3hg,/m/04rlf",0,0,0,0,0,0,0,1
QIMxlTtKiYg,0.0,10.0,"/m/0463cq4,/m/04rlf,/m/09x0r",0,0,1,0,0,0,0,0
U_to_EmLRRo,220.0,230.0,/m/014zdl,0,0,0,1,0,0,0,0
L455vziC_a0,330.0,340.0,"/m/01y3hg,/m/09x0r",0,0,0,0,0,0,0,1
8iwiS5ZvOSg,70.0,80.0,"/m/03qtwd,/m/04rlf,/m/053hz1,/m/07p6fty",0,1,0,0,0,0,0,0
2P-faHJs-1g,27.0,37.0,"/m/03qc9zr,/m/04rlf,/m/09x0r",1,0,0,0,0,0,0,0
dx58eRn1bcA,30.0,40.0,"/m/012f08,/m/04qvtq,/m/07yv9,/m/09x0r,/m/0k4j",0,0,0,0,0,0,1,0
MmRLGPVScxc,280.0,290.0,"/m/0463cq4,/m/09x0r,/t/dd00125",0,0,1,0,0,0,0,0
Tdp8pNS2J1E,30.0,40.0,"/m/09x0r,/t/dd00002",0,0,1,0,0,0,0,0
ItpfZWwdHPY,110.0,120.0,"/m/02_41,/m/09x0r,/m/0g6b5",0,0,0,1,0,0,0,0
DTkgPYLRAY4,30.0,40.0,"/m/01m4t,/m/09x0r",0,0,0,0,0,0,0,0
d-XcuIT1k_8,30.0,40.0,"/m/068hy,/m/0bt9lr,/m/0jbk,/t/dd00002,/t/dd00136",0,0,1,0,0,0,0,0
qTwryuXg6pk,80.0,90.0,"/m/04rlf,/m/07p6fty,/m/09x0r",0,1,0,0,0,0,0,0
3Frut_Nufpw,30.0,40.0,"/m/07yv9,/m/09x0r,/m/0k4j",0,0,0,0,0,0,0,0
wpo-AqzErQY,20.0,30.0,"/m/039jq,/m/04rlf,/m/09x0r",0,0,0,0,0,1,0,0
Gm-cYlOKrKc,30.0,40.0,"/m/04rlf,/m/09x0r",0,0,0,0,0,0,0,0
0Cg5_xDTawQ,230.0,240.0,"/m/015jpf,/m/01z47d,/m/09x0r",0,0,0,0,0,0,0,0
VWPIFiqTHWs,180.0,190.0,"/m/039jq,/m/09x0r",0,0,0,0,0,1,0,0
tVGEV6J85pI,0.0,6.0,/t/dd00002,0,0,1,0,0,0,0,0
REOHyN9o538,10.0,20.0,/m/0g6b5,0,0,0,1,0,0,0,0
pS8-aGmGbMU,30.0,40.0,"/m/04rlf,/m/07qcpgn",0,0,0,0,0,0,0,0
i2ln-a5DhrU,60.0,70.0,"/m/02lkt,/m/04rlf,/m/08cyft",0,0,0,0,0,0,0,0
CLjPtgqOE4Y,60.0,70.0,"/m/01y3hg,/m/09x0r",0,0,0,0,0,0,0,1
kALtWTqUC7A,60.0,70.0,/m/039jq,0,0,0,0,0,1,0,0
3fJxf2rM990,300.0,310.0,"/m/09x0r,/m/0c3f7m",0,0,0,0,0,0,0,1
UJ9hXlBmrZQ,30.0,40.0,"/m/01d380,/m/039jq",0,0,0,0,0,1,0,0
Yr76YFwyrnM,110.0,120.0,"/m/04_sv,/m/04qvtq,/m/07yv9",0,0,0,0,0,0,1,0
8tyXJ3sy6B0,30.0,40.0,"/m/02lkt,/m/04rlf",0,0,0,0,0,0,0,0
tvveEhCwLxA,380.0,390.0,"/m/07qn4z3,/m/07yv9,/m/09x0r",0,0,0,0,0,0,0,0
8tZuiTBgs-0,580.0,590.0,"/m/04rlf,/m/07p6fty",0,1,0,0,0,0,0,0
-w-O-3ahvQM,210.0,220.0,/m/07pp_mv,0,0,0,0,0,0,0,1
hiomd4UqKuQ,20.0,30.0,"/m/03kmc9,/m/07yv9,/m/0912c9,/m/0k4j",0,0,0,0,0,0,1,0
lDbpkR2ZW1A,10.0,20.0,"/g/122z_qxw,/m/0g6b5",0,0,0,1,0,0,0,0
M9FDvtK9BaI,280.0,290.0,"/m/04rlf,/m/09x0r,/m/0g6b5",0,0,0,1,0,0,0,0
Q2Tlh7eD6hk,30.0,40.0,"/m/03kmc9,/m/07pp_mv",0,0,0,0,0,0,1,1
MrZKIirLav0,7.0,17.0,"/m/012ndj,/m/02mk9,/m/03j1ly,/m/07yv9",0,0,0,0,0,0,1,0
QQL1bdrbYiA,150.0,160.0,/m/032s66,0,0,0,0,1,0,0,0
tMPRD07bH70,30.0,40.0,"/m/04rlf,/t/dd00002",0,0,1,0,0,0,0,0
tNO0pgB03zM,10.0,20.0,/m/032s66,0,0,0,0,1,0,0,0
0F4ZqadDP6Q,30.0,40.0,/m/09x0r,0,0,0,0,0,0,0,0
sqXaQPFaW9Y,10.0,20.0,"/m/039jq,/m/04rlf,/m/05fw6t,/m/07pkxdp",0,0,0,0,0,1,0,0
wW5ule5SMYY,130.0,140.0,/m/0c3f7m,0,0,0,0,0,0,0,1
Rk_X1vBWwaM,30.0,40.0,"/m/0342h,/m/04rlf,/m/07xzm,/t/dd00125",0,0,0,0,0,0,0,0
-55ndPicfmY,20.0,30.0,/m/032s66,0,0,0,0,1,0,0,0
ZL_TRynRQFQ,120.0,130.0,"/m/01y3hg,/m/09x0r",0,0,0,0,0,0,0,1
jv3mYFYXA9c,30.0,40.0,"/m/03j1ly,/m/03kmc9,/m/04qvtq,/m/09x0r",0,0,0,0,0,0,1,0
VdHEF3YUCYA,90.0,100.0,"/m/07r660_,/m/09x0r,/t/dd00125",0,0,0,0,0,0,0,0
gwWVIlPMNDo,0.0,10.0,"/m/04rlf,/m/07pp_mv,/m/09x0r,/t/dd00125",0,0,0,0,0,0,0,1
bkONnNO9C30,30.0,40.0,"/m/030rvx,/m/09x0r,/m/0c3f7m",0,0,0,0,0,0,0,1
T2FfIu-3c7Q,30.0,40.0,"/m/03kmc9,/m/0dgbq",0,0,0,0,0,0,1,0
m2X5GO1JZq0,330.0,340.0,/m/09x0r,0,0,0,0,0,0,0,0
HqYFzX6_hAc,90.0,100.0,/m/0463cq4,0,0,1,0,0,0,0,0
IlmBtjRjxsA,20.0,30.0,"/m/015lz1,/m/04rlf,/m/07p6fty,/t/dd00126",0,1,0,0,0,0,0,0
puxwp1I9PjU,30.0,40.0,/m/09x0r,0,0,0,0,0,0,0,0
4s249cDzYuY,30.0,40.0,"/m/04rlf,/m/09x0r",0,0,0,0,0,0,0,0
vnJf0MGLq8Y,90.0,100.0,"/m/012ndj,/m/03j1ly,/m/03kmc9",0,0,0,0,0,0,1,0
UeJyfpNRZ3s,90.0,100.0,"/m/09x0r,/m/0dxrf,/t/dd00125",0,0,0,0,0,0,0,0
3UuNN3TxTEI,30.0,40.0,"/m/0342h,/m/04rlf,/m/07xzm,/t/dd00125",0,0,0,0,0,0,0,0
AGicyRlITHg,11.0,21.0,/m/09x0r,0,0,0,0,0,0,0,0
6x5K-YqXyTE,30.0,40.0,/m/03kmc9,0,0,0,0,0,0,1,0
wFxJ3sNkF-4,70.0,80.0,"/m/032s66,/m/0_1c",0,0,0,0,1,0,0,0
vwcF4ZLr8s0,30.0,40.0,/m/09x0r,0,0,0,0,0,0,0,0
bAl-i0g7rUM,0.0,8.0,"/m/039jq,/m/07rn7sz",0,0,0,0,0,1,0,0
l1jR6VSu5WY,30.0,40.0,"/m/09x0r,/t/dd00002",0,0,1,0,0,0,0,0
aDC3DtB_0Pg,30.0,40.0,"/m/01m4t,/m/04rlf",0,0,0,0,0,0,0,0
u9F73mdOq0g,50.0,60.0,/m/0g6b5,0,0,0,1,0,0,0,0
hD4tCwOfUW8,40.0,50.0,/m/03qc9zr,1,0,0,0,0,0,0,0
LXELNm31K2E,30.0,40.0,"/m/0463cq4,/m/09x0r,/m/0lyf6",0,0,1,0,0,0,0,0
tl0tKhdyWEw,30.0,40.0,"/m/09x0r,/t/dd00002",0,0,1,0,0,0,0,0
_9wtiQNGcPk,0.0,10.0,"/m/068hy,/m/09x0r,/m/0bt9lr,/m/0ghcn6,/m/0jbk",0,0,0,0,0,0,0,0
DOEKNxnXTmA,50.0,60.0,"/m/04rlf,/m/07p6fty,/m/09x0r",0,1,0,0,0,0,0,0
dce5K9UHLjQ,30.0,40.0,/m/09x0r,0,0,0,0,0,0,0,0
EBUhHrAOSNo,50.0,60.0,"/m/0463cq4,/m/09x0r",0,0,1,0,0,0,0,0
DVr26WtHPyw,160.0,170.0,"/m/04rlf,/m/07p6fty",0,1,0,0,0,0,0,0
B9gmZOiemU8,30.0,40.0,"/m/03qtwd,/m/053hz1,/t/dd00135",0,1,0,0,0,0,0,0
UZsGXcoyPMw,5.0,15.0,"/m/03qc9zr,/m/09x0r",1,0,0,0,0,0,0,0
KltYRw6CAXs,18.0,28.0,"/m/014zdl,/m/07qsvvw,/m/09x0r",0,0,0,1,0,0,0,0
QIQjAeEOVBo,260.0,270.0,/m/039jq,0,0,0,0,0,1,0,0
FxRGRQTiYD8,260.0,270.0,/m/0c3f7m,0,0,0,0,0,0,0,1
ln6vHjelxuM,0.0,10.0,"/m/07pp_mv,/m/09x0r",0,0,0,0,0,0,0,1
xGqWSur-CZg,0.0,10.0,/m/03qc9zr,1,0,0,0,0,0,0,0
ONn2i3lNLBs,20.0,30.0,"/m/014zdl,/m/07yv9,/m/09x0r",0,0,0,1,0,0,0,0
BsQJO8enH4g,20.0,30.0,/m/032s66,0,0,0,0,1,0,0,0
3xS_WCOqp60,30.0,40.0,"/m/02lkt,/m/04rlf,/m/07gxw",0,0,0,0,0,0,0,0
2MMmnuI7fHQ,130.0,140.0,"/m/04rlf,/m/07p6fty,/t/dd00127",0,1,0,0,0,0,0,0
NHkvI5RmP2Q,50.0,60.0,"/m/0463cq4,/m/09x0r",0,0,1,0,0,0,0,0
ksIsr89iSvA,30.0,40.0,/m/04rlf,0,0,0,0,0,0,0,0
ohFCKSCsFxs,0.0,10.0,"/m/03qtwd,/m/053hz1,/t/dd00135",0,1,0,0,0,0,0,0
X3YYd13Qp7I,180.0,190.0,"/m/03lty,/m/04rlf,/m/07p6fty,/t/dd00126",0,1,0,0,0,0,0,0
UFi3hPJsAzY,70.0,80.0,"/m/01y3hg,/m/09x0r",0,0,0,0,0,0,0,1
Gpk-aZXZN10,60.0,70.0,/m/07pp_mv,0,0,0,0,0,0,0,1
L3YIK4_VNZc,80.0,90.0,"/m/03qtwd,/t/dd00135",0,1,0,0,0,0,0,0
Njs1QZwQ5jM,21.0,31.0,/t/dd00002,0,0,1,0,0,0,0,0
y9FET6vk8N4,10.0,20.0,"/m/03qc9zr,/m/04rlf,/m/07qnq_y",1,0,0,0,0,0,0,0
noac7UWzcuI,30.0,40.0,"/m/04rlf,/m/09x0r",0,0,0,0,0,0,0,0
0G-Mo4SnOBg,2.0,12.0,"/m/04rlf,/m/09x0r,/m/0jbk",0,0,0,0,0,0,0,0
LbQDL0GidRU,160.0,170.0,"/m/09x0r,/m/0g6b5",0,0,0,1,0,0,0,0
BlT95sGzpEI,30.0,40.0,"/m/09x0r,/t/dd00002",0,0,1,0,0,0,0,0
hJaZ8tqvkYM,30.0,40.0,"/m/02lkt,/m/03mb9,/m/04rlf,/m/07gxw,/m/07lnk",0,0,0,0,0,0,0,0
xT0XF0YIBn0,80.0,90.0,"/g/122z_qxw,/m/0g6b5,/t/dd00128",0,0,0,1,0,0,0,0
qIHlAlkrDIo,0.0,10.0,/m/02mfyn,0,0,0,0,0,0,0,1
ATxSRYTHfgA,30.0,40.0,/m/0g6b5,0,0,0,1,0,0,0,0
NXzU_2lYyLE,20.0,30.0,/m/03qc9zr,1,0,0,0,0,0,0,0
HOtNie2m4I4,150.0,160.0,"/m/04rlf,/m/07p6fty,/m/09x0r",0,1,0,0,0,0,0,0
yOpYiaqPwwQ,4.0,14.0,/t/dd00002,0,0,1,0,0,0,0,0
17lobrmxcwE,400.0,410.0,"/m/07p6fty,/m/09x0r",0,1,0,0,0,0,0,0
28Ai2ufQvfU,30.0,40.0,/m/04rlf,0,0,0,0,0,0,0,0
mzxtnX4Rh7o,0.0,7.0,"/m/03qc9zr,/m/09x0r,/t/dd00018",1,0,0,0,0,0,0,0
An6HqElD6Zk,440.0,450.0,"/m/04rlf,/m/07p6fty,/t/dd00127",0,1,0,0,0,0,0,0
Cg2eujp6keI,30.0,40.0,"/m/07qz6j3,/m/09x0r,/t/dd00002",0,0,1,0,0,0,0,0
hlzYrs20Ygc,5.0,15.0,"/m/07qz6j3,/m/09x0r,/t/dd00002",0,0,1,0,0,0,0,0
5T3pI91RBi8,10.0,20.0,"/m/039jq,/m/09x0r",0,0,0,0,0,1,0,0
mqhaiR1zLZk,210.0,220.0,"/m/03qtwd,/t/dd00135",0,1,0,0,0,0,0,0
T8GMszNzpUg,380.0,390.0,"/m/032s66,/m/04rlf,/m/07qnq_y,/m/09x0r",0,0,0,0,1,0,0,0
EopyxhbxxRI,30.0,40.0,"/m/07rv9rh,/m/09x0r",0,0,0,0,0,0,0,0
LQL5WeJrJwI,70.0,80.0,/m/0g6b5,0,0,0,1,0,0,0,0
U_nYgXPrCK0,30.0,40.0,/m/09x0r,0,0,0,0,0,0,0,0
cAYYTzKUtTM,30.0,40.0,/m/09x0r,0,0,0,0,0,0,0,0
bClCfsIeL1I,200.0,210.0,"/m/032s66,/m/09ct_,/m/09x0r",0,0,0,0,1,0,0,0
W9aT6tHnFko,30.0,40.0,/m/0c3f7m,0,0,0,0,0,0,0,1
ukaWI4WoG0g,0.0,10.0,"/m/015lz1,/m/04rlf,/m/07p6fty",0,1,0,0,0,0,0,0
2tv3gq25N7k,80.0,90.0,/m/0g6b5,0,0,0,1,0,0,0,0
oe4zYEd1qJA,0.0,10.0,"/m/03qc9zr,/m/09x0r",1,0,0,0,0,0,0,0
EycfU9wtBkk,30.0,40.0,"/m/0463cq4,/m/04rlf,/m/09x0r",0,0,1,0,0,0,0,0
qvZ7zrPjbQY,30.0,40.0,"/m/07qz6j3,/m/09x0r,/t/dd00002",0,0,1,0,0,0,0,0
FX31Kwzp9gY,0.0,10.0,"/m/03qc9zr,/m/07rrlb6",1,0,0,0,0,0,0,0
elwdQgBNDZI,20.0,30.0,"/m/039jq,/m/07pc8lb,/m/09x0r",0,0,0,0,0,1,0,0
49fBTwgIees,10.0,20.0,"/m/09x0r,/t/dd00002",0,0,1,0,0,0,0,0
rM255unrRYc,380.0,390.0,/m/09x0r,0,0,0,0,0,0,0,0
zq8ZIkMZzww,40.0,50.0,"/m/014zdl,/m/02_41",0,0,0,1,0,0,0,0
kMwzU_gcPz4,110.0,120.0,"/m/03qc9zr,/m/04rlf,/m/09x0r",1,0,0,0,0,0,0,0
ARUQ45wCONM,10.0,20.0,"/m/03qc9zr,/m/04rlf,/m/0838f,/m/09x0r",1,0,0,0,0,0,0,0
redH0svMaJo,280.0,290.0,"/g/122z_qxw,/m/09x0r,/m/0g6b5",0,0,0,1,0,0,0,0
DuCMwhtRyOM,30.0,40.0,"/m/07pp_mv,/m/0c3f7m",0,0,0,0,0,0,0,1
SmRXdw1WS0Y,30.0,40.0,"/m/012ndj,/m/07yv9",0,0,0,0,0,0,1,0
cZFu9RxYM8s,240.0,250.0,"/m/032s66,/m/073cg4",0,0,0,0,1,0,0,0
jmZsJBxRitw,10.0,20.0,"/m/01j3sz,/m/04rlf,/m/07p6fty,/m/09x0r",0,1,0,0,0,0,0,0
sPPZ4o_J15M,190.0,200.0,"/m/012n7d,/m/03j1ly,/m/03kmc9,/m/04qvtq",0,0,0,0,0,0,1,0
JdIfNzA9ksY,50.0,60.0,"/m/04_sv,/m/04qvtq,/m/07yv9,/m/09x0r,/m/0k4j",0,0,0,0,0,0,1,0
YOHFfbLsR-E,30.0,40.0,"/m/04rlf,/m/09x0r",0,0,0,0,0,0,0,0
y4TpfhVeRkk,30.0,40.0,/m/0g6b5,0,0,0,1,0,0,0,0
5GLjJfRaimE,20.0,30.0,"/m/012n7d,/m/03j1ly,/m/03kmc9",0,0,0,0,0,0,1,0
HAdxzHp4QH4,30.0,40.0,/m/09x0r,0,0,0,0,0,0,0,0
6DaLfVHd3ss,410.0,420.0,"/m/03qtwd,/t/dd00135",0,1,0,0,0,0,0,0
6BPC0BqoY9o,30.0,40.0,"/m/014zdl,/m/09x0r",0,0,0,1,0,0,0,0
4xTGouBKGN4,30.0,40.0,"/m/03qc9zr,/m/04rlf",1,0,0,0,0,0,0,0
58Gvr3SCeYY,30.0,40.0,"/m/04rlf,/m/09x0r",0,0,0,0,0,0,0,0
FNgKvPexLyk,420.0,430.0,"/m/0463cq4,/m/09x0r,/t/dd00125",0,0,1,0,0,0,0,0
roBFlBq51y8,14.0,24.0,"/m/09x0r,/t/dd00002",0,0,1,0,0,0,0,0
6Ly4o6IMZ2A,13.0,23.0,"/m/015p6,/m/09x0r,/m/0h0rv,/t/dd00125",0,0,0,0,0,0,0,0
baevAGuuf7o,20.0,30.0,"/m/03kmc9,/m/07pp_mv,/m/07yv9,/m/0k4j",0,0,0,0,0,0,1,1
QaFvrx3r8k4,0.0,10.0,/m/03qc9zr,1,0,0,0,0,0,0,0
p51hYT0UyRk,30.0,40.0,/m/09x0r,0,0,0,0,0,0,0,0
CBmGYSOoeto,160.0,170.0,"/g/122z_qxw,/m/09x0r,/m/0g6b5,/t/dd00128",0,0,0,1,0,0,0,0
9oCnuj9CoTg,110.0,120.0,"/m/02mfyn,/m/09x0r",0,0,0,0,0,0,0,1
3NkZWKyG3NI,30.0,40.0,"/m/04rlf,/m/07gxw",0,0,0,0,0,0,0,0
VBBjcC12mFw,30.0,40.0,/m/09x0r,0,0,0,0,0,0,0,0
CoXEVTDJI-k,26.0,36.0,"/m/07pp_mv,/m/09x0r,/m/0c3f7m",0,0,0,0,0,0,0,1
OmvgKDyRMWw,60.0,70.0,"/m/015lz1,/m/04rlf,/m/07p6fty,/t/dd00126",0,1,0,0,0,0,0,0
iSmKrIA_CfU,310.0,320.0,/m/039jq,0,0,0,0,0,1,0,0
FtHuuUsUrMo,10.0,20.0,/m/0c3f7m,0,0,0,0,0,0,0,1
AgwTfNFeW0w,270.0,280.0,/m/032s66,0,0,0,0,1,0,0,0
n3LgnBf4w3g,130.0,140.0,"/m/07pp_mv,/m/09x0r",0,0,0,0,0,0,0,1
HAQf_La3B1Y,10.0,20.0,/m/02mfyn,0,0,0,0,0,0,0,1
FPSw9g-D7IY,470.0,480.0,"/m/039jq,/m/04rlf,/m/07q7njn",0,0,0,0,0,1,0,0
pfMktb4o588,140.0,150.0,/m/039jq,0,0,0,0,0,1,0,0
6-ADmlRq498,110.0,120.0,"/m/04rlf,/m/07p6fty",0,1,0,0,0,0,0,0
fO3Er5iGL0M,30.0,40.0,"/m/04rlf,/m/07s72n",0,0,0,0,0,0,0,0
8JN11gl_3xQ,30.0,40.0,"/m/09x0r,/t/dd00002",0,0,1,0,0,0,0,0
9IF2WssLfPk,100.0,110.0,"/m/01y3hg,/m/09x0r,/m/0ytgt",0,0,0,0,0,0,0,1
mbC89lY23JI,30.0,40.0,"/m/032s66,/m/0_1c",0,0,0,0,1,0,0,0
53wC-SrPGpw,30.0,40.0,"/m/0342h,/m/042v_gx,/m/04rlf,/m/04szw,/m/07s0s5r,/m/0fx80y",0,0,0,0,0,0,0,0
PNYM5lwaLmI,30.0,40.0,"/m/04rlf,/m/09x0r",0,0,0,0,0,0,0,0
Ny0C-VplQwk,0.0,8.0,"/m/030rvx,/m/07pp_mv",0,0,0,0,0,0,0,1
0qC99Z0YeMY,210.0,220.0,"/m/03qc9zr,/m/09x0r",1,0,0,0,0,0,0,0
64Is27jgqmA,27.0,37.0,/m/09x0r,0,0,0,0,0,0,0,0
OECsW8cXyDg,180.0,190.0,/m/032s66,0,0,0,0,1,0,0,0
JImkUjKIVio,60.0,70.0,/m/02mfyn,0,0,0,0,0,0,0,1
cGWHsTypfP0,170.0,180.0,"/m/01y3hg,/m/030rvx,/m/0c3f7m",0,0,0,0,0,0,0,1
kQ4hObjxmEo,550.0,560.0,"/m/015lz1,/m/04rlf,/m/07p6fty,/t/dd00126,/t/dd00128",0,1,0,0,0,0,0,0
hb3sx6Ekj-w,60.0,70.0,/m/039jq,0,0,0,0,0,1,0,0
14ekd4nkpwc,28.0,38.0,/t/dd00002,0,0,1,0,0,0,0,0
PsgXRv8hZl0,30.0,40.0,"/m/01jnbd,/m/03qc9zr,/m/04rlf,/m/09x0r",1,0,0,0,0,0,0,0
2AxAYXhrLGg,30.0,40.0,"/m/09x0r,/t/dd00002",0,0,1,0,0,0,0,0
IOooYBJWBa4,30.0,40.0,/m/09x0r,0,0,0,0,0,0,0,0
WjVbWncQRNA,30.0,40.0,/m/0g6b5,0,0,0,1,0,0,0,0
Cu8mmm9rhrE,50.0,60.0,/m/032s66,0,0,0,0,1,0,0,0
1ec6_7rR7Yo,150.0,160.0,"/g/122z_qxw,/m/09x0r,/m/0g6b5",0,0,0,1,0,0,0,0
NDQquocEvEo,30.0,40.0,"/m/04rlf,/m/07pkxdp",0,0,0,0,0,0,0,0
A0H2b4vjyPs,18.0,28.0,"/m/019jd,/m/02rlv9,/m/07yv9,/m/09x0r",0,0,0,0,0,0,0,0
-WPwu1B5xJE,30.0,40.0,"/m/02mk9,/m/09x0r",0,0,0,0,0,0,0,0
KHldCbhS9Pw,20.0,30.0,/m/03qc9zr,1,0,0,0,0,0,0,0
57l9j89WUDQ,30.0,40.0,/m/09x0r,0,0,0,0,0,0,0,0
krxGUlI5FGU,20.0,30.0,"/m/0326g,/m/0342h,/m/042v_gx,/m/04rlf,/m/04szw,/m/09x0r,/m/0fx80y,/m/0g293",0,0,0,0,0,0,0,0
Gs5B-PtJl6Q,9.0,19.0,"/m/012n7d,/m/02mfyn,/m/03j1ly,/m/03kmc9,/m/04qvtq",0,0,0,0,0,0,1,1
Q83MUr7V6qw,30.0,40.0,/m/04rlf,0,0,0,0,0,0,0,0
pRlWXA5axBE,20.0,30.0,"/m/03qc9zr,/m/04rlf,/m/07s2xch,/m/09x0r",1,0,0,0,0,0,0,0
hCFGeM24u48,10.0,20.0,"/m/012f08,/m/012ndj,/m/03j1ly,/m/03kmc9,/m/07r04,/m/07yv9",0,0,0,0,0,0,1,0
9QaaQS_Rsso,30.0,40.0,/m/04rlf,0,0,0,0,0,0,0,0
sit4QAmUdtM,160.0,170.0,"/m/04rlf,/m/09x0r",0,0,0,0,0,0,0,0
82V80XZKV8M,90.0,100.0,"/m/03qc9zr,/m/04rlf,/m/09x0r",1,0,0,0,0,0,0,0
_LnfSwdpY9k,30.0,40.0,"/m/012n7d,/m/07yv9,/m/09x0r",0,0,0,0,0,0,1,0
Xftu9vBPZ6Y,160.0,170.0,/m/039jq,0,0,0,0,0,1,0,0
8eAkVZ79wbE,30.0,40.0,/m/09x0r,0,0,0,0,0,0,0,0
oFD01jWqAhc,0.0,10.0,/m/032s66,0,0,0,0,1,0,0,0
u0nUlYFSTCM,20.0,30.0,/m/07pp_mv,0,0,0,0,0,0,0,1
QAz9mwRHoHc,0.0,7.0,"/m/012ndj,/m/03j1ly,/m/04rlf,/m/07yv9",0,0,0,0,0,0,1,0
ouIK__pq7no,60.0,70.0,"/m/039jq,/m/04rlf,/m/04szw,/m/05pd6",0,0,0,0,0,1,0,0
hg7OMxDt5WM,20.0,30.0,"/m/04rlf,/m/09x0r",0,0,0,0,0,0,0,0
d5XpDmPTAuE,30.0,40.0,/m/03kmc9,0,0,0,0,0,0,1,0
FGc9Zt1MXng,0.0,10.0,"/m/01j3sz,/m/09x0r",0,0,0,0,0,0,0,0
s7rxtZ7wol4,130.0,140.0,/m/04rlf,0,0,0,0,0,0,0,0
7rt51QkBql8,210.0,220.0,"/m/015lz1,/m/04rlf,/m/07p6fty,/t/dd00126",0,1,0,0,0,0,0,0
Y7ePi5bfyR0,30.0,40.0,"/m/032s66,/m/073cg4",0,0,0,0,1,0,0,0
qAnbexjLePI,20.0,30.0,"/m/012ndj,/m/07yv9,/m/09x0r",0,0,0,0,0,0,1,0
QVcfgd2BiRg,190.0,200.0,"/m/032s66,/m/04zjc",0,0,0,0,1,0,0,0
k2l0bCmIOB0,60.0,70.0,"/m/015lz1,/m/04rlf,/m/07p6fty",0,1,0,0,0,0,0,0
Pr8EWrDctrg,180.0,190.0,/m/039jq,0,0,0,0,0,1,0,0
4tsbMQETqQw,20.0,30.0,"/m/03qc9zr,/m/09x0r",1,0,0,0,0,0,0,0
PIr8AnqIQHU,30.0,40.0,"/m/04rlf,/m/09x0r",0,0,0,0,0,0,0,0
_lE03vrC9Rw,30.0,40.0,"/m/04rlf,/m/09x0r",0,0,0,0,0,0,0,0
p0v7UmoaaO0,120.0,130.0,"/m/015lz1,/m/04rlf,/m/07p6fty,/t/dd00126,/t/dd00127",0,1,0,0,0,0,0,0
Bf9p4vX7y08,140.0,150.0,"/m/01lyv,/m/0342h,/m/042v_gx,/m/04rlf,/m/04szw",0,0,0,0,0,0,0,0
RvPyzHomg7M,0.0,10.0,"/m/03qc9zr,/m/07s2xch",1,0,0,0,0,0,0,0
mmAigxjQbtE,100.0,110.0,"/m/032s66,/m/04zjc",0,0,0,0,1,0,0,0
tAQWR13bsHc,40.0,50.0,"/m/04rlf,/m/06by7,/m/07p6fty",0,1,0,0,0,0,0,0
ieep1qWRwXI,70.0,80.0,/m/032s66,0,0,0,0,1,0,0,0
PGp2JJjKNjA,100.0,110.0,"/m/03qtwd,/t/dd00135",0,1,0,0,0,0,0,0
NBxWsU7TKE0,30.0,40.0,"/m/09x0r,/t/dd00002",0,0,1,0,0,0,0,0
6nJlPhXuQuU,20.0,30.0,"/m/039jq,/m/04rlf",0,0,0,0,0,1,0,0
G514WBlyUgk,210.0,220.0,"/m/0140xf,/m/02mscn,/m/04rlf,/m/0l14jd",0,0,0,0,0,0,0,0
UBpEUB4hTRA,30.0,40.0,/m/09x0r,0,0,0,0,0,0,0,0
MuyjV8oWOx8,0.0,8.0,"/m/014zdl,/m/09x0r",0,0,0,1,0,0,0,0
5zEnTjJv3pk,0.0,10.0,"/m/039jq,/m/04rlf",0,0,0,0,0,1,0,0
12q8WQccnrc,40.0,50.0,"/m/039jq,/m/04k94",0,0,0,0,0,1,0,0
qxV-hLUA1JY,30.0,40.0,"/m/01y3hg,/m/02fs_r",0,0,0,0,0,0,0,1
U1uEnrCv4Lo,170.0,180.0,"/m/039jq,/m/07k1x",0,0,0,0,0,1,0,0
sRpgP7gQILM,10.0,20.0,"/m/039jq,/m/07prgkl,/m/0838f",0,0,0,0,0,1,0,0
CTsVfyJNyUE,30.0,40.0,/m/03kmc9,0,0,0,0,0,0,1,0
8OajsyPSNt8,80.0,90.0,/m/02mfyn,0,0,0,0,0,0,0,1
DAq3sLQd3BE,40.0,50.0,/m/03kmc9,0,0,0,0,0,0,1,0
SQ-XsasNgPg,30.0,40.0,"/m/03kmc9,/m/0dgbq",0,0,0,0,0,0,1,0
vnM8W78zy9Q,180.0,190.0,"/m/015lz1,/m/04rlf,/m/07p6fty,/m/07rwj3x,/m/07sr1lc,/m/09x0r",0,1,0,0,0,0,0,0
6gjEfKUINHo,60.0,70.0,/m/032s66,0,0,0,0,1,0,0,0
DvCL_pA17iI,310.0,320.0,/m/032s66,0,0,0,0,1,0,0,0
3ZZ9QqKtfpU,90.0,100.0,/m/032s66,0,0,0,0,1,0,0,0
yqA6WnAFOZ8,110.0,120.0,"/m/032s66,/m/073cg4",0,0,0,0,1,0,0,0
D778aSL_0KQ,0.0,5.0,/m/014zdl,0,0,0,1,0,0,0,0
OoUfZ0_yr5A,30.0,40.0,"/m/09x0r,/t/dd00002",0,0,1,0,0,0,0,0
Y6lkU_RH3mo,30.0,40.0,"/m/01j3sz,/m/03qc9zr,/m/09x0r,/m/0ytgt",1,0,0,0,0,0,0,0
W9jwtqRHSlY,110.0,120.0,"/m/04rlf,/m/09x0r",0,0,0,0,0,0,0,0
i6nkER2g2KY,50.0,60.0,"/m/032s66,/m/04zjc",0,0,0,0,1,0,0,0
up5d9PO9Hlo,50.0,60.0,"/m/039jq,/m/04rlf,/m/04szw,/m/0l156b",0,0,0,0,0,1,0,0
Oe6erT9TAGA,70.0,80.0,"/m/012n7d,/m/012ndj,/m/02mfyn,/m/03j1ly,/m/03kmc9",0,0,0,0,0,0,1,1
saevFB0acTY,30.0,40.0,"/m/03qc9zr,/m/04rlf",1,0,0,0,0,0,0,0
7tUueY0gTfM,490.0,500.0,/m/09x0r,0,0,0,0,0,0,0,0
qlnoKIMMWm4,110.0,120.0,"/m/039jq,/m/04k94,/m/07p7b8y,/m/0838f",0,0,0,0,0,1,0,0
UHoWTof833g,510.0,520.0,"/m/09x0r,/m/0c3f7m",0,0,0,0,0,0,0,1
Lv1E4wkl2Ow,30.0,40.0,/m/04rlf,0,0,0,0,0,0,0,0
UfG4dP0szuY,40.0,50.0,"/g/122z_qxw,/m/0g6b5",0,0,0,1,0,0,0,0
JDYJhEyk3Gk,0.0,7.0,"/m/03qc9zr,/m/07bgp",1,0,0,0,0,0,0,0
6j_0JxixrG8,30.0,40.0,"/m/032s66,/m/0_1c",0,0,0,0,1,0,0,0
OmAewVv3Hvg,20.0,30.0,"/m/07pp_mv,/m/09x0r",0,0,0,0,0,0,0,1
5JswlG9pm3k,140.0,150.0,"/m/04rlf,/m/07p6fty,/m/09x0r,/t/dd00128",0,1,0,0,0,0,0,0
1BctuVhLz1A,330.0,340.0,"/m/0463cq4,/m/09x0r,/t/dd00125",0,0,1,0,0,0,0,0
Z_aOrir4ruM,10.0,20.0,"/m/015lz1,/m/04rlf,/m/07p6fty",0,1,0,0,0,0,0,0
hyqIHk2l4aw,20.0,30.0,"/m/04rlf,/m/04szw,/t/dd00126",0,0,0,0,0,0,0,0
6ks9lY-yi2M,30.0,40.0,"/m/0155w,/m/04rlf",0,0,0,0,0,0,0,0
gYKsNP75CDw,90.0,100.0,"/m/09x0r,/t/dd00125",0,0,0,0,0,0,0,0
5mRxDOe7_J4,13.0,23.0,/t/dd00002,0,0,1,0,0,0,0,0
SYMnDVETaIs,120.0,130.0,"/m/039jq,/m/04rlf",0,0,0,0,0,1,0,0
hCsLR3WBEQU,380.0,390.0,"/m/03qc9zr,/m/09x0r",1,0,0,0,0,0,0,0
P7rl7vZq794,570.0,580.0,"/m/07pp_mv,/m/09x0r,/m/0c3f7m",0,0,0,0,0,0,0,1
eD4Sos-6qC0,30.0,40.0,/m/03qc9zr,1,0,0,0,0,0,0,0
BahaHFHnZGo,30.0,40.0,"/m/014zdl,/m/07qsvvw,/m/09x0r",0,0,0,1,0,0,0,0
bjBmT8y9PAU,30.0,40.0,"/m/04rlf,/m/09x0r,/m/0brhx",0,0,0,0,0,0,0,0
gCI9adfZPns,30.0,40.0,/m/04rlf,0,0,0,0,0,0,0,0
sNSmgP4P6Uc,50.0,60.0,"/m/012n7d,/m/012ndj,/m/03j1ly,/m/03kmc9,/m/04qvtq,/m/0c3f7m",0,0,0,0,0,0,1,1
ywTqqfXcvmk,150.0,160.0,/m/03qc9zr,1,0,0,0,0,0,0,0
WM9Ok41KheI,70.0,80.0,"/m/04rlf,/m/07p6fty,/m/09x0r",0,1,0,0,0,0,0,0
D-qbvpIlaXs,0.0,10.0,"/m/028v0c,/m/0g6b5",0,0,0,1,0,0,0,0
2BNNoV9Ehyc,30.0,40.0,"/m/015lz1,/m/09x0r,/t/dd00004,/t/dd00125",0,0,0,0,0,0,0,0
BKLbXlQpXCM,30.0,40.0,"/m/030rvx,/m/07pp_mv,/m/09x0r,/m/0c3f7m",0,0,0,0,0,0,0,1
_c6gDeG83jk,0.0,7.0,"/m/014zdl,/m/09x0r",0,0,0,1,0,0,0,0
NuqkuFk6FCI,70.0,80.0,/m/032s66,0,0,0,0,1,0,0,0
kN9i0pIYGzk,40.0,50.0,"/m/0463cq4,/m/09x0r",0,0,1,0,0,0,0,0
geSqC-S7NRg,120.0,130.0,"/m/03qc9zr,/m/05zppz,/m/09x0r",1,0,0,0,0,0,0,0
zC3MxGNQ4fY,30.0,40.0,"/m/032s66,/m/0_1c",0,0,0,0,1,0,0,0
1FBjy8x_-Fk,10.0,20.0,"/m/04rlf,/m/0gg8l",0,0,0,0,0,0,0,0
AsR9GUzVsqg,10.0,20.0,"/m/02dgv,/m/02fs_r,/m/039jq,/m/09x0r",0,0,0,0,0,1,0,0
F7GlZkdgf4c,30.0,40.0,"/m/04rlf,/m/04szw,/m/07y_7",0,0,0,0,0,0,0,0
YIx0ItADZt8,26.0,36.0,/m/014zdl,0,0,0,1,0,0,0,0
9YyBtV_A8YA,290.0,300.0,"/m/09x0r,/m/0c3f7m",0,0,0,0,0,0,0,1
ltSU9tLKl0I,30.0,40.0,"/m/09x0r,/t/dd00002",0,0,1,0,0,0,0,0
D8TCZl8TLwM,30.0,40.0,"/m/03lty,/m/03qc9zr,/m/04rlf,/m/05r6t,/m/07sr1lc",1,0,0,0,0,0,0,0
2k4xfsc_jDg,30.0,40.0,"/m/014zdl,/m/04rlf,/m/09x0r",0,0,0,1,0,0,0,0
35_TLyu9Iws,30.0,40.0,"/m/04rlf,/m/09x0r",0,0,0,0,0,0,0,0
wfdTpX5KrC8,10.0,20.0,"/m/03qc9zr,/m/09x0r",1,0,0,0,0,0,0,0
aoyDGJgrIaQ,30.0,40.0,"/m/032s66,/m/0_1c",0,0,0,0,1,0,0,0
vqg90YGubJo,30.0,40.0,"/m/09x0r,/t/dd00002",0,0,1,0,0,0,0,0
vPk5C_3huIc,30.0,40.0,"/m/032s66,/m/0_1c",0,0,0,0,1,0,0,0
W38fcvGiLLI,60.0,70.0,"/m/015lz1,/m/04rlf,/m/07p6fty",0,1,0,0,0,0,0,0
7QgcwhcGcFs,10.0,20.0,/m/09x0r,0,0,0,0,0,0,0,0
YB7_horpUGQ,30.0,40.0,"/m/02mfyn,/m/03j1ly,/m/03kmc9,/m/04qvtq",0,0,0,0,0,0,1,1
T9yUBSluQT8,20.0,30.0,"/m/012n7d,/m/09x0r",0,0,0,0,0,0,1,0
ksoLHDPaNTg,0.0,10.0,/m/03kmc9,0,0,0,0,0,0,1,0
r-9loo_jYUM,50.0,60.0,"/m/039jq,/m/09x0r",0,0,0,0,0,1,0,0
zKUVyXMPXKU,140.0,150.0,/m/0g6b5,0,0,0,1,0,0,0,0
G7Q3mWKD1Us,30.0,40.0,"/m/01bjv,/m/07yv9,/m/09x0r,/t/dd00003,/t/dd00004,/t/dd00005",0,0,0,0,0,0,0,0
BXKr-qDumg0,530.0,540.0,"/m/039jq,/m/09x0r",0,0,0,0,0,1,0,0
FkXN_o24X8o,2.0,12.0,"/m/04rlf,/m/07qz6j3,/m/09x0r,/t/dd00002",0,0,1,0,0,0,0,0
2LorpXnJpYw,0.0,10.0,"/m/0c3f7m,/t/dd00125",0,0,0,0,0,0,0,1
piSs9hVoIVI,20.0,30.0,"/m/012ndj,/m/01bjv,/m/07yv9,/t/dd00128",0,0,0,0,0,0,1,0
5mywdZqhuEc,9.0,19.0,"/m/012ndj,/m/03j1ly,/m/07r04,/m/07yv9,/m/09x0r",0,0,0,0,0,0,1,0
0KaBmzx92gM,220.0,230.0,/m/032s66,0,0,0,0,1,0,0,0
bDfj2aTA_R8,20.0,30.0,/m/07pp_mv,0,0,0,0,0,0,0,1
JwgIKb-5dD4,4.0,14.0,/m/03qc9zr,1,0,0,0,0,0,0,0
t14VZS-lRm8,30.0,40.0,/m/04rlf,0,0,0,0,0,0,0,0
L1Kt-Gq7EaE,60.0,70.0,"/m/02dgv,/m/07pp_mv,/m/09x0r",0,0,0,0,0,0,0,1
s4WcSvhu_Iw,50.0,60.0,/m/02mfyn,0,0,0,0,0,0,0,1
7mcrZwM1t_Q,130.0,140.0,"/m/03qc9zr,/m/09x0r",1,0,0,0,0,0,0,0
qtcZNYixCnc,90.0,100.0,"/m/03qc9zr,/m/09x0r",1,0,0,0,0,0,0,0
c81SaYV9hxA,30.0,40.0,"/m/09x0r,/t/dd00002",0,0,1,0,0,0,0,0
DYviqbPgUvA,130.0,140.0,"/m/03qtwd,/m/053hz1,/t/dd00135",0,1,0,0,0,0,0,0
PTykPM3c4rM,10.0,20.0,"/m/039jq,/t/dd00125",0,0,0,0,0,1,0,0
EEA5ifJ2F5o,18.0,28.0,/m/0g6b5,0,0,0,1,0,0,0,0
EWz4Wb2maTo,15.0,25.0,"/m/07yv9,/m/09x0r",0,0,0,0,0,0,0,0
BKMle8hodOQ,23.0,33.0,"/m/03kmc9,/m/04qvtq,/m/07yv9",0,0,0,0,0,0,1,0
AY-l3ejXVZE,10.0,20.0,"/m/03qc9zr,/m/09x0r",1,0,0,0,0,0,0,0
rJtrGb0NRyQ,10.0,20.0,/m/07pp_mv,0,0,0,0,0,0,0,1
GCc6RnGzdgw,0.0,8.0,/m/014zdl,0,0,0,1,0,0,0,0
FfqdNdIjYqo,20.0,30.0,"/m/04rlf,/m/07p6fty",0,1,0,0,0,0,0,0
YvTummLzLGw,30.0,40.0,/t/dd00002,0,0,1,0,0,0,0,0
U-pKM9UBsKM,160.0,170.0,"/m/03kmc9,/m/07yv9,/m/09x0r",0,0,0,0,0,0,1,0
diQMxBYNHH4,30.0,40.0,"/m/04rlf,/t/dd00002",0,0,1,0,0,0,0,0
wjVT9f_G3a4,150.0,160.0,"/m/03qtwd,/m/04rlf,/m/06by7,/m/07p6fty",0,1,0,0,0,0,0,0
QKEJyucUmTI,140.0,150.0,"/m/03qc9zr,/m/09x0r",1,0,0,0,0,0,0,0
Mi3l6TXMrBQ,30.0,40.0,/m/032s66,0,0,0,0,1,0,0,0
F-lHTQYS9X0,100.0,110.0,"/m/015lz1,/m/03qtwd,/m/04rlf,/m/07p6fty,/m/07rwj3x",0,1,0,0,0,0,0,0
dY4D4iCkvro,390.0,400.0,"/m/032s66,/m/04zjc",0,0,0,0,1,0,0,0
ZEN7UBv6TPU,30.0,40.0,"/m/07p6fty,/m/09x0r",0,1,0,0,0,0,0,0
4EdloSbZbkc,30.0,40.0,/m/09x0r,0,0,0,0,0,0,0,0
YoMPETadc0Q,30.0,40.0,"/m/09x0r,/t/dd00002",0,0,1,0,0,0,0,0
0DQhXWzvcFs,0.0,10.0,"/m/039jq,/m/04rlf",0,0,0,0,0,1,0,0
4Z8x9TXmzMQ,30.0,40.0,/m/09x0r,0,0,0,0,0,0,0,0
ERUMjVtHJBQ,30.0,40.0,"/m/012n7d,/m/07yv9",0,0,0,0,0,0,1,0
ZOUJ_ohfLms,0.0,10.0,"/m/028v0c,/m/04rlf",0,0,0,0,0,0,0,0
vDWMsB-MCmc,10.0,20.0,/m/039jq,0,0,0,0,0,1,0,0
Cms6Q-AGS6I,13.0,23.0,"/m/012ndj,/m/02mk9,/m/07yv9",0,0,0,0,0,0,1,0
36Em-kH_QEQ,30.0,40.0,"/m/09x0r,/m/0j6m2",0,0,0,0,0,0,0,0
iO5LIzN7j70,30.0,40.0,/m/032s66,0,0,0,0,1,0,0,0
1eX3als-zHQ,30.0,40.0,"/m/07yv9,/m/09x0r,/m/0k4j",0,0,0,0,0,0,0,0
Ily4sZTqXI8,30.0,40.0,"/m/04rlf,/m/04szw",0,0,0,0,0,0,0,0
Tc_sojS9nmI,130.0,140.0,"/m/01j3sz,/m/03qc9zr,/m/09x0r",1,0,0,0,0,0,0,0
pDjz8w6NY80,30.0,40.0,"/m/09x0r,/t/dd00002",0,0,1,0,0,0,0,0
CrRW3lRNfII,20.0,30.0,"/m/09x0r,/m/0g6b5",0,0,0,1,0,0,0,0
ctNu0bIzSDU,220.0,230.0,/m/032s66,0,0,0,0,1,0,0,0
i7OFKaVw_zM,30.0,40.0,"/m/07qz6j3,/m/07yv9,/m/0k4j,/t/dd00002",0,0,1,0,0,0,0,0
NmCWvJpkhvI,330.0,340.0,"/m/03qtwd,/t/dd00135",0,1,0,0,0,0,0,0
APQgzwP2xAs,220.0,230.0,"/m/03qtwd,/m/053hz1,/t/dd00135",0,1,0,0,0,0,0,0
8OtYd5Mdv_s,40.0,50.0,"/m/039jq,/m/09x0r",0,0,0,0,0,1,0,0
mfaOEO2emfM,0.0,7.0,"/m/039jq,/m/07pc8lb,/m/07q7njn",0,0,0,0,0,1,0,0
MYDq2lU8e0w,20.0,30.0,"/m/02dgv,/m/07pp_mv",0,0,0,0,0,0,0,1
vJtpzLGOTDI,320.0,330.0,"/m/032s66,/m/09x0r",0,0,0,0,1,0,0,0
uWFLLOMwhhQ,20.0,30.0,"/m/09x0r,/m/0ytgt,/t/dd00002,/t/dd00125",0,0,1,0,0,0,0,0
LR1CRnp42nw,50.0,60.0,/m/014zdl,0,0,0,1,0,0,0,0
bgbFqgQFu0Y,30.0,40.0,/m/09x0r,0,0,0,0,0,0,0,0
uC8_tFJEPQE,30.0,40.0,"/m/04qvtq,/m/07yv9,/m/0k4j",0,0,0,0,0,0,1,0
XotekkYPv6A,170.0,180.0,"/m/03qc9zr,/m/09x0r",1,0,0,0,0,0,0,0
SQHZRqr5hYU,20.0,30.0,"/m/012ndj,/m/07yv9,/m/09x0r",0,0,0,0,0,0,1,0
-LbiadrZ7OQ,30.0,40.0,"/m/09x0r,/t/dd00002",0,0,1,0,0,0,0,0
6ewVr6SG7iY,40.0,50.0,"/m/04rlf,/m/07p6fty",0,1,0,0,0,0,0,0
NyM8ATCs0r4,30.0,40.0,"/m/014zdl,/m/07qsvvw,/m/09x0r",0,0,0,1,0,0,0,0
APgozwP_RAw,30.0,40.0,"/m/03qc9zr,/m/09x0r",1,0,0,0,0,0,0,0
0S3kz0Excbs,0.0,10.0,"/m/0463cq4,/m/09x0r",0,0,1,0,0,0,0,0
llnPDyjzf3c,30.0,40.0,/m/039jq,0,0,0,0,0,1,0,0
fg0khSRKGRQ,0.0,10.0,"/m/01j3sz,/m/0463cq4,/m/07qz6j3,/m/09x0r,/m/0ytgt,/t/dd00125",0,0,1,0,0,0,0,0
kQbNmJ9RTsM,20.0,30.0,"/m/01j3sz,/m/07p6fty",0,1,0,0,0,0,0,0
_wtKL1D2Dls,80.0,90.0,"/m/032s66,/m/04rlf,/m/09x0r",0,0,0,0,1,0,0,0
O-WRXvLkvGc,23.0,33.0,"/m/014zdl,/m/04rlf,/m/09x0r",0,0,0,1,0,0,0,0
YF5N-4rjFC0,30.0,40.0,"/m/04rlf,/m/09x0r",0,0,0,0,0,0,0,0
Bvxvfq5GUI4,80.0,90.0,/m/07pp_mv,0,0,0,0,0,0,0,1
GvQ6CXvUo2A,30.0,40.0,"/m/014zdl,/m/07qsvvw",0,0,0,1,0,0,0,0
dbcJ-m6IYMU,30.0,40.0,/t/dd00002,0,0,1,0,0,0,0,0
iP6bSV9MyQ0,180.0,190.0,"/m/0342h,/m/04rlf,/m/04szw",0,0,0,0,0,0,0,0
zi8A1D5ozWY,50.0,60.0,"/m/039jq,/m/04rlf",0,0,0,0,0,1,0,0
v353A9p3tkk,10.0,20.0,"/m/04rlf,/m/09x0r,/m/0g6b5",0,0,0,1,0,0,0,0
JVwzCCfRrmY,150.0,160.0,"/m/0463cq4,/m/09x0r,/m/0ytgt,/t/dd00002,/t/dd00125",0,0,1,0,0,0,0,0
oALejLHC57o,170.0,180.0,"/m/039jq,/m/09x0r",0,0,0,0,0,1,0,0
kNVJ0Wql4Dg,30.0,40.0,"/m/07qz6j3,/m/09x0r,/t/dd00002",0,0,1,0,0,0,0,0
9DfAJhJzN3Y,30.0,40.0,/m/09x0r,0,0,0,0,0,0,0,0
Sz_trojx4fU,30.0,40.0,/m/09x0r,0,0,0,0,0,0,0,0
6c0BHxxFxbQ,30.0,40.0,"/m/04rlf,/m/04szw,/m/07y_7",0,0,0,0,0,0,0,0
Q0anPAIkfBE,60.0,70.0,"/m/0463cq4,/m/09x0r,/t/dd00002,/t/dd00125",0,0,1,0,0,0,0,0
WDljMZrYSBU,20.0,30.0,"/m/01g50p,/m/06d_3,/m/07jdr,/m/07yv9,/m/09x0r",0,0,0,0,0,0,0,0
shrnJsiyWI0,50.0,60.0,/m/0g6b5,0,0,0,1,0,0,0,0
I_E654v7Qho,20.0,30.0,"/m/02cjck,/m/04rlf,/m/0g6b5",0,0,0,1,0,0,0,0
wy7LPNz6TTU,30.0,40.0,"/m/03kmc9,/m/04qvtq,/m/07yv9",0,0,0,0,0,0,1,0
RwYm2aRhRBc,220.0,230.0,/m/09x0r,0,0,0,0,0,0,0,0
a_mdhaQPQ3w,60.0,70.0,"/m/012n7d,/m/02mfyn,/m/03j1ly,/m/03kmc9",0,0,0,0,0,0,1,1
Ko0SPvN3DNk,40.0,50.0,"/m/0463cq4,/t/dd00002,/t/dd00125",0,0,1,0,0,0,0,0
N_2rUqaULIU,20.0,30.0,/m/0c3f7m,0,0,0,0,0,0,0,1
sJd6aNR8vbo,15.0,25.0,"/m/03qc9zr,/m/09x0r",1,0,0,0,0,0,0,0
DhVvHltZ1o8,50.0,60.0,"/m/03qc9zr,/m/04rlf,/m/09x0r",1,0,0,0,0,0,0,0
MkhJ4EJ0pKY,130.0,140.0,"/m/07p6fty,/m/09x0r",0,1,0,0,0,0,0,0
5HSuWVYw6tQ,30.0,40.0,/m/09x0r,0,0,0,0,0,0,0,0
BXLozSd9QYQ,220.0,230.0,/m/03qc9zr,1,0,0,0,0,0,0,0
ZEpszNq3ULU,290.0,300.0,/m/03qc9zr,1,0,0,0,0,0,0,0
Kdt3bcWPZl0,30.0,40.0,"/m/01lyv,/m/04rlf",0,0,0,0,0,0,0,0
NRCldvqFa7k,40.0,50.0,"/m/012ndj,/m/03j1ly,/m/07r04,/m/07yv9",0,0,0,0,0,0,1,0
tgGDKWTuElE,0.0,10.0,/m/0c3f7m,0,0,0,0,0,0,0,1
A0xf8jWyj6w,30.0,40.0,/m/09x0r,0,0,0,0,0,0,0,0
4Y6B7pvhuho,20.0,30.0,"/m/04rlf,/m/07p6fty,/m/09x0r",0,1,0,0,0,0,0,0
UdKr4N2s6vg,4.0,14.0,"/m/014zdl,/m/09x0r",0,0,0,1,0,0,0,0
dFCWaV1qajY,20.0,30.0,"/m/0463cq4,/m/09x0r,/t/dd00002",0,0,1,0,0,0,0,0
dZaxxEpCW0A,10.0,20.0,"/g/122z_qxw,/m/0g6b5",0,0,0,1,0,0,0,0
RNZ9CAV2yqY,70.0,80.0,"/m/039jq,/m/09x0r",0,0,0,0,0,1,0,0
EYN09DKOy2U,50.0,60.0,"/m/03qtwd,/m/053hz1,/t/dd00135",0,1,0,0,0,0,0,0
HNLr8xIkI9g,10.0,20.0,"/m/04rlf,/m/0g6b5",0,0,0,1,0,0,0,0
intZNoJUF-E,190.0,200.0,"/m/09x0r,/m/0g6b5",0,0,0,1,0,0,0,0
FDfBtNQIRRk,270.0,280.0,/m/032s66,0,0,0,0,1,0,0,0
2AROWWR9xE8,30.0,40.0,/m/03kmc9,0,0,0,0,0,0,1,0
yngtCM1lnec,30.0,40.0,"/m/09x0r,/t/dd00002",0,0,1,0,0,0,0,0
WGgAEgtX9Zc,20.0,30.0,/m/0g6b5,0,0,0,1,0,0,0,0
2FOCROIhFHo,30.0,40.0,"/m/04rlf,/t/dd00003,/t/dd00004",0,0,0,0,0,0,0,0
HvSVQeCWLyY,30.0,40.0,"/m/014zdl,/m/04rlf,/m/07qsvvw",0,0,0,1,0,0,0,0
IbE1Pj8q8HE,80.0,90.0,"/m/015lz1,/m/04rlf,/m/07p6fty,/t/dd00126",0,1,0,0,0,0,0,0
0-jc_qX7QE8,30.0,40.0,"/m/014zdl,/m/04rlf,/m/07qsvvw",0,0,0,1,0,0,0,0
JNsG1IJDY6Y,0.0,6.0,"/m/03qc9zr,/m/04rlf",1,0,0,0,0,0,0,0
GdESUyV549k,400.0,410.0,"/m/032s66,/m/0_1c",0,0,0,0,1,0,0,0
MLpvyx672KM,30.0,40.0,"/m/04rlf,/m/04szw,/m/07y_7",0,0,0,0,0,0,0,0
WAsrXF-b1Jg,30.0,40.0,/m/032s66,0,0,0,0,1,0,0,0
e-m8zEukzLY,30.0,40.0,"/m/012ndj,/m/03j1ly,/m/03kmc9,/m/04qvtq",0,0,0,0,0,0,1,0
w_wiJsX8TQI,560.0,570.0,"/m/02rtxlg,/m/039jq,/m/09x0r",0,0,0,0,0,1,0,0
_ZVSI20UBfA,170.0,180.0,"/m/0140xf,/m/02mscn,/m/0342h,/m/042v_gx,/m/04rlf",0,0,0,0,0,0,0,0
T_5eoSsU558,30.0,40.0,"/m/09x0r,/t/dd00126",0,0,0,0,0,0,0,0
Ie1BD1bcN3o,30.0,40.0,/m/04rlf,0,0,0,0,0,0,0,0
50ZxQpgCccA,0.0,6.0,"/m/012xff,/m/04fgwm,/m/09x0r",0,0,0,0,0,0,0,0
KlwGhkeKYdg,19.0,29.0,/m/014zdl,0,0,0,1,0,0,0,0
Hk3e_lcFVSE,30.0,40.0,"/m/032s66,/m/0_1c",0,0,0,0,1,0,0,0
lL5Kqhy8Bns,80.0,90.0,"/m/04rlf,/t/dd00004,/t/dd00125",0,0,0,0,0,0,0,0
3T7Sox_h9Zs,340.0,350.0,"/m/04rlf,/m/05fw6t,/m/09x0r,/m/0ytgt",0,0,0,0,0,0,0,0
gYrZPaSNPw8,0.0,10.0,"/m/03qc9zr,/m/07yv9,/m/09x0r,/m/0k4j",1,0,0,0,0,0,0,0
YUyvkniiTqI,0.0,10.0,"/m/012n7d,/m/03j1ly,/m/03kmc9",0,0,0,0,0,0,1,0
L-h6KN6SBqM,350.0,360.0,"/m/039jq,/m/09x0r,/t/dd00127",0,0,0,0,0,1,0,0
Xr12UbZXCZk,0.0,10.0,"/m/012f08,/m/012ndj,/m/03j1ly,/m/07r04,/m/07yv9",0,0,0,0,0,0,1,0
WobqIVZxhqU,23.0,33.0,/m/014zdl,0,0,0,1,0,0,0,0
LYiF2x_Hbik,0.0,10.0,"/m/03qc9zr,/m/0c1dj",1,0,0,0,0,0,0,0
0Sg1ITDZf14,80.0,90.0,"/m/026t6,/m/02hnl,/m/04rlf,/m/04szw,/m/07p6fty,/m/0bm02",0,1,0,0,0,0,0,0
GL5cup4QluE,70.0,80.0,/m/039jq,0,0,0,0,0,1,0,0
DlWvXm7U85w,30.0,40.0,/m/04rlf,0,0,0,0,0,0,0,0
LsKlViMh5BQ,360.0,370.0,"/m/032s66,/m/04zjc",0,0,0,0,1,0,0,0
pAqiSm1BcUA,0.0,10.0,/m/0g6b5,0,0,0,1,0,0,0,0
u8fX7vsIGXU,30.0,40.0,"/m/012ndj,/m/03j1ly,/m/07yv9,/m/09x0r",0,0,0,0,0,0,1,0
wecY2TYjK6I,410.0,420.0,"/m/09x0r,/m/0c3f7m",0,0,0,0,0,0,0,1
6xbOtm6HNo0,290.0,300.0,"/m/04rlf,/m/07rkbfh,/m/09x0r,/m/0g6b5",0,0,0,1,0,0,0,0
-HXf_PCN-Xw,30.0,40.0,/m/09x0r,0,0,0,0,0,0,0,0
RypJnfOIn9g,30.0,40.0,"/m/03qc9zr,/m/0ytgt",1,0,0,0,0,0,0,0
13gko4-3PzY,0.0,10.0,"/m/014zdl,/m/09x0r",0,0,0,1,0,0,0,0
4iwEF9bQjdA,560.0,570.0,"/m/09x0r,/t/dd00125",0,0,0,0,0,0,0,0
A8ED8Iix7XQ,190.0,200.0,"/m/039jq,/m/04brg2,/m/09x0r",0,0,0,0,0,1,0,0
SIHAFm0GqAI,10.0,20.0,"/m/07pp_mv,/m/09x0r",0,0,0,0,0,0,0,1
r6mZZo0bckA,30.0,40.0,"/m/032s66,/m/0_1c",0,0,0,0,1,0,0,0
6i_xlqqOmsA,30.0,40.0,/m/0g6b5,0,0,0,1,0,0,0,0
7Blp3tt0Zj8,0.0,5.0,"/m/032s66,/m/0_1c",0,0,0,0,1,0,0,0
nWb1aKQz2Jg,100.0,110.0,"/m/07pp_mv,/m/09x0r",0,0,0,0,0,0,0,1
IP061noNNLw,30.0,40.0,"/m/04rlf,/m/07yv9,/m/09x0r",0,0,0,0,0,0,0,0
BxlZdeoA3xI,30.0,40.0,"/m/09x0r,/t/dd00002",0,0,1,0,0,0,0,0
xdtB-iYKx8c,30.0,40.0,/m/032s66,0,0,0,0,1,0,0,0
H34RtCtNvmk,10.0,20.0,"/m/015lz1,/m/04rlf,/m/07p6fty,/t/dd00127",0,1,0,0,0,0,0,0
VSVZVvhjv5A,28.0,38.0,/m/01y3hg,0,0,0,0,0,0,0,1
FjMqLMzyUeo,10.0,20.0,"/g/122z_qxw,/m/0g6b5,/t/dd00128",0,0,0,1,0,0,0,0
Rp479JKitDQ,250.0,260.0,"/m/015lz1,/m/04rlf,/m/07p6fty,/t/dd00126",0,1,0,0,0,0,0,0
49gM1bu1Xno,30.0,40.0,/m/04rlf,0,0,0,0,0,0,0,0
klOC20L0a_s,50.0,60.0,/m/07pp_mv,0,0,0,0,0,0,0,1
9I_BsySi3lw,60.0,70.0,"/m/01kcd,/m/04rlf,/m/04szw,/m/05pd6,/m/07c6l,/m/07gql,/m/0ggq0m,/t/dd00126",0,0,0,0,0,0,0,0
kN6r4nQb1ko,30.0,40.0,"/m/02lkt,/m/04rlf,/m/07lnk",0,0,0,0,0,0,0,0
CONfBQFxWLc,30.0,40.0,"/m/015lz1,/m/028sqc,/m/04rlf,/m/064t9",0,0,0,0,0,0,0,0
QCMNBcgmRn4,30.0,40.0,"/m/014zdl,/m/07qsvvw,/m/09x0r",0,0,0,1,0,0,0,0
XxKJBtsCor0,330.0,340.0,"/m/039jq,/m/07q7njn",0,0,0,0,0,1,0,0
b2JlWjjAvnU,30.0,40.0,"/m/09x0r,/t/dd00002",0,0,1,0,0,0,0,0
XVowuyAe-PQ,0.0,10.0,/m/03qc9zr,1,0,0,0,0,0,0,0
lCmAS6F9kqE,30.0,40.0,/m/09x0r,0,0,0,0,0,0,0,0
4kugDp-kHqQ,320.0,330.0,"/m/03qtwd,/m/09x0r,/m/0g6b5",0,0,0,1,0,0,0,0
Jk1y6WRZD8k,30.0,40.0,"/m/07qz6j3,/t/dd00002",0,0,1,0,0,0,0,0
Ae-InTzNV1k,30.0,40.0,/m/09x0r,0,0,0,0,0,0,0,0
Sq03gs-ptRg,0.0,7.0,"/m/0463cq4,/m/074ft",0,0,1,0,0,0,0,0
14U565gmdg4,30.0,40.0,"/m/02rtxlg,/m/03qc9zr,/m/07qfr4h",1,0,0,0,0,0,0,0
mqG3Gfc8hxw,560.0,570.0,"/m/032s66,/m/04zjc",0,0,0,0,1,0,0,0
ozxsvtGvsC0,20.0,30.0,/m/01y3hg,0,0,0,0,0,0,0,1
XGdT6YJVTrY,340.0,350.0,/m/09x0r,0,0,0,0,0,0,0,0
30HuBWEumyg,30.0,40.0,/m/04rlf,0,0,0,0,0,0,0,0
AwPBuHsoXV0,20.0,30.0,"/m/03qtwd,/m/04rlf,/m/07p6fty,/m/09x0r",0,1,0,0,0,0,0,0
bsv5WeEvljk,60.0,70.0,"/m/07pp_mv,/m/09x0r,/m/0g6b5",0,0,0,1,0,0,0,1
sC-yINyA4Q4,0.0,10.0,"/m/03qc9zr,/m/04rlf",1,0,0,0,0,0,0,0
bpO0Bu33GU0,11.0,21.0,"/m/02mfyn,/m/03j1ly,/m/03kmc9,/m/04qvtq",0,0,0,0,0,0,1,1
1Zs3VI5BW7I,16.0,26.0,"/m/014zdl,/m/09x0r",0,0,0,1,0,0,0,0
6JhaHuib-WA,30.0,40.0,/m/09x0r,0,0,0,0,0,0,0,0
RHJbzrh44k4,30.0,40.0,/m/04rlf,0,0,0,0,0,0,0,0
b1IDJ3pESyQ,30.0,40.0,"/m/03j1ly,/m/03kmc9,/m/04qvtq",0,0,0,0,0,0,1,0
mVXmgpDzUQk,20.0,30.0,"/m/03qtwd,/m/053hz1,/t/dd00135",0,1,0,0,0,0,0,0
LIiUqO1VX5o,50.0,60.0,"/m/03qtwd,/t/dd00135",0,1,0,0,0,0,0,0
_quV1-ajaw8,160.0,170.0,"/m/039jq,/m/04rlf,/m/09x0r",0,0,0,0,0,1,0,0
p7FzM3X2F2s,200.0,210.0,"/m/07pp_mv,/m/09x0r",0,0,0,0,0,0,0,1
5j2qenQrKgM,30.0,40.0,"/m/0342h,/m/042v_gx,/m/04rlf,/m/04szw,/m/07s0s5r,/m/0fx80y",0,0,0,0,0,0,0,0
hro3v4HepTc,30.0,40.0,"/m/09x0r,/t/dd00002",0,0,1,0,0,0,0,0
J-L7VHzLCC8,30.0,40.0,"/m/03kmc9,/m/09x0r",0,0,0,0,0,0,1,0
uyjm4ZROdgI,0.0,10.0,"/m/01y3hg,/m/04rlf,/t/dd00126",0,0,0,0,0,0,0,1
UX8uVQhgTgY,180.0,190.0,"/m/032s66,/m/04zjc",0,0,0,0,1,0,0,0
wrOOhpGS6jQ,70.0,80.0,"/m/015lz1,/m/04rlf,/m/07p6fty",0,1,0,0,0,0,0,0
HkyIJ52qIRU,20.0,30.0,"/m/01b_21,/m/0463cq4",0,0,1,0,0,0,0,0
mg8DER_bWhE,11.0,21.0,"/m/0838f,/m/09x0r",0,0,0,0,0,0,0,0
mJtz9vaHXtc,170.0,180.0,"/m/01d3sd,/m/04rlf,/m/09x0r",0,0,0,0,0,0,0,0
R0qWtAR-GcE,40.0,50.0,/m/032s66,0,0,0,0,1,0,0,0
8vhj6KFt2JA,30.0,40.0,/m/04rlf,0,0,0,0,0,0,0,0
gUqpLHRK3yg,0.0,10.0,"/m/09x0r,/t/dd00128",0,0,0,0,0,0,0,0
fEy5SCkpuos,130.0,140.0,/m/02mfyn,0,0,0,0,0,0,0,1
_hEPAz-ZXiI,140.0,150.0,"/m/04rlf,/m/0g6b5,/m/0gg8l",0,0,0,1,0,0,0,0
5DJjRwzIEG4,240.0,250.0,"/m/01y3hg,/m/09x0r,/t/dd00125",0,0,0,0,0,0,0,1
7JpPfWhX9E8,560.0,570.0,"/m/025td0t,/m/04rlf",0,0,0,0,0,0,0,0
bfo4vDMKg4A,20.0,30.0,/m/032s66,0,0,0,0,1,0,0,0
eaLNKhZkOl8,20.0,30.0,/m/039jq,0,0,0,0,0,1,0,0
5vV9qxzALXw,20.0,30.0,"/m/0463cq4,/m/09x0r,/m/0ytgt,/t/dd00125",0,0,1,0,0,0,0,0
XiterO28QNg,80.0,90.0,"/m/01y3hg,/m/09x0r",0,0,0,0,0,0,0,1
0dJrNTq-V2E,30.0,40.0,/m/04rlf,0,0,0,0,0,0,0,0
Ga0Dsp9VMbw,0.0,10.0,/m/09x0r,0,0,0,0,0,0,0,0
SVxYD6VEd3g,30.0,40.0,/m/04rlf,0,0,0,0,0,0,0,0
BFyA47oNp94,18.0,28.0,"/m/03qc9zr,/m/09x0r",1,0,0,0,0,0,0,0
_XQs5RPRD_4,30.0,40.0,/m/09x0r,0,0,0,0,0,0,0,0
ZrdRUIJe86w,30.0,40.0,"/m/02lkt,/m/04rlf,/m/07s72n",0,0,0,0,0,0,0,0
3BzGI4YcziI,0.0,10.0,"/m/07p6fty,/m/09x0r",0,1,0,0,0,0,0,0
OdGOTyVdf_w,9.0,19.0,/m/032s66,0,0,0,0,1,0,0,0
4ekovmvm3jM,30.0,40.0,"/m/03kmc9,/m/0dgbq",0,0,0,0,0,0,1,0
DplACCkzLVE,30.0,40.0,"/m/015lz1,/m/0g6b5",0,0,0,1,0,0,0,0
b5iS_w2s9n4,510.0,520.0,"/m/07pp_mv,/m/09x0r,/m/0c3f7m",0,0,0,0,0,0,0,1
YXs_qUiWYqY,13.0,23.0,/m/09x0r,0,0,0,0,0,0,0,0
qoBTIyg7VhM,0.0,10.0,"/m/032s66,/m/073cg4",0,0,0,0,1,0,0,0
-6qxCeoM5iE,18.0,28.0,/m/09x0r,0,0,0,0,0,0,0,0
hqPBcvex1VU,18.0,28.0,"/m/09x0r,/t/dd00002",0,0,1,0,0,0,0,0
cPHwodAS-pQ,40.0,50.0,"/g/122z_qxw,/m/0g6b5",0,0,0,1,0,0,0,0
0Nw1OyTsaAo,30.0,40.0,"/m/03qc9zr,/m/04rlf,/m/053hz1",1,0,0,0,0,0,0,0
9IX2FJb3lv0,40.0,50.0,"/m/04rlf,/m/04szw,/m/06by7,/m/07p6fty",0,1,0,0,0,0,0,0
nqr3qSxREd0,130.0,140.0,"/m/015lz1,/m/04rlf,/m/07p6fty",0,1,0,0,0,0,0,0
DC8ZML9mChg,30.0,40.0,/m/09x0r,0,0,0,0,0,0,0,0
-45cKZA7Jww,30.0,40.0,"/m/012ndj,/m/03j1ly,/m/07q2z82,/m/07r04,/m/07yv9,/m/09x0r,/t/dd00066",0,0,0,0,0,0,1,0
A8KRK_xAxIA,20.0,30.0,"/m/012f08,/m/03j1ly,/m/03kmc9,/m/07r04,/m/07yv9",0,0,0,0,0,0,1,0
0F2Am2aZlaY,30.0,40.0,"/m/025td0t,/m/04rlf,/t/dd00034",0,0,0,0,0,0,0,0
KC736jONiqY,30.0,40.0,"/m/07pp_mv,/m/09x0r",0,0,0,0,0,0,0,1
jSYD3BRGRTQ,60.0,70.0,"/m/01qbl,/m/026t6,/m/02hnl,/m/03qtq,/m/04rlf,/m/04szw,/m/06by7,/m/0bm02",0,0,0,0,0,0,0,0
RChD5MbKt7I,30.0,40.0,/m/012ndj,0,0,0,0,0,0,1,0
qMcoKipSRpg,0.0,10.0,/m/03qc9zr,1,0,0,0,0,0,0,0
j9PwyQjjNZ4,230.0,240.0,/m/04rlf,0,0,0,0,0,0,0,0
3_5qzOMET1U,30.0,40.0,/m/0g6b5,0,0,0,1,0,0,0,0
dO2fqP_ULKQ,7.0,17.0,"/m/02lkt,/m/04rlf,/m/07s72n",0,0,0,0,0,0,0,0
O4maAm1Ub5o,30.0,40.0,/m/09x0r,0,0,0,0,0,0,0,0
CmH1pHer66o,0.0,10.0,/m/07pp_mv,0,0,0,0,0,0,0,1
E8ZtgFfwlzA,30.0,40.0,/m/09x0r,0,0,0,0,0,0,0,0
KAYBt7AOXJ8,150.0,160.0,"/m/01v1d8,/m/0283d,/m/02lkt,/m/03mb9,/m/04rlf,/m/07gxw,/m/07s72n,/m/0glt670",0,0,0,0,0,0,0,0
PwzrU8bWFLs,30.0,40.0,"/m/04rlf,/m/09x0r",0,0,0,0,0,0,0,0
4m5RYjk7bGo,30.0,40.0,"/m/02y_763,/m/09x0r",0,0,0,0,0,0,0,0
6rLw9Vz5drA,50.0,60.0,"/m/0463cq4,/m/09x0r,/t/dd00002",0,0,1,0,0,0,0,0
AjgTUVQesuE,30.0,40.0,"/m/09x0r,/t/dd00125",0,0,0,0,0,0,0,0
fEgkNrEcwE4,20.0,30.0,"/m/03qc9zr,/m/09x0r",1,0,0,0,0,0,0,0
23Y69Zp1WFs,310.0,320.0,"/m/07p6fty,/m/09x0r",0,1,0,0,0,0,0,0
tV1jMnC4gF8,30.0,40.0,/m/03kmc9,0,0,0,0,0,0,1,0
aShUPTY2YZU,0.0,10.0,/m/03qc9zr,1,0,0,0,0,0,0,0
ioGc_R8NJow,30.0,40.0,/m/09x0r,0,0,0,0,0,0,0,0
DLYIVvioMdQ,580.0,590.0,"/m/032s66,/m/04rlf",0,0,0,0,1,0,0,0
KRczOEDlAoo,170.0,180.0,/m/03kmc9,0,0,0,0,0,0,1,0
hfe81aX8VTY,14.0,24.0,"/m/012ndj,/m/03kmc9",0,0,0,0,0,0,1,0
5aNVkkDgvq8,40.0,50.0,"/m/09x0r,/m/0g6b5",0,0,0,1,0,0,0,0
5Vn0HNGGEaE,0.0,4.0,"/m/07pp_mv,/m/09x0r",0,0,0,0,0,0,0,1
LmFYo8STHdE,30.0,40.0,"/m/01j3sz,/m/03qc9zr,/m/04rlf,/m/09x0r",1,0,0,0,0,0,0,0
HGXQVkkWMg0,21.0,31.0,/m/032s66,0,0,0,0,1,0,0,0
vOsv0iGstKI,3.0,13.0,"/m/09x0r,/m/0g6b5",0,0,0,1,0,0,0,0
KTCUwB8znw4,20.0,30.0,"/m/03kmc9,/m/04rlf,/m/09x0r",0,0,0,0,0,0,1,0
C2TYCbmHxck,20.0,30.0,"/m/03j1ly,/m/03kmc9,/m/04qvtq",0,0,0,0,0,0,1,0
cwmbafDgoyg,70.0,80.0,/m/0g6b5,0,0,0,1,0,0,0,0
_cwbCfJvSps,50.0,60.0,"/m/039jq,/m/07k1x,/m/09x0r",0,0,0,0,0,1,0,0
5k1xHAMlqpg,0.0,10.0,"/m/0463cq4,/m/07r5v4s",0,0,1,0,0,0,0,0
INGLbsTWgOo,15.0,25.0,"/m/04rlf,/m/09x0r,/m/0l14md",0,0,0,0,0,0,0,0
CGNQI6Vqfk0,150.0,160.0,/m/01y3hg,0,0,0,0,0,0,0,1
dnyjhIfzBEI,30.0,40.0,"/m/07qz6j3,/t/dd00002",0,0,1,0,0,0,0,0
fhB7j-lgPlM,80.0,90.0,"/m/03qc9zr,/m/04rlf",1,0,0,0,0,0,0,0
8KLDKzOulAw,30.0,40.0,"/m/03qc9zr,/m/03qtwd,/m/04rlf,/m/09x0r",1,0,0,0,0,0,0,0
xUv6Tb6KiLo,220.0,230.0,"/m/03qc9zr,/m/09x0r",1,0,0,0,0,0,0,0
4AZPDLhB--g,60.0,70.0,"/m/03qtwd,/m/053hz1,/t/dd00135",0,1,0,0,0,0,0,0
W2pDPueCzeQ,30.0,40.0,/t/dd00002,0,0,1,0,0,0,0,0
LP3gDvl2QFs,270.0,280.0,"/m/04rlf,/m/07p6fty,/t/dd00127",0,1,0,0,0,0,0,0
ASLPZf9JksY,70.0,80.0,"/m/07pp_mv,/m/09x0r",0,0,0,0,0,0,0,1
bb_JOl3VJvc,130.0,140.0,"/m/03qc9zr,/m/09x0r,/m/0ytgt",1,0,0,0,0,0,0,0
13hBzTqt8bY,0.0,10.0,"/m/032s66,/m/0c1dj",0,0,0,0,1,0,0,0
Sxw5drwKBdQ,30.0,40.0,"/m/03qtwd,/m/053hz1,/t/dd00135",0,1,0,0,0,0,0,0
5wAdASNFAEg,0.0,10.0,"/m/01j3sz,/m/0463cq4,/m/09x0r",0,0,1,0,0,0,0,0
aKfWeMYhzDY,370.0,380.0,"/m/09x0r,/t/dd00125",0,0,0,0,0,0,0,0
qopPsn1Jcsg,250.0,260.0,"/m/0164x2,/m/04rlf",0,0,0,0,0,0,0,0
GrVcqid0Yqg,30.0,40.0,"/m/01y3hg,/m/07pp_mv,/m/0c3f7m",0,0,0,0,0,0,0,1
9jSJ8vcybiE,30.0,40.0,"/m/03j1ly,/m/03kmc9,/m/04rlf,/m/07yv9",0,0,0,0,0,0,1,0
rYIwPq14ewU,0.0,10.0,"/m/03qc9zr,/m/068hy,/m/09x0r,/m/0bt9lr,/m/0jbk",1,0,0,0,0,0,0,0
hmMwYSMJguE,20.0,30.0,"/m/0155w,/m/04rlf",0,0,0,0,0,0,0,0
r_6YXpX4-0Y,30.0,40.0,/m/032s66,0,0,0,0,1,0,0,0
XUL-6w36q_0,180.0,190.0,"/m/04rlf,/m/0g6b5",0,0,0,1,0,0,0,0
tZHTM1Xpofg,0.0,10.0,/m/07pp_mv,0,0,0,0,0,0,0,1
PrLxgTuUFMM,30.0,40.0,"/m/014zdl,/m/04rlf",0,0,0,1,0,0,0,0
eYqYN7-VNp4,0.0,10.0,"/m/012ndj,/m/03j1ly,/m/09x0r",0,0,0,0,0,0,1,0
AENuBJZbNG8,30.0,40.0,"/m/03qc9zr,/m/07yv9,/m/09x0r",1,0,0,0,0,0,0,0
sMC07Ucy7kg,10.0,20.0,/m/032s66,0,0,0,0,1,0,0,0
w7TahXTMZGI,530.0,540.0,"/m/04rlf,/m/07p6fty",0,1,0,0,0,0,0,0
8p_T2XoIzjw,20.0,30.0,/m/09x0r,0,0,0,0,0,0,0,0
bxwf3RV-eKs,13.0,23.0,"/m/09x0r,/t/dd00002",0,0,1,0,0,0,0,0
bFOpFU_ThOE,10.0,20.0,"/m/032s66,/m/073cg4",0,0,0,0,1,0,0,0
pt7rENzp_tc,30.0,40.0,"/m/012n7d,/m/03j1ly,/m/03kmc9",0,0,0,0,0,0,1,0
vCBNqMRdL50,30.0,40.0,/m/0g6b5,0,0,0,1,0,0,0,0
OR9ZohIyRfA,20.0,30.0,"/m/039jq,/m/09x0r",0,0,0,0,0,1,0,0
mUpgBgHnMVU,190.0,200.0,"/m/09x0r,/m/0c3f7m",0,0,0,0,0,0,0,1
kzzHp74bEbU,60.0,70.0,"/m/03qtwd,/m/053hz1,/t/dd00135",0,1,0,0,0,0,0,0
R5AMcvrG4_o,30.0,40.0,/m/09x0r,0,0,0,0,0,0,0,0
Fmdqmjb-UD0,190.0,200.0,/m/03kmc9,0,0,0,0,0,0,1,0
woL8uWRoqvo,190.0,200.0,"/m/03lty,/m/04rlf,/m/07p6fty,/m/09x0r,/t/dd00128",0,1,0,0,0,0,0,0
231RGsCrT-s,30.0,40.0,/m/09x0r,0,0,0,0,0,0,0,0
ugyjTKpCesE,420.0,430.0,/m/0c3f7m,0,0,0,0,0,0,0,1
s10-b8XQCzg,130.0,140.0,/m/032s66,0,0,0,0,1,0,0,0
ywEqtUIVWSE,350.0,360.0,"/m/039jq,/m/07q7njn",0,0,0,0,0,1,0,0
jSbuOuUDvC8,210.0,220.0,"/m/039jq,/m/09x0r",0,0,0,0,0,1,0,0
WYVZqzk9Mdc,30.0,40.0,/m/09x0r,0,0,0,0,0,0,0,0
FgCtqIgZlkU,30.0,40.0,"/m/09x0r,/t/dd00002",0,0,1,0,0,0,0,0
tMgC685CEGc,26.0,36.0,/m/09x0r,0,0,0,0,0,0,0,0
f3G3Sw4oBRg,30.0,40.0,/m/0c3f7m,0,0,0,0,0,0,0,1
A6fYD2Gk4Ck,130.0,140.0,"/m/015lz1,/m/04rlf,/m/07p6fty,/t/dd00126",0,1,0,0,0,0,0,0
D_23sr_KRvQ,40.0,50.0,/m/07pp_mv,0,0,0,0,0,0,0,1
krCoBVQZLiQ,30.0,40.0,/m/07pp_mv,0,0,0,0,0,0,0,1
EMnLZOXfugI,30.0,40.0,/m/09x0r,0,0,0,0,0,0,0,0
Jmrgq0CPzVA,0.0,10.0,"/m/03qc9zr,/m/09x0r",1,0,0,0,0,0,0,0
lhhOYWAFeFI,27.0,37.0,"/m/03qc9zr,/m/06h7j,/m/09x0r,/t/dd00128",1,0,0,0,0,0,0,0
ZwrRR8NLXLs,20.0,30.0,"/m/03qtwd,/m/053hz1,/t/dd00135",0,1,0,0,0,0,0,0
mtO3KMrEb6A,0.0,10.0,"/m/02fs_r,/m/07pp_mv",0,0,0,0,0,0,0,1
UxR3rUmD4Io,30.0,40.0,/m/03qc9zr,1,0,0,0,0,0,0,0
ez9_Bu0TDmA,30.0,40.0,"/m/07qz6j3,/m/09x0r,/t/dd00002",0,0,1,0,0,0,0,0
8tSljz2WQHA,170.0,180.0,/m/0g6b5,0,0,0,1,0,0,0,0
1msyXyqRvpY,0.0,10.0,/m/03qc9zr,1,0,0,0,0,0,0,0
r1JW6XsACtg,130.0,140.0,"/m/0463cq4,/m/09x0r",0,0,1,0,0,0,0,0
GKixIHWzIRM,280.0,290.0,/m/032s66,0,0,0,0,1,0,0,0
Y7UFiy3d6IA,40.0,50.0,/m/039jq,0,0,0,0,0,1,0,0
Wubt3dcnFbY,30.0,40.0,"/m/07qz6j3,/m/09x0r,/t/dd00002",0,0,1,0,0,0,0,0
8qw0ssKRMR4,350.0,360.0,"/m/032s66,/m/073cg4",0,0,0,0,1,0,0,0
eJV9zdjPRXI,30.0,40.0,"/m/02lkt,/m/04rlf,/m/07s72n",0,0,0,0,0,0,0,0
HXsjxU6E0-M,20.0,30.0,"/m/01y3hg,/m/09x0r",0,0,0,0,0,0,0,1
cUK4IGP7L8o,30.0,40.0,"/m/039jq,/m/04rlf",0,0,0,0,0,1,0,0
6NYSwV07jbY,30.0,40.0,/m/03kmc9,0,0,0,0,0,0,1,0
yy-HQVeekNk,30.0,40.0,"/m/015lz1,/m/04rlf,/m/07xzm,/t/dd00125",0,0,0,0,0,0,0,0
6r7uZqTv6e4,70.0,80.0,"/m/032s66,/m/073cg4",0,0,0,0,1,0,0,0
mDBfUn0Ag3g,20.0,30.0,"/m/012f08,/m/012ndj,/m/03kmc9,/m/07yv9",0,0,0,0,0,0,1,0
-_OSbUUJwrU,12.0,22.0,/m/09x0r,0,0,0,0,0,0,0,0
VFrfgmhcrc0,16.0,26.0,/m/0c3f7m,0,0,0,0,0,0,0,1
_4u2aPGH91k,30.0,40.0,/m/0g6b5,0,0,0,1,0,0,0,0
KUg8Gr3prAQ,320.0,330.0,"/m/04rlf,/m/07p6fty,/m/09x0r,/t/dd00128",0,1,0,0,0,0,0,0
vD-uqQOjwAw,40.0,50.0,"/m/039jq,/m/04rlf",0,0,0,0,0,1,0,0
rj0FB0_pTvw,150.0,160.0,"/m/03qtwd,/m/053hz1,/t/dd00135",0,1,0,0,0,0,0,0
LEG3W27ToLg,0.0,9.0,/m/03qc9zr,1,0,0,0,0,0,0,0
_n-kUOZk0A8,130.0,140.0,"/m/01j3sz,/m/03qc9zr,/m/09x0r",1,0,0,0,0,0,0,0
y3ajQijycJM,80.0,90.0,/m/04rlf,0,0,0,0,0,0,0,0
-mhSFLZhP9c,290.0,300.0,/m/04rlf,0,0,0,0,0,0,0,0
obq24REqtkk,30.0,40.0,"/m/09x0r,/t/dd00002",0,0,1,0,0,0,0,0
LUXsrbkMXAo,30.0,40.0,"/m/046dlr,/m/07pp_mv,/m/09x0r",0,0,0,0,0,0,0,1
dLcLpOpGfIc,440.0,450.0,"/m/026t6,/m/02hnl,/m/04rlf,/m/04szw,/m/0l14md",0,0,0,0,0,0,0,0
88Huadnl8qY,20.0,30.0,"/m/032s66,/m/0_1c",0,0,0,0,1,0,0,0
Z68-EsPkUaI,30.0,40.0,/m/04rlf,0,0,0,0,0,0,0,0
GZS-UcdFfw8,380.0,390.0,"/m/03qc9zr,/m/07s04w4",1,0,0,0,0,0,0,0
XSsHSJsXS_k,80.0,90.0,"/m/03qtwd,/t/dd00135",0,1,0,0,0,0,0,0
Tf9Z-TgtTxU,30.0,40.0,/m/09x0r,0,0,0,0,0,0,0,0
-cWrzrfVdMQ,250.0,260.0,"/m/032s66,/m/073cg4",0,0,0,0,1,0,0,0
o8vEmF4BDFM,30.0,40.0,"/m/04rlf,/m/07xzm",0,0,0,0,0,0,0,0
UkueAjZwZ8A,30.0,40.0,/m/03kmc9,0,0,0,0,0,0,1,0
u3Bb1hWztDM,0.0,10.0,/m/0c3f7m,0,0,0,0,0,0,0,1
7-Yh8CAfTk0,10.0,20.0,"/m/09x0r,/m/0g6b5",0,0,0,1,0,0,0,0
PC6Q4moRiII,0.0,10.0,/m/0g6b5,0,0,0,1,0,0,0,0
oSzwHCdy3ME,40.0,50.0,/m/03kmc9,0,0,0,0,0,0,1,0
Rprxg7vNSmM,0.0,10.0,"/m/014zdl,/m/04rlf,/t/dd00129",0,0,0,1,0,0,0,0
UznbhXLZ1Io,0.0,10.0,"/m/0463cq4,/m/09x0r",0,0,1,0,0,0,0,0
B_D5o5b3gp0,30.0,40.0,/m/09x0r,0,0,0,0,0,0,0,0
-q-GNX-5mok,30.0,40.0,/m/04rlf,0,0,0,0,0,0,0,0
lylCuFFTHpg,30.0,40.0,/m/039jq,0,0,0,0,0,1,0,0
JmiryIBeA4g,110.0,120.0,"/m/04rlf,/m/06by7,/m/07p6fty",0,1,0,0,0,0,0,0
YLk4YOa6Mdg,17.0,27.0,/t/dd00002,0,0,1,0,0,0,0,0
IcKq93ojXSI,30.0,40.0,"/m/04rlf,/m/09x0r",0,0,0,0,0,0,0,0
l2ne7ePOG_M,20.0,30.0,/m/07pp_mv,0,0,0,0,0,0,0,1
0JH825sGa44,0.0,10.0,/m/02mfyn,0,0,0,0,0,0,0,1
DV9YK8eZoBQ,260.0,270.0,/m/0g6b5,0,0,0,1,0,0,0,0
L2tz3iPgt0E,30.0,40.0,"/m/04rlf,/m/08cyft",0,0,0,0,0,0,0,0
j95kDOczL9Q,30.0,40.0,"/m/012ndj,/m/02mk9,/m/07r04,/m/07yv9,/m/09x0r",0,0,0,0,0,0,1,0
Q2HK3rzVn4c,30.0,40.0,"/m/04rlf,/m/09x0r,/t/dd00002",0,0,1,0,0,0,0,0
arwjkuNnhq8,30.0,40.0,"/m/013y1f,/m/04rlf",0,0,0,0,0,0,0,0
9-zsSyw0KdY,0.0,10.0,"/m/032s66,/m/04zjc",0,0,0,0,1,0,0,0
pIntjZqNuGU,60.0,70.0,"/m/04rlf,/m/09x0r,/t/dd00128",0,0,0,0,0,0,0,0
hCXFlDtzWDM,6.0,16.0,"/m/014zdl,/m/09x0r",0,0,0,1,0,0,0,0
JJoPVfsGyaA,170.0,180.0,"/m/04rlf,/m/09x0r,/t/dd00126",0,0,0,0,0,0,0,0
NKCxCMGM-ts,30.0,40.0,"/m/04rlf,/m/09x0r",0,0,0,0,0,0,0,0
EJ6gDPGEUmk,140.0,150.0,"/m/04rlf,/m/07p6fty,/m/09x0r,/t/dd00126",0,1,0,0,0,0,0,0
O0F0ClefQi8,30.0,40.0,/m/09x0r,0,0,0,0,0,0,0,0
-ENDOYcu-ww,410.0,420.0,"/m/03qc9zr,/m/04rlf,/m/09x0r,/t/dd00126",1,0,0,0,0,0,0,0
aI52giuW240,190.0,200.0,"/m/03qtwd,/m/053hz1,/t/dd00135",0,1,0,0,0,0,0,0
YwdNnzWmiGc,460.0,470.0,"/m/032s66,/m/073cg4",0,0,0,0,1,0,0,0
QFTcdU-BDg8,30.0,40.0,"/m/03qc9zr,/m/09x0r",1,0,0,0,0,0,0,0
VONV4-4r_r0,117.0,127.0,"/m/0145m,/m/04rlf",0,0,0,0,0,0,0,0
SwBuDib7bBk,30.0,40.0,/m/039jq,0,0,0,0,0,1,0,0
RZTxSevjNj8,550.0,560.0,"/m/04rlf,/m/04szw,/m/0fx80y,/m/0jtg0",0,0,0,0,0,0,0,0
6Ln0va9Y9ww,0.0,7.0,"/m/03qc9zr,/m/0ytgt",1,0,0,0,0,0,0,0
0MJAFpTRZAw,20.0,30.0,"/m/032s66,/m/09x0r",0,0,0,0,1,0,0,0
vcCl3ZvRZP0,28.0,38.0,/m/04rlf,0,0,0,0,0,0,0,0
JTfLIqmAhjg,30.0,40.0,/m/07pp_mv,0,0,0,0,0,0,0,1
xyy9-RD1tAw,30.0,40.0,"/m/04rlf,/m/09x0r",0,0,0,0,0,0,0,0
Qfbu4uNMz-o,30.0,40.0,"/m/09x0r,/m/0g6b5",0,0,0,1,0,0,0,0
uk8Qu6Wfj_w,0.0,10.0,"/m/01j3sz,/m/07p6fty,/m/09x0r",0,1,0,0,0,0,0,0
-GI5PbO6j50,30.0,40.0,/m/03qc9zr,1,0,0,0,0,0,0,0
NnNm_oqkG0o,50.0,60.0,"/m/0463cq4,/m/09x0r",0,0,1,0,0,0,0,0
uMSONXKFmN0,21.0,31.0,"/m/04rlf,/m/09x0r",0,0,0,0,0,0,0,0
csJtVMCvKtc,70.0,80.0,"/m/04rlf,/m/09x0r",0,0,0,0,0,0,0,0
X8DaEnWEXqg,80.0,90.0,"/m/09x0r,/m/0c3f7m",0,0,0,0,0,0,0,1
u72KqXhMJUg,90.0,100.0,"/m/015lz1,/m/04rlf,/m/07p6fty,/t/dd00126",0,1,0,0,0,0,0,0
Nqaltinr5Ig,30.0,40.0,"/m/07qz6j3,/m/09x0r,/t/dd00002",0,0,1,0,0,0,0,0
A4cuf_MWQwc,16.0,26.0,/m/09x0r,0,0,0,0,0,0,0,0
YHz8SUqZlAw,400.0,410.0,/m/04rlf,0,0,0,0,0,0,0,0
mL_DFJ2q2Mg,5.0,15.0,/m/09x0r,0,0,0,0,0,0,0,0
K2PyWUNZdHE,30.0,40.0,"/m/014zdl,/m/09x0r",0,0,0,1,0,0,0,0
xuMDGR-zYZU,70.0,80.0,"/m/03qc9zr,/m/09x0r",1,0,0,0,0,0,0,0
Djp17Fo97kw,50.0,60.0,"/m/012ndj,/m/03j1ly,/m/09x0r",0,0,0,0,0,0,1,0
aECVo7yNA8s,9.0,19.0,/m/09x0r,0,0,0,0,0,0,0,0
MJzNXEGR2WI,20.0,30.0,/m/039jq,0,0,0,0,0,1,0,0
u5b9RZ7IPRU,30.0,40.0,/m/03qc9zr,1,0,0,0,0,0,0,0
dGsD9qbVrm8,210.0,220.0,/m/0c3f7m,0,0,0,0,0,0,0,1
N3ti-IsUctU,140.0,150.0,"/m/0192l,/m/03qtwd,/m/04rlf,/m/04szw,/m/07p6fty",0,1,0,0,0,0,0,0
-mQR-O53mFE,100.0,110.0,"/m/03qtwd,/m/053hz1,/t/dd00135",0,1,0,0,0,0,0,0
zcjG_UxatDA,90.0,100.0,/m/032s66,0,0,0,0,1,0,0,0
WOZn8i9M92U,30.0,40.0,/m/09x0r,0,0,0,0,0,0,0,0
-RyGRbjFreI,30.0,40.0,"/m/04rlf,/m/09x0r",0,0,0,0,0,0,0,0
q7b5BGLCdi0,110.0,120.0,"/m/04rlf,/m/06cqb",0,0,0,0,0,0,0,0
JhL9gU71pg8,190.0,200.0,"/m/039jq,/m/09x0r",0,0,0,0,0,1,0,0
9Km20XpgucY,60.0,70.0,"/m/04rlf,/m/06bxc,/m/0glt670",0,0,0,0,0,0,0,0
IcJN_cPQLr8,70.0,80.0,/m/032s66,0,0,0,0,1,0,0,0
1y1CS3tduBw,30.0,40.0,"/m/03qc9zr,/m/04rlf,/m/053hz1",1,0,0,0,0,0,0,0
mKKsT6Z4Dz0,240.0,250.0,"/m/02cz_7,/m/07p6fty",0,1,0,0,0,0,0,0
64AHuTLREwA,30.0,40.0,"/m/01y3hg,/m/0c3f7m",0,0,0,0,0,0,0,1
hVv8GB0zfyk,10.0,20.0,"/m/039jq,/m/09x0r",0,0,0,0,0,1,0,0
UGlA-GeIboY,330.0,340.0,"/g/122z_qxw,/m/04rlf,/m/0g6b5",0,0,0,1,0,0,0,0
Xy1a0Arjog8,30.0,40.0,"/m/03j1ly,/m/03kmc9,/m/04qvtq",0,0,0,0,0,0,1,0
ayW0mfeAYs8,30.0,40.0,/m/09x0r,0,0,0,0,0,0,0,0
nz_v6YZn2VY,110.0,120.0,/m/04rlf,0,0,0,0,0,0,0,0
DY-80XawmHQ,6.0,16.0,/t/dd00002,0,0,1,0,0,0,0,0
JpxeQf-G7cU,30.0,40.0,"/m/032s66,/m/0_1c",0,0,0,0,1,0,0,0
i1Q_JFASnz0,50.0,60.0,"/m/032s66,/m/073cg4",0,0,0,0,1,0,0,0
FAGzKfqv7-Q,20.0,30.0,"/m/039jq,/m/09x0r",0,0,0,0,0,1,0,0
D2_KIhSbmt0,40.0,50.0,"/m/09x0r,/m/0c3f7m",0,0,0,0,0,0,0,1
uQdgO2G2KDM,0.0,10.0,"/m/07pp_mv,/m/09x0r",0,0,0,0,0,0,0,1
9Wj-OmQsmiQ,30.0,40.0,"/m/03kmc9,/m/0dgbq",0,0,0,0,0,0,1,0
r14eZnaTIXY,0.0,10.0,/m/0463cq4,0,0,1,0,0,0,0,0
O8W1_irDftg,10.0,20.0,"/m/03qc9zr,/m/09x0r",1,0,0,0,0,0,0,0
apqJ53a-PnU,90.0,100.0,"/m/04rlf,/m/0cfdd",0,0,0,0,0,0,0,0
44YRJKHXEqM,30.0,40.0,/m/09x0r,0,0,0,0,0,0,0,0
UOpmsQTCl40,26.0,36.0,/m/032s66,0,0,0,0,1,0,0,0
CNZjv4gN_KQ,0.0,10.0,/m/0c3f7m,0,0,0,0,0,0,0,1
YdSkFxsBBWA,80.0,90.0,"/m/032s66,/m/0_1c",0,0,0,0,1,0,0,0
NbAqG_aJyeE,10.0,20.0,/m/03qc9zr,1,0,0,0,0,0,0,0
_X0bfNR0pCs,30.0,40.0,"/m/04rlf,/m/07rwj3x,/m/09x0r",0,0,0,0,0,0,0,0
5QZ0NtdoKJ8,200.0,210.0,"/m/02fs_r,/m/07pp_mv,/m/09x0r",0,0,0,0,0,0,0,1
XHczpbtBhk4,0.0,10.0,"/m/02hnl,/m/04rlf,/m/04szw,/m/06by7,/m/07p6fty,/m/07sbbz2,/m/09x0r",0,1,0,0,0,0,0,0
hunUyVg1x9w,60.0,70.0,/m/0g6b5,0,0,0,1,0,0,0,0
wMExCqNJL30,30.0,40.0,"/m/04rlf,/m/05148p4",0,0,0,0,0,0,0,0
o799nvBLsaQ,80.0,90.0,/m/02mfyn,0,0,0,0,0,0,0,1
SSzxYFidtvA,200.0,210.0,/m/032s66,0,0,0,0,1,0,0,0
Gu6YAcG9s4c,0.0,10.0,"/m/012n7d,/m/03j1ly,/m/03kmc9",0,0,0,0,0,0,1,0
bL5g6_ndmkc,200.0,210.0,/m/09x0r,0,0,0,0,0,0,0,0
qvOMw9EOUZs,100.0,110.0,"/m/014zdl,/m/02_41,/m/09x0r",0,0,0,1,0,0,0,0
5aHxModWhJg,30.0,40.0,/m/03kmc9,0,0,0,0,0,0,1,0
_dauJIwdf1o,20.0,30.0,"/m/0463cq4,/m/09x0r",0,0,1,0,0,0,0,0
OtS7wGRKUWI,30.0,40.0,"/m/032s66,/m/04zjc,/m/0_1c",0,0,0,0,1,0,0,0
6JGMw5DKD_I,26.0,36.0,"/m/09x0r,/t/dd00002",0,0,1,0,0,0,0,0
GFCEAy1pvIw,50.0,60.0,"/m/04rlf,/m/064t9",0,0,0,0,0,0,0,0
NJ8845ULiDw,30.0,40.0,"/m/04rlf,/m/09x0r,/m/0m0jc",0,0,0,0,0,0,0,0
LLam57BWQKM,110.0,120.0,"/m/025rv6n,/m/032s66,/m/04zjc,/m/07qwf61,/m/0dbvp",0,0,0,0,1,0,0,0
DGU-HbuX6rs,230.0,240.0,"/m/03qtwd,/m/053hz1,/t/dd00135",0,1,0,0,0,0,0,0
UH32kJ33izk,290.0,300.0,"/m/09x0r,/m/0c3f7m",0,0,0,0,0,0,0,1
e3-QUVkbbx4,10.0,20.0,/m/039jq,0,0,0,0,0,1,0,0
_BhKLN_ZWDs,30.0,40.0,"/m/09x0r,/t/dd00002",0,0,1,0,0,0,0,0
MoyaAYkhhuU,70.0,80.0,"/m/028v0c,/m/03qc9zr,/m/09x0r,/t/dd00125",1,0,0,0,0,0,0,0
5tLaeg3poOQ,160.0,170.0,/m/02mfyn,0,0,0,0,0,0,0,1
QTXi-kxSJGY,40.0,50.0,"/m/03kmc9,/m/05x_td,/m/07r04,/m/07yv9,/t/dd00128",0,0,0,0,0,0,1,0
pSc_V9Oi72Q,30.0,40.0,/m/02mfyn,0,0,0,0,0,0,0,1
LSWH8Bffg0Y,30.0,40.0,"/m/04rlf,/m/0jtg0,/m/0l14_3",0,0,0,0,0,0,0,0
iMSV5YsdNwE,0.0,10.0,"/m/032s66,/m/09x0r",0,0,0,0,1,0,0,0
reYtnFCfBTQ,0.0,10.0,"/m/04rlf,/m/09x0r",0,0,0,0,0,0,0,0
8e3DkVW9FFU,310.0,320.0,/m/03qc9zr,1,0,0,0,0,0,0,0
4MD5BNz7NQg,260.0,270.0,"/m/09x0r,/m/0llzx",0,0,0,0,0,0,0,0
8g76_8wfN_M,180.0,190.0,/m/0463cq4,0,0,1,0,0,0,0,0
7dbuOZEEvkI,230.0,240.0,"/m/04rlf,/m/0g6b5",0,0,0,1,0,0,0,0
ANtxdugb5EU,210.0,220.0,/m/0c3f7m,0,0,0,0,0,0,0,1
JW36HYLa4E4,0.0,9.0,/m/01y3hg,0,0,0,0,0,0,0,1
My7DUd6kdrc,30.0,40.0,/m/04rlf,0,0,0,0,0,0,0,0
c5fK1rA3bHE,0.0,10.0,/m/012n7d,0,0,0,0,0,0,1,0
Y6RIrlubano,30.0,40.0,"/m/03qtwd,/m/053hz1,/t/dd00135",0,1,0,0,0,0,0,0
LImkhxXEweI,60.0,70.0,"/m/039jq,/m/04rlf,/m/07q7njn",0,0,0,0,0,1,0,0
zKhCRWRCB9o,30.0,40.0,/m/03kmc9,0,0,0,0,0,0,1,0
FezdXsOg8Sw,30.0,40.0,"/m/03kmc9,/m/04qvtq",0,0,0,0,0,0,1,0
md__et3jcTA,14.0,24.0,/m/09x0r,0,0,0,0,0,0,0,0
Bdw1KK2PKh8,30.0,40.0,"/m/04qvtq,/m/07yv9,/m/09x0r,/m/0k4j",0,0,0,0,0,0,1,0
B3pVCMzA66A,0.0,10.0,"/m/012ndj,/m/03j1ly,/m/03kmc9",0,0,0,0,0,0,1,0
2XyNZlnORPE,30.0,40.0,"/m/032s66,/m/0_1c",0,0,0,0,1,0,0,0
5ydXauESnXc,190.0,200.0,/m/09x0r,0,0,0,0,0,0,0,0
7jaYSwfqXyo,0.0,10.0,"/m/09x0r,/m/0c3f7m",0,0,0,0,0,0,0,1
ckfPEjOe_Kk,30.0,40.0,"/m/02mfyn,/m/03j1ly,/m/03kmc9,/m/04qvtq",0,0,0,0,0,0,1,1
ZYhHTol3U4Q,0.0,10.0,/m/014zdl,0,0,0,1,0,0,0,0
f8l54sLansI,29.0,39.0,/m/04rlf,0,0,0,0,0,0,0,0
LauoPiW9VUw,0.0,10.0,"/m/04rlf,/m/07pp_mv,/m/09x0r",0,0,0,0,0,0,0,1
CpD5jvuAf0A,30.0,40.0,/m/04rlf,0,0,0,0,0,0,0,0
4ah7NTdUkGY,0.0,10.0,/m/0g6b5,0,0,0,1,0,0,0,0
BwnIHAvzGz0,30.0,40.0,/m/09x0r,0,0,0,0,0,0,0,0
TNQt1czfnfM,20.0,30.0,/m/03kmc9,0,0,0,0,0,0,1,0
wMOZRt5PeMU,70.0,80.0,/m/03kmc9,0,0,0,0,0,0,1,0
OQXnvC8C93Q,30.0,40.0,/m/09x0r,0,0,0,0,0,0,0,0
PdugBDpOCUw,30.0,40.0,/m/04rlf,0,0,0,0,0,0,0,0
Hi9cRmRDyTs,10.0,20.0,"/m/014zdl,/m/04rlf,/m/07qsvvw,/m/09x0r",0,0,0,1,0,0,0,0
g5WKdrCYQF4,0.0,10.0,"/m/03qc9zr,/m/09x0r",1,0,0,0,0,0,0,0
KZ4I7ojL7K0,30.0,40.0,/m/03kmc9,0,0,0,0,0,0,1,0
l9p2hJD-9RY,30.0,40.0,"/m/03kmc9,/m/0dgbq",0,0,0,0,0,0,1,0
sDekzOBVVAo,170.0,180.0,"/m/09x0r,/m/0c3f7m",0,0,0,0,0,0,0,1
jBSp3wi2fLg,40.0,50.0,/m/0g6b5,0,0,0,1,0,0,0,0
ScetXKaIz68,150.0,160.0,"/m/03qc9zr,/m/04rlf,/m/09x0r",1,0,0,0,0,0,0,0
Szwo7-hhCjg,10.0,20.0,/m/04rlf,0,0,0,0,0,0,0,0
8BTsRDEuYgs,360.0,370.0,"/m/04rlf,/m/06by7,/m/07p6fty,/m/09x0r",0,1,0,0,0,0,0,0
JQ_te0B-MAM,30.0,40.0,/m/04rlf,0,0,0,0,0,0,0,0
5CqTiT19g0M,140.0,150.0,"/m/07pp_mv,/m/09x0r",0,0,0,0,0,0,0,1
4hrI2M7j8WA,30.0,40.0,/t/dd00002,0,0,1,0,0,0,0,0
S2cbK80Bfgs,30.0,40.0,"/m/04rlf,/m/04szw,/m/07y_7",0,0,0,0,0,0,0,0
ACopwzO0Dic,14.0,24.0,/m/0g6b5,0,0,0,1,0,0,0,0
QMmhpFylTyc,30.0,40.0,"/m/012ndj,/m/03j1ly,/m/03kmc9",0,0,0,0,0,0,1,0
7J7uU7kl_ig,0.0,10.0,"/m/03qc9zr,/m/04rlf,/m/09x0r",1,0,0,0,0,0,0,0
wWcOhUy76UM,0.0,10.0,"/m/0463cq4,/m/09x0r,/m/0ytgt",0,0,1,0,0,0,0,0
JTBPrA-4VJI,50.0,60.0,/m/0463cq4,0,0,1,0,0,0,0,0
ubehZAaPMqs,540.0,550.0,"/m/04rlf,/m/064t9,/m/0ggx5q",0,0,0,0,0,0,0,0
L7x2p2f3zXY,250.0,260.0,"/m/04rlf,/m/09x0r,/m/0g6b5",0,0,0,1,0,0,0,0
d3Qa52sNxzA,60.0,70.0,"/m/032s66,/m/04zjc",0,0,0,0,1,0,0,0
-9Tvm67kojg,30.0,40.0,/m/03kmc9,0,0,0,0,0,0,1,0
SJpupJFyWEQ,80.0,90.0,"/m/02lkt,/m/04rlf,/m/04szw,/m/0l14qv",0,0,0,0,0,0,0,0
oT8i9unizCE,10.0,20.0,/m/032s66,0,0,0,0,1,0,0,0
WoPcaGyAQ3s,10.0,20.0,/m/02mfyn,0,0,0,0,0,0,0,1
lrjkvDOEIaQ,220.0,230.0,/m/09x0r,0,0,0,0,0,0,0,0
buHD0PkgWYY,50.0,60.0,"/m/03vt0,/m/09x0r",0,0,0,0,0,0,0,0
BoN2nWXDNwg,50.0,60.0,"/g/122z_qxw,/m/09x0r,/m/0g6b5",0,0,0,1,0,0,0,0
EfwBJsXVptc,210.0,220.0,"/m/07qs1cx,/m/09x0r",0,0,0,0,0,0,0,0
OVyWodAjQQI,30.0,40.0,"/m/09x0r,/t/dd00002",0,0,1,0,0,0,0,0
P1-wFdZFsI4,10.0,20.0,"/m/0463cq4,/m/04rlf,/m/09x0r",0,0,1,0,0,0,0,0
5CbHpkJPe2E,230.0,240.0,"/m/039jq,/m/04rlf,/m/09x0r",0,0,0,0,0,1,0,0
9KR6Kr_ixf0,290.0,300.0,"/m/03qc9zr,/m/09x0r,/m/0ytgt",1,0,0,0,0,0,0,0
CLgiT1_V2Oo,15.0,25.0,"/m/03qc9zr,/m/04rlf,/m/064t9",1,0,0,0,0,0,0,0
8l-TWnwTapo,30.0,40.0,"/m/039jq,/m/04rlf,/m/07q7njn,/m/09x0r",0,0,0,0,0,1,0,0
--7T50tAIrg,6.0,16.0,"/m/03kmc9,/m/09x0r",0,0,0,0,0,0,1,0
RVJcpsJ7lsQ,260.0,270.0,"/m/015lz1,/m/04rlf,/m/064t9,/m/07p6fty,/t/dd00126",0,1,0,0,0,0,0,0
QJAQ9eSOUWI,0.0,9.0,"/m/014zdl,/m/07qsvvw",0,0,0,1,0,0,0,0
vUFasCcvfks,30.0,40.0,"/m/039jq,/m/04rlf",0,0,0,0,0,1,0,0
E4_1i9e1lv8,0.0,10.0,/m/0g6b5,0,0,0,1,0,0,0,0
9pJslzSCor8,30.0,40.0,"/m/04rlf,/m/06h7j,/m/09x0r,/t/dd00126",0,0,0,0,0,0,0,0
FuxDgrbnLkk,30.0,40.0,"/m/012n7d,/m/03j1ly,/m/04qvtq,/m/07yv9,/m/0k4j",0,0,0,0,0,0,1,0
1dU6O8zTcSk,30.0,40.0,"/m/014zdl,/m/07qsvvw,/m/09x0r",0,0,0,1,0,0,0,0
3ComHEFnxpQ,0.0,8.0,/m/0c3f7m,0,0,0,0,0,0,0,1
L1A9zzmv2Es,250.0,260.0,"/m/032s66,/m/073cg4",0,0,0,0,1,0,0,0
efftk-hZrNI,3.0,13.0,"/m/04s8yn,/m/07r5c2p,/m/09x0r",0,0,0,0,0,0,0,0
NsW1pXIseSM,160.0,170.0,"/m/07pp_mv,/m/09x0r",0,0,0,0,0,0,0,1
a2ugthH2Urk,150.0,160.0,"/m/03qc9zr,/m/04rlf,/m/09x0r,/t/dd00126",1,0,0,0,0,0,0,0
FgemGBnoLE0,30.0,40.0,"/m/01bjv,/m/07yv9,/m/09x0r",0,0,0,0,0,0,0,0
KyM6CbsHvBw,320.0,330.0,"/m/032s66,/m/09x0r",0,0,0,0,1,0,0,0
-g_AcRVFfXU,30.0,40.0,"/m/03qc9zr,/m/04rlf",1,0,0,0,0,0,0,0
t2SvEepTN9c,30.0,40.0,"/m/03qtwd,/m/053hz1,/t/dd00135",0,1,0,0,0,0,0,0
kfRFRRa2YJ0,2.0,12.0,"/m/03j1ly,/m/03kmc9,/m/04qvtq",0,0,0,0,0,0,1,0
HIv0eu9Q6lE,0.0,9.0,"/m/03qc9zr,/m/09x0r",1,0,0,0,0,0,0,0
LdD-6ggLDl0,310.0,320.0,/m/032s66,0,0,0,0,1,0,0,0
L8CfmfjXreE,30.0,40.0,/m/04rlf,0,0,0,0,0,0,0,0
_T5ADL1QDIY,0.0,10.0,"/m/039jq,/m/04rlf",0,0,0,0,0,1,0,0
h1okqJCMl-4,0.0,10.0,/m/04rlf,0,0,0,0,0,0,0,0
7ecA9fPVyxE,350.0,360.0,/m/03qc9zr,1,0,0,0,0,0,0,0
-uAvlImhfL0,350.0,360.0,/m/09x0r,0,0,0,0,0,0,0,0
PrLGFyf59oQ,0.0,10.0,/m/0g6b5,0,0,0,1,0,0,0,0
ETEOL1uqlqc,60.0,70.0,"/m/0463cq4,/m/09x0r",0,0,1,0,0,0,0,0
PSelITJ2vzs,0.0,10.0,"/m/01y3hg,/m/09x0r,/t/dd00125",0,0,0,0,0,0,0,1
HLP6gVcuUt0,30.0,40.0,"/m/09x0r,/m/0g6b5",0,0,0,1,0,0,0,0
-Z2ICZyEHuU,30.0,40.0,"/m/04rlf,/t/dd00003",0,0,0,0,0,0,0,0
kXCV5XblLFk,0.0,10.0,"/m/03qtwd,/m/053hz1,/t/dd00135",0,1,0,0,0,0,0,0
iN82sCUtNAM,130.0,140.0,"/m/04rlf,/m/07p6fty",0,1,0,0,0,0,0,0
a1ySni9nutg,14.0,24.0,"/m/014zdl,/m/07pxg6y,/m/09x0r",0,0,0,1,0,0,0,0
gDcLFwweoBk,30.0,40.0,/t/dd00002,0,0,1,0,0,0,0,0
9VMoLsCmCQE,10.0,20.0,"/m/032s66,/m/04zjc",0,0,0,0,1,0,0,0
-JJm_esdRt0,160.0,170.0,"/m/04rlf,/m/07p6fty,/m/09x0r",0,1,0,0,0,0,0,0
IHojOwrlup4,100.0,110.0,"/m/02z32qm,/m/032s66,/m/09x0r",0,0,0,0,1,0,0,0
tUIJZuZ4kRk,30.0,40.0,/m/04rlf,0,0,0,0,0,0,0,0
SNunid-6FhI,170.0,180.0,"/m/012n7d,/m/03j1ly,/m/03kmc9,/m/04qvtq",0,0,0,0,0,0,1,0
LJ8BY521EoI,30.0,40.0,"/m/03qc9zr,/m/09x0r",1,0,0,0,0,0,0,0
fKmOFFzg59Q,140.0,150.0,"/m/015lz1,/m/04rlf,/m/07p6fty",0,1,0,0,0,0,0,0
LcSPDT299DE,370.0,380.0,"/m/039jq,/m/09x0r",0,0,0,0,0,1,0,0
b6TP_rHBdG0,170.0,180.0,/m/09x0r,0,0,0,0,0,0,0,0
bhdWw4R7OC0,360.0,370.0,/m/032s66,0,0,0,0,1,0,0,0
JZ6d7QCwKEY,0.0,7.0,"/m/014zdl,/m/09x0r",0,0,0,1,0,0,0,0
iAjz0fG1drs,190.0,200.0,"/m/039jq,/m/06_y0by",0,0,0,0,0,1,0,0
aagz3b91Wqk,90.0,100.0,"/m/09x0r,/m/0c3f7m,/t/dd00125",0,0,0,0,0,0,0,1
eJbgg-nEPWg,0.0,10.0,"/m/04rlf,/m/07p6fty,/m/09x0r",0,1,0,0,0,0,0,0
1g_zzgMelUU,30.0,40.0,"/m/09x0r,/t/dd00129",0,0,0,0,0,0,0,0
Yhv1dSuRyOo,40.0,50.0,/m/09x0r,0,0,0,0,0,0,0,0
9XbI0faiM3o,0.0,10.0,"/m/04rlf,/m/07pp_mv",0,0,0,0,0,0,0,1
aGHHM0HTn9A,30.0,40.0,/m/09x0r,0,0,0,0,0,0,0,0
9Zd3L4yxtrs,30.0,40.0,"/m/03qtwd,/m/053hz1,/t/dd00135",0,1,0,0,0,0,0,0
c58D2jK7HYE,190.0,200.0,"/m/032s66,/m/073cg4",0,0,0,0,1,0,0,0
9I1cVz9p7wc,30.0,40.0,"/m/014zdl,/m/04rlf,/m/09x0r",0,0,0,1,0,0,0,0
3sZMw6BdA1Y,30.0,40.0,/t/dd00002,0,0,1,0,0,0,0,0
VDA0CawDA2I,30.0,40.0,"/m/0463cq4,/m/07qz6j3,/m/09x0r,/t/dd00002",0,0,1,0,0,0,0,0
C2LwvVL-BiY,30.0,40.0,/m/09x0r,0,0,0,0,0,0,0,0
sMuRM6S8xBI,10.0,20.0,"/m/039jq,/m/09x0r",0,0,0,0,0,1,0,0
YbQWSQpL06c,70.0,80.0,/m/039jq,0,0,0,0,0,1,0,0
tGF9ObWiNVk,0.0,10.0,"/g/122z_qxw,/m/0g6b5",0,0,0,1,0,0,0,0
IqQq5X0WhqI,360.0,370.0,/m/0c3f7m,0,0,0,0,0,0,0,1
ROJ3NiOO2rQ,110.0,120.0,"/m/032s66,/m/073cg4",0,0,0,0,1,0,0,0
MGpByIzWw4c,30.0,40.0,"/m/04rlf,/m/09x0r",0,0,0,0,0,0,0,0
3XnL5Q6KAMY,130.0,140.0,/m/032s66,0,0,0,0,1,0,0,0
N0ILRovBwok,0.0,9.0,/m/032s66,0,0,0,0,1,0,0,0
BNMvx1eB9B8,30.0,40.0,"/m/04rlf,/t/dd00002",0,0,1,0,0,0,0,0
LGWFkv9jxDk,50.0,60.0,/m/03qc9zr,1,0,0,0,0,0,0,0
ngHmt25_--M,0.0,10.0,"/m/03kmc9,/m/09x0r,/m/0dgbq",0,0,0,0,0,0,1,0
O5mYOyhTLDo,0.0,10.0,"/m/03qc9zr,/m/09x0r,/t/dd00128",1,0,0,0,0,0,0,0
gtJmH6YAj5U,30.0,40.0,"/m/04rlf,/m/09x0r",0,0,0,0,0,0,0,0
WJIbHyRTOh8,10.0,20.0,"/m/0463cq4,/m/09x0r",0,0,1,0,0,0,0,0
rtaeGMlAvys,180.0,190.0,"/m/04rlf,/m/07p6fty,/m/09x0r",0,1,0,0,0,0,0,0
dy2JwAkmIeQ,80.0,90.0,"/m/039jq,/m/09x0r",0,0,0,0,0,1,0,0
sp63vL5h2yY,40.0,50.0,"/m/07rjzl8,/m/09x0r",0,0,0,0,0,0,0,0
UiyXsJOKBqA,30.0,40.0,/m/04rlf,0,0,0,0,0,0,0,0
nzs96SxZN6U,50.0,60.0,"/m/03qtwd,/t/dd00135",0,1,0,0,0,0,0,0
zWQ1DnL5UCY,40.0,50.0,/m/03kmc9,0,0,0,0,0,0,1,0
JQn9vuTb1VY,220.0,230.0,/m/032s66,0,0,0,0,1,0,0,0
LZqIREMh0ss,30.0,40.0,"/m/03qc9zr,/m/04rlf",1,0,0,0,0,0,0,0
mOFJrPairrQ,30.0,40.0,/t/dd00002,0,0,1,0,0,0,0,0
2xA_-JeIUlo,30.0,40.0,"/m/04rlf,/m/09x0r",0,0,0,0,0,0,0,0
h_2YSOnwzn0,230.0,240.0,"/m/015lz1,/m/04rlf,/m/07p6fty,/t/dd00126",0,1,0,0,0,0,0,0
cxYlbIAYSZc,30.0,40.0,"/m/012ndj,/m/04qvtq",0,0,0,0,0,0,1,0
LOY2kmKOSJQ,0.0,10.0,/m/039jq,0,0,0,0,0,1,0,0
YsVGyVb-sf8,30.0,40.0,"/m/09x0r,/t/dd00002",0,0,1,0,0,0,0,0
cyMpO0ZdSCo,30.0,40.0,"/m/04rlf,/m/09x0r",0,0,0,0,0,0,0,0
vqhJYScDw9k,190.0,200.0,"/m/012n7d,/m/03j1ly,/m/03kmc9",0,0,0,0,0,0,1,0
OSDlW00k4RI,30.0,40.0,"/m/07p6fty,/m/09x0r",0,1,0,0,0,0,0,0
nWR4ttq7AiA,70.0,80.0,"/m/012ndj,/m/01jwx6,/m/03j1ly,/m/07pb8fc,/m/07r04,/m/07yv9",0,0,0,0,0,0,1,0
6zC67jUGjRA,7.0,17.0,"/m/014zdl,/m/07pws3f,/m/09x0r",0,0,0,1,0,0,0,0
I1WYt6wqzVY,120.0,130.0,"/m/03qc9zr,/m/09x0r",1,0,0,0,0,0,0,0
TVc_Be4I2pY,70.0,80.0,"/g/122z_qxw,/m/09x0r",0,0,0,0,0,0,0,0
HTt2V4la41k,110.0,120.0,"/m/04rlf,/m/07pkxdp",0,0,0,0,0,0,0,0
W2MWgNVXrqA,190.0,200.0,"/m/014zdl,/m/09x0r",0,0,0,1,0,0,0,0
zEDBfCy56Fw,10.0,20.0,"/m/032s66,/m/04zjc",0,0,0,0,1,0,0,0
-cT1k8mONL0,60.0,70.0,"/m/03qc9zr,/m/04rlf,/m/09x0r",1,0,0,0,0,0,0,0
I52pXiuJBug,30.0,40.0,"/m/03j1ly,/m/03kmc9,/m/04qvtq",0,0,0,0,0,0,1,0
TEWRI1-USjw,20.0,30.0,/m/032s66,0,0,0,0,1,0,0,0
T0QQ4luYi4Y,10.0,20.0,"/m/0463cq4,/m/09x0r",0,0,1,0,0,0,0,0
Xo-TVqGP-MU,100.0,110.0,"/m/04rlf,/m/09x0r,/t/dd00125",0,0,0,0,0,0,0,0
CCpxgY8BonA,30.0,40.0,/m/09x0r,0,0,0,0,0,0,0,0
XwdvUn3lmQ8,250.0,260.0,"/m/015p6,/m/020bb7,/m/039jq,/m/07pggtn,/m/09x0r",0,0,0,0,0,1,0,0
eovrcKiM3Fk,10.0,20.0,"/m/09x0r,/t/dd00002",0,0,1,0,0,0,0,0
0ct9AETvIdE,30.0,40.0,/m/02mfyn,0,0,0,0,0,0,0,1
l40Pa_0Siw4,18.0,28.0,"/m/03j1ly,/m/03kmc9,/m/04qvtq",0,0,0,0,0,0,1,0
aQxyMipYAVo,30.0,40.0,"/m/04rlf,/m/07p6fty,/m/09x0r,/t/dd00128",0,1,0,0,0,0,0,0
H8CjnmzwHVI,30.0,40.0,"/m/09x0r,/t/dd00002",0,0,1,0,0,0,0,0
UkrcILbBaVA,50.0,60.0,"/m/039jq,/m/07q7njn,/m/07qnq_y,/m/09x0r",0,0,0,0,0,1,0,0
neyvfbFjK4Y,260.0,270.0,"/m/07pp_mv,/m/0c3f7m",0,0,0,0,0,0,0,1
9UhhRu-0iyA,0.0,10.0,"/m/03qc9zr,/m/04rlf",1,0,0,0,0,0,0,0
uY8WQqoa2lM,0.0,10.0,"/m/0261r1,/m/0463cq4,/m/09x0r",0,0,1,0,0,0,0,0
qVG1g0dfVDA,300.0,310.0,"/m/04rlf,/m/09x0r,/m/0g6b5",0,0,0,1,0,0,0,0
gC51xYL23VI,0.0,10.0,"/m/015lz1,/m/04rlf,/m/0glt670",0,0,0,0,0,0,0,0
vaRSHAVg_2M,13.0,23.0,/m/012ndj,0,0,0,0,0,0,1,0
Tvd6wM5XD4A,30.0,40.0,"/m/03qc9zr,/m/09x0r",1,0,0,0,0,0,0,0
2P8QBJPzIiI,430.0,440.0,"/m/03qtwd,/m/07qfr4h,/m/09x0r,/m/0g6b5",0,0,0,1,0,0,0,0
IVSi6pifoB4,280.0,290.0,"/m/03qtwd,/m/053hz1,/t/dd00135",0,1,0,0,0,0,0,0
-60bBlFvY4U,190.0,200.0,"/m/03qtwd,/m/053hz1,/t/dd00135",0,1,0,0,0,0,0,0
3vAgJ-2BRt0,30.0,40.0,"/m/04rlf,/m/09x0r",0,0,0,0,0,0,0,0
r6BaVaUr5RA,30.0,40.0,"/m/01h8n0,/m/09x0r",0,0,0,0,0,0,0,0
8LL5eIgMrSk,30.0,40.0,/m/09x0r,0,0,0,0,0,0,0,0
4fBmFbiqSOw,30.0,40.0,"/m/01y3hg,/m/09x0r",0,0,0,0,0,0,0,1
bMOXvzc199Y,30.0,40.0,"/m/09x0r,/m/0g6b5,/t/dd00128",0,0,0,1,0,0,0,0
QzMAVUJKfO8,20.0,30.0,/m/02mfyn,0,0,0,0,0,0,0,1
F3L96k37Sl8,30.0,40.0,/t/dd00002,0,0,1,0,0,0,0,0
ryFfzWTLpqI,180.0,190.0,/m/0c3f7m,0,0,0,0,0,0,0,1
Hj14uLJCpEI,30.0,40.0,/m/02mfyn,0,0,0,0,0,0,0,1
8-QA4dzc5y0,30.0,40.0,"/m/04rlf,/m/09x0r",0,0,0,0,0,0,0,0
yTTiQEZzNBc,0.0,6.0,"/m/0395lw,/m/039jq",0,0,0,0,0,1,0,0
VrY4RAOol24,4.0,14.0,/m/014zdl,0,0,0,1,0,0,0,0
BwfQv6X1fmI,30.0,40.0,"/m/04rlf,/m/06rqw,/m/0ln16",0,0,0,0,0,0,0,0
05xfC14m3bA,30.0,40.0,/m/09x0r,0,0,0,0,0,0,0,0
VUbO1dwu1oc,0.0,10.0,"/m/0463cq4,/m/09x0r",0,0,1,0,0,0,0,0
YF6K8U0xi4g,430.0,440.0,"/m/039jq,/m/09x0r",0,0,0,0,0,1,0,0
h_ECXv_Ex8E,20.0,30.0,"/m/03qc9zr,/m/09x0r,/m/0ytgt",1,0,0,0,0,0,0,0
fO8LY-6eG9I,16.0,26.0,/m/03kmc9,0,0,0,0,0,0,1,0
ThP9FpUpwkQ,0.0,10.0,"/m/0463cq4,/m/09x0r",0,0,1,0,0,0,0,0
OSin8gV8n-U,30.0,40.0,"/m/032s66,/m/073cg4",0,0,0,0,1,0,0,0
wQAwZBS67QQ,10.0,20.0,"/m/039jq,/m/07rn7sz",0,0,0,0,0,1,0,0
JFiOinJF6U0,20.0,30.0,/m/09x0r,0,0,0,0,0,0,0,0
BSPjTGVP1I4,30.0,40.0,"/m/032s66,/m/04zjc",0,0,0,0,1,0,0,0
ON_S2eB-RYs,0.0,10.0,"/m/0463cq4,/m/09x0r",0,0,1,0,0,0,0,0
BjqvT5KVUsw,300.0,310.0,"/m/04rlf,/m/07p6fty,/m/09x0r,/t/dd00126",0,1,0,0,0,0,0,0
S37GJJGhRus,130.0,140.0,/m/09x0r,0,0,0,0,0,0,0,0
JdeC-q_rhjY,430.0,440.0,"/m/039jq,/m/04rlf",0,0,0,0,0,1,0,0
hpzLi4Cp2Dw,30.0,40.0,/m/04rlf,0,0,0,0,0,0,0,0
QH8DfzBdtbk,30.0,40.0,/m/04rlf,0,0,0,0,0,0,0,0
3jBcoq54cyA,420.0,430.0,/m/09x0r,0,0,0,0,0,0,0,0
Yl7Rfw7xB90,50.0,60.0,"/m/01hgjl,/m/09x0r",0,0,0,0,0,0,0,0
3ZovVuPWwuI,20.0,30.0,"/m/04rlf,/m/09x0r",0,0,0,0,0,0,0,0
SXb6fnzjCr8,0.0,7.0,"/m/014zdl,/m/07qsvvw",0,0,0,1,0,0,0,0
uQw4BjJHlLQ,0.0,10.0,"/m/03qc9zr,/m/04rlf,/m/09x0r",1,0,0,0,0,0,0,0
OUV58Cw87oY,30.0,40.0,"/m/032s66,/m/0_1c",0,0,0,0,1,0,0,0
bs2e0PglyTQ,10.0,20.0,"/m/025rv6n,/m/032s66,/m/07qwf61,/m/0dbvp",0,0,0,0,1,0,0,0
-6n82E5zyuY,70.0,80.0,"/m/01x3z,/m/046dlr,/m/07pp_mv",0,0,0,0,0,0,0,1
c-3f39Vv_B0,30.0,40.0,/m/039jq,0,0,0,0,0,1,0,0
h6v_duBHnJM,0.0,10.0,"/g/122z_qxw,/m/04rlf,/m/0g6b5",0,0,0,1,0,0,0,0
qhOroBS6WNQ,30.0,40.0,"/m/03qc9zr,/m/09x0r",1,0,0,0,0,0,0,0
zH1HMCVzl3E,0.0,10.0,"/m/032s66,/m/04zjc",0,0,0,0,1,0,0,0
8lJhwGR7izQ,30.0,40.0,"/m/09x0r,/t/dd00002",0,0,1,0,0,0,0,0
J-rXHU6rbf8,11.0,21.0,/m/09x0r,0,0,0,0,0,0,0,0
ESDjaHAL0eY,30.0,40.0,"/m/04rlf,/m/05r6t",0,0,0,0,0,0,0,0
Hp3kmf0_XrQ,180.0,190.0,/m/039jq,0,0,0,0,0,1,0,0
wH4V2_BWnTQ,170.0,180.0,"/m/03qtwd,/m/053hz1,/t/dd00135",0,1,0,0,0,0,0,0
GcsT_deIZhw,30.0,40.0,/m/03kmc9,0,0,0,0,0,0,1,0
1B-v9D4e41w,130.0,140.0,"/m/015lz1,/m/04rlf,/t/dd00126",0,0,0,0,0,0,0,0
4V4xsJv9mb4,10.0,20.0,"/m/02fsn,/m/0342h,/m/04rlf,/m/04szw,/m/07y_7,/m/09x0r,/m/0fx80y,/m/0ggq0m,/m/0l14_3",0,0,0,0,0,0,0,0
6m9RSmLeC6M,40.0,50.0,/m/0c3f7m,0,0,0,0,0,0,0,1
Ri0vScq2odc,40.0,50.0,"/m/07pp_mv,/m/0c3f7m",0,0,0,0,0,0,0,1
-__L3T1Yv_4,330.0,340.0,/m/0g6b5,0,0,0,1,0,0,0,0
6oHxYoqDBR4,1.0,11.0,"/m/014zdl,/m/04rlf,/m/07qsvvw",0,0,0,1,0,0,0,0
qfOeXfna37g,440.0,450.0,"/m/015lz1,/m/04rlf,/m/07p6fty,/t/dd00126",0,1,0,0,0,0,0,0
D6QXcMctr54,230.0,240.0,"/m/09x0r,/m/0g6b5",0,0,0,1,0,0,0,0
lfQmtBTAnkM,30.0,35.0,/m/09x0r,0,0,0,0,0,0,0,0
NgIDH-gxCsw,30.0,40.0,"/m/04rlf,/m/09x0r",0,0,0,0,0,0,0,0
ByuuOr69EtU,40.0,50.0,"/m/04rlf,/m/07p6fty,/m/09x0r,/t/dd00126",0,1,0,0,0,0,0,0
P-3o1gZUUUc,30.0,40.0,/m/09x0r,0,0,0,0,0,0,0,0
5YB13i75Nr4,60.0,70.0,"/m/04rlf,/m/07p6fty",0,1,0,0,0,0,0,0
3z38lhPtDhk,130.0,140.0,/m/032s66,0,0,0,0,1,0,0,0
nvAZ2uo38oY,30.0,40.0,"/m/015p6,/m/09x0r,/m/0h0rv,/t/dd00125",0,0,0,0,0,0,0,0
tlZku-U0-GY,30.0,40.0,"/m/09x0r,/t/dd00002",0,0,1,0,0,0,0,0
0rZzd93pUHs,30.0,40.0,"/m/03qc9zr,/m/04rlf,/m/09x0r",1,0,0,0,0,0,0,0
k9YfSvMiUX0,30.0,40.0,"/m/01y3hg,/m/07pp_mv,/m/09x0r",0,0,0,0,0,0,0,1
thEJ_4Zxmm0,17.0,27.0,/m/02mfyn,0,0,0,0,0,0,0,1
WyQKm2TcNF8,280.0,290.0,"/m/04qvtq,/m/04rlf",0,0,0,0,0,0,1,0
0hqmp7PcV8E,30.0,40.0,/m/04rlf,0,0,0,0,0,0,0,0
IkH0Enpfy2U,2.0,12.0,"/m/07yv9,/m/09x0r,/t/dd00067",0,0,0,0,0,0,0,0
kqMAqmNmrlo,20.0,30.0,/m/0g6b5,0,0,0,1,0,0,0,0
c33J0RzBC5s,3.0,13.0,"/m/012f08,/m/04qvtq,/m/07yv9,/m/0k4j",0,0,0,0,0,0,1,0
iKGf41v3ACc,270.0,280.0,"/m/0463cq4,/m/09x0r",0,0,1,0,0,0,0,0
dqtWOGgIuHo,20.0,30.0,"/m/0463cq4,/m/09x0r",0,0,1,0,0,0,0,0
nOyVUdqe_Z0,0.0,8.0,"/m/039jq,/m/04rlf,/m/07pc8lb,/m/07rn7sz",0,0,0,0,0,1,0,0
mvL3M3ZOsVQ,120.0,130.0,"/m/03qtwd,/m/053hz1,/t/dd00135",0,1,0,0,0,0,0,0
pwBTPDXuLbg,10.0,20.0,"/m/04rlf,/m/06by7,/m/07p6fty,/m/09x0r",0,1,0,0,0,0,0,0
VaO3e-N6fjo,190.0,200.0,"/m/03qtwd,/m/053hz1,/t/dd00135",0,1,0,0,0,0,0,0
J4E4cniHau0,30.0,40.0,"/m/019jd,/m/02rlv9,/m/07yv9,/m/09x0r",0,0,0,0,0,0,0,0
Zh1MgzHj2SM,0.0,10.0,"/m/032s66,/m/04zjc",0,0,0,0,1,0,0,0
clckt2_kzs0,20.0,30.0,"/m/09x0r,/t/dd00002",0,0,1,0,0,0,0,0
KtNVnByRvyc,200.0,210.0,"/m/09x0r,/t/dd00125",0,0,0,0,0,0,0,0
TeBqYo7y_IE,140.0,150.0,"/m/03qtwd,/m/053hz1,/t/dd00135",0,1,0,0,0,0,0,0
pzaLqsvD5oQ,4.0,14.0,"/m/012ndj,/m/03j1ly,/m/07q2z82,/m/07r04,/m/07yv9,/m/09x0r",0,0,0,0,0,0,1,0
XfgvxxFLwcY,30.0,40.0,/m/04rlf,0,0,0,0,0,0,0,0
d4m-SGL0-m8,210.0,220.0,"/m/032s66,/m/04zjc",0,0,0,0,1,0,0,0
26NQNb3y7xU,30.0,40.0,/m/0g6b5,0,0,0,1,0,0,0,0
zfM6rfQifVI,11.0,21.0,"/m/07q2z82,/m/07yv9,/m/09x0r,/m/0k4j",0,0,0,0,0,0,0,0
0wRkcrgpFCM,300.0,310.0,"/m/039jq,/m/04rlf",0,0,0,0,0,1,0,0
zmzJPuIYveY,230.0,240.0,/m/04rlf,0,0,0,0,0,0,0,0
afSWuZ3fxTc,5.0,15.0,/m/04qvtq,0,0,0,0,0,0,1,0
19xOdmAZ_5Q,40.0,50.0,/m/09x0r,0,0,0,0,0,0,0,0
DLy9fA2uQyY,30.0,40.0,/m/032s66,0,0,0,0,1,0,0,0
mLmed2Ycwfk,30.0,40.0,"/m/03qc9zr,/m/0463cq4,/m/09x0r,/m/0ytgt",1,0,1,0,0,0,0,0
7kL7i5VdAT4,30.0,40.0,"/m/03qc9zr,/m/03qtwd,/m/09x0r",1,0,0,0,0,0,0,0
4WhdXSZWiPQ,30.0,40.0,/m/09x0r,0,0,0,0,0,0,0,0
99v6k54fbZc,30.0,40.0,"/m/012ndj,/m/03j1ly,/m/07r04,/m/07yv9,/m/09x0r,/m/0k4j",0,0,0,0,0,0,1,0
BA1roZkCVgs,30.0,40.0,"/m/03k3r,/m/04rlf,/m/07rv9rh,/m/09x0r,/m/0jbk",0,0,0,0,0,0,0,0
2QPgoaJyP8Q,10.0,20.0,"/m/039jq,/m/04k94,/m/04rlf,/m/07q7njn,/m/09x0r",0,0,0,0,0,1,0,0
ZGLhTg7ZGdA,10.0,20.0,/m/0g6b5,0,0,0,1,0,0,0,0
AYpXZRPFFp0,5.0,15.0,"/m/03qc9zr,/m/04rlf",1,0,0,0,0,0,0,0
kVtj0bAYAF8,0.0,10.0,/m/0463cq4,0,0,1,0,0,0,0,0
5EJvhqOelIU,40.0,50.0,"/m/039jq,/m/09x0r",0,0,0,0,0,1,0,0
g9yPpmIdZ0U,40.0,50.0,"/m/04rlf,/m/07p6fty,/m/09x0r",0,1,0,0,0,0,0,0
8Lh1s1Tre3s,24.0,34.0,"/m/014zdl,/m/09x0r",0,0,0,1,0,0,0,0
vB8KPZxItEQ,300.0,310.0,/m/09x0r,0,0,0,0,0,0,0,0
qk498u-EGQA,310.0,320.0,/m/032s66,0,0,0,0,1,0,0,0
nADvZhTdnKw,30.0,40.0,"/m/032s66,/m/0_1c",0,0,0,0,1,0,0,0
8mP7OU-eJpM,20.0,30.0,/m/0g6b5,0,0,0,1,0,0,0,0
2x43exdQ5bo,30.0,40.0,"/m/09x0r,/t/dd00002",0,0,1,0,0,0,0,0
qXKHTD7soSI,50.0,60.0,/m/0c3f7m,0,0,0,0,0,0,0,1
X57kxGGTXdo,100.0,110.0,"/m/07pp_mv,/m/09x0r",0,0,0,0,0,0,0,1
JPTBkETjuxc,10.0,20.0,"/m/01y3hg,/m/07pp_mv",0,0,0,0,0,0,0,1
QNg9VBistlU,40.0,50.0,"/m/07pp_mv,/m/09x0r",0,0,0,0,0,0,0,1
7_pVKfnNGT8,120.0,130.0,"/m/04rlf,/m/04szw,/m/0dwsp,/m/0l14md",0,0,0,0,0,0,0,0
-mvGA8duqKM,29.0,39.0,"/m/09x0r,/t/dd00002",0,0,1,0,0,0,0,0
6QrT_LS43Zs,30.0,40.0,/m/04rlf,0,0,0,0,0,0,0,0
79POyHO-x-Q,4.0,14.0,/t/dd00002,0,0,1,0,0,0,0,0
1QB3pLFnEgE,30.0,40.0,"/m/04rlf,/m/09x0r",0,0,0,0,0,0,0,0
pJ59lhK2sl0,0.0,10.0,"/m/039jq,/m/04k94,/m/0838f",0,0,0,0,0,1,0,0
HkFjchxJevQ,14.0,24.0,/m/0463cq4,0,0,1,0,0,0,0,0
XFyEl1F9udY,70.0,80.0,"/m/03qc9zr,/m/04rlf,/m/07r660_,/m/09x0r",1,0,0,0,0,0,0,0
6J47PWNpp5o,10.0,20.0,/m/032s66,0,0,0,0,1,0,0,0
i-3Q3SXrtkU,30.0,40.0,/m/04rlf,0,0,0,0,0,0,0,0
JYQ_ERWUyAM,30.0,40.0,"/m/04rlf,/m/04szw,/m/07y_7",0,0,0,0,0,0,0,0
dR7pY6a0oxY,180.0,190.0,/m/03qtwd,0,0,0,0,0,0,0,0
jwOa8AgxN24,10.0,20.0,"/m/015lz1,/m/0342h,/m/04rlf,/m/04szw,/m/07p6fty",0,1,0,0,0,0,0,0
8Pg5rMrT9fs,30.0,40.0,"/m/04rlf,/m/09x0r",0,0,0,0,0,0,0,0
TysMutVPuxA,40.0,50.0,/m/0463cq4,0,0,1,0,0,0,0,0
hrP48zzdJMo,20.0,30.0,/m/0463cq4,0,0,1,0,0,0,0,0
Y3VVwVL6VPU,30.0,40.0,"/m/03qtwd,/m/053hz1,/t/dd00135",0,1,0,0,0,0,0,0
LkfUrrBiqss,30.0,40.0,"/m/09x0r,/t/dd00125",0,0,0,0,0,0,0,0
G-BLJvG_2So,30.0,40.0,"/m/04rlf,/m/09x0r",0,0,0,0,0,0,0,0
TO2OTrhephI,200.0,210.0,"/m/04rlf,/m/07p6fty",0,1,0,0,0,0,0,0
Nrj5vv4Yp4Y,250.0,260.0,/m/032s66,0,0,0,0,1,0,0,0
d6t-hzyQ1Y4,150.0,160.0,"/m/03qtwd,/m/053hz1,/t/dd00135",0,1,0,0,0,0,0,0
c_XXBZDfz8M,470.0,480.0,"/m/032s66,/m/09x0r",0,0,0,0,1,0,0,0
PFsJ6yhdlaE,0.0,7.0,"/m/09x0r,/t/dd00002",0,0,1,0,0,0,0,0
fzTH5B6YooE,100.0,110.0,"/m/04qvtq,/t/dd00125",0,0,0,0,0,0,1,0
ZX6kVfCPE8U,4.0,14.0,/m/01y3hg,0,0,0,0,0,0,0,1
Mb-E8iWFwcM,30.0,40.0,/m/09x0r,0,0,0,0,0,0,0,0
DRk1rfp90wk,30.0,40.0,"/m/012n7d,/m/03j1ly,/m/03kmc9",0,0,0,0,0,0,1,0
J94JtppGqTk,30.0,40.0,"/m/03qc9zr,/m/04rlf,/m/07pdhp0,/m/09x0r,/m/0c1dj",1,0,0,0,0,0,0,0
B9ZQcIBD4rA,30.0,40.0,"/m/014zdl,/m/07pxg6y,/m/09x0r",0,0,0,1,0,0,0,0
lGttYO2WqCk,30.0,40.0,"/m/03qtwd,/m/053hz1,/t/dd00135",0,1,0,0,0,0,0,0
LmOcYiQxg24,30.0,40.0,"/m/0463cq4,/t/dd00002",0,0,1,0,0,0,0,0
VFLbkRntnRI,30.0,40.0,"/m/06h7j,/m/09x0r,/t/dd00128",0,0,0,0,0,0,0,0
KAVSo3lyDJQ,20.0,30.0,"/m/04qvtq,/m/07pp_mv,/m/07yv9,/m/09x0r",0,0,0,0,0,0,1,1
uX-UdvGQwdk,10.0,20.0,"/m/0463cq4,/m/09x0r,/t/dd00125",0,0,1,0,0,0,0,0
-gb5uvwsRpI,30.0,40.0,"/m/03qc9zr,/m/07pzfmf,/m/07s2xch,/m/09x0r",1,0,0,0,0,0,0,0
8b12NfeIArY,60.0,70.0,"/m/0463cq4,/m/09x0r",0,0,1,0,0,0,0,0
rjfYSRH8DYY,30.0,40.0,"/m/039jq,/m/09x0r",0,0,0,0,0,1,0,0
-R0H-F4VZrI,0.0,10.0,"/m/03qtwd,/m/053hz1,/t/dd00135",0,1,0,0,0,0,0,0
6Pp1KMNaTJg,30.0,40.0,"/m/014zdl,/m/07qsvvw",0,0,0,1,0,0,0,0
hpz9S0UGj1M,20.0,30.0,/m/0463cq4,0,0,1,0,0,0,0,0
MJVQ_Q1yMBY,25.0,35.0,"/m/012ndj,/m/02mk9,/m/03j1ly,/m/07r04,/m/07yv9,/t/dd00066",0,0,0,0,0,0,1,0
dorWrFpbMo4,290.0,300.0,"/m/07pp_mv,/m/09x0r",0,0,0,0,0,0,0,1
9TyKnaTwgqw,10.0,20.0,"/m/03qtwd,/m/053hz1,/t/dd00135",0,1,0,0,0,0,0,0
E1XZEPZG6s4,30.0,40.0,"/m/03qtwd,/t/dd00135",0,1,0,0,0,0,0,0
l56Hy5nHNBY,50.0,60.0,/m/0463cq4,0,0,1,0,0,0,0,0
Q5-qDJUOma0,110.0,120.0,"/m/032s66,/m/04rlf",0,0,0,0,1,0,0,0
bN3ipVSpvIo,0.0,8.0,"/m/039jq,/m/07pc8lb,/m/0c1dj",0,0,0,0,0,1,0,0
xrLTDt0pDgs,30.0,40.0,"/m/04rlf,/m/09x0r",0,0,0,0,0,0,0,0
TEShIlPdMf8,10.0,20.0,"/m/0463cq4,/m/09x0r",0,0,1,0,0,0,0,0
O2O53lN7wQI,30.0,40.0,/m/032s66,0,0,0,0,1,0,0,0
NegcbiFuUcw,40.0,50.0,"/g/122z_qxw,/m/09x0r,/m/0g6b5",0,0,0,1,0,0,0,0
XbtTyQ62N2A,90.0,100.0,"/m/03qtwd,/m/053hz1,/t/dd00135",0,1,0,0,0,0,0,0
RxXFngutA-4,10.0,20.0,"/m/0463cq4,/m/04rlf,/m/068hy,/m/07qf0zm,/m/09x0r,/m/0bt9lr,/m/0jbk",0,0,1,0,0,0,0,0
V0H1J5Umung,10.0,20.0,"/m/09x0r,/m/0c3f7m",0,0,0,0,0,0,0,1
iEY2uNZDF5s,21.0,31.0,/m/04qvtq,0,0,0,0,0,0,1,0
8aHFPrzZ2pQ,30.0,40.0,/m/032s66,0,0,0,0,1,0,0,0
8gsPutoXqbA,30.0,40.0,/m/09x0r,0,0,0,0,0,0,0,0
zfI3S4Pgqg0,5.0,15.0,"/m/01y3hg,/m/02fs_r,/m/0c3f7m",0,0,0,0,0,0,0,1
CbDcTOiYn4k,480.0,490.0,"/m/039jq,/m/04rlf",0,0,0,0,0,1,0,0
e9dTE-fMs6Q,40.0,50.0,"/m/03qc9zr,/m/04rlf",1,0,0,0,0,0,0,0
Nd4nFQltKDo,20.0,30.0,/m/0g6b5,0,0,0,1,0,0,0,0
5Jx4ngx5WEo,30.0,40.0,"/m/014zdl,/m/07qsvvw,/m/09x0r",0,0,0,1,0,0,0,0
1ZHUOVBPDeM,560.0,570.0,"/m/03qc9zr,/m/09x0r",1,0,0,0,0,0,0,0
h30Juz3Wtb8,150.0,160.0,"/m/03qtwd,/m/053hz1,/t/dd00135",0,1,0,0,0,0,0,0
StqIV7RBxeo,30.0,40.0,"/m/04rlf,/m/09x0r",0,0,0,0,0,0,0,0
cywR-BsC6Vs,30.0,40.0,"/m/04rlf,/m/09x0r",0,0,0,0,0,0,0,0
KLAI62kdOJU,30.0,40.0,"/m/09x0r,/t/dd00002",0,0,1,0,0,0,0,0
A-FTzmp8aJ4,30.0,40.0,/m/09x0r,0,0,0,0,0,0,0,0
OCCOTFmeb8M,30.0,40.0,"/m/0463cq4,/m/09x0r",0,0,1,0,0,0,0,0
J4f_cRMAZiU,190.0,200.0,"/m/03qc9zr,/m/09x0r",1,0,0,0,0,0,0,0
3bJJj6UGOqs,50.0,60.0,"/m/09x0r,/t/dd00002,/t/dd00125",0,0,1,0,0,0,0,0
ZDnjINYsBMM,30.0,40.0,"/m/09x0r,/t/dd00002",0,0,1,0,0,0,0,0
K4XfNEKhcPg,0.0,10.0,"/g/122z_qxw,/m/0g6b5",0,0,0,1,0,0,0,0
ZgotRSJmIGQ,110.0,120.0,"/m/03qc9zr,/m/09x0r,/t/dd00128",1,0,0,0,0,0,0,0
pbwipUhB3bc,80.0,90.0,"/m/015lz1,/m/04rlf,/m/064t9,/m/07p6fty,/t/dd00126",0,1,0,0,0,0,0,0
Sx9M_Gd90vs,40.0,50.0,"/m/03j1ly,/m/03kmc9,/m/04qvtq",0,0,0,0,0,0,1,0
6-Gk-9z6mfc,30.0,40.0,/m/09x0r,0,0,0,0,0,0,0,0
C4D7I_u59es,370.0,380.0,"/m/07p6fty,/m/09x0r",0,1,0,0,0,0,0,0
hengZ-nCjRk,20.0,30.0,"/m/04rlf,/m/09x0r,/t/dd00002",0,0,1,0,0,0,0,0
t3dD_tMwB-E,130.0,140.0,"/m/012f08,/m/012n7d,/m/07yv9",0,0,0,0,0,0,1,0
6j76kSyiOCA,90.0,100.0,/m/014zdl,0,0,0,1,0,0,0,0
hTaCcZQfqlk,130.0,140.0,"/m/02v2lh,/m/04rlf",0,0,0,0,0,0,0,0
EaWgRebj45s,100.0,110.0,"/m/039jq,/m/04rlf",0,0,0,0,0,1,0,0
Mkxf0ATFRbY,70.0,80.0,"/m/04rlf,/m/06by7,/m/07p6fty",0,1,0,0,0,0,0,0
wXKeeDYF3VA,60.0,70.0,/m/09x0r,0,0,0,0,0,0,0,0
5u5WXd-kaSs,30.0,40.0,/m/04rlf,0,0,0,0,0,0,0,0
PlWAeaPGjsM,19.0,29.0,"/m/02lkt,/m/04rlf,/m/07s72n",0,0,0,0,0,0,0,0
Czmb6tEwFE8,0.0,5.0,/m/03qc9zr,1,0,0,0,0,0,0,0
aYooy2KcKbE,30.0,40.0,/m/03kmc9,0,0,0,0,0,0,1,0
YK9dFkJhtZI,230.0,240.0,/m/03qc9zr,1,0,0,0,0,0,0,0
pMG6xMQ-oUw,30.0,40.0,/m/04rlf,0,0,0,0,0,0,0,0
nfFw79H-nlU,60.0,70.0,"/m/032s66,/m/04zjc",0,0,0,0,1,0,0,0
PRzjgJxBP5M,10.0,20.0,"/m/09x0r,/m/0g6b5",0,0,0,1,0,0,0,0
69Yg44-C3Bs,30.0,40.0,"/m/014zdl,/m/09x0r",0,0,0,1,0,0,0,0
o9t-CyTgpTg,330.0,340.0,"/m/03qtwd,/m/053hz1,/t/dd00135",0,1,0,0,0,0,0,0
2oWTeqBqVmo,30.0,40.0,"/m/04rlf,/m/09x0r,/t/dd00003",0,0,0,0,0,0,0,0
7Z8Y1QuzCWU,100.0,110.0,"/m/09x0r,/m/0c3f7m",0,0,0,0,0,0,0,1
xRV0L4WITNw,120.0,130.0,"/m/032s66,/m/04zjc",0,0,0,0,1,0,0,0
X_B3rT-XrxQ,70.0,80.0,"/m/032s66,/m/07qnq_y,/m/09x0r",0,0,0,0,1,0,0,0
FY8fTM9RLmQ,140.0,150.0,"/m/03qtwd,/m/053hz1,/t/dd00135",0,1,0,0,0,0,0,0
sQB4lI2CmE8,0.0,10.0,"/m/07k1x,/m/09x0r,/m/0_ksk",0,0,0,0,0,0,0,0
BRMuZqu-nZ8,140.0,150.0,"/m/0463cq4,/m/09x0r",0,0,1,0,0,0,0,0
XL-jcfkMMtI,190.0,200.0,"/m/04rlf,/m/07p6fty,/m/07q4ntr",0,1,0,0,0,0,0,0
r-Dj_GA1y6o,50.0,60.0,"/m/03wwcy,/m/07pp_mv,/m/09x0r",0,0,0,0,0,0,0,1
aAeC6MmRhk0,0.0,6.0,"/m/014zdl,/m/09x0r",0,0,0,1,0,0,0,0
uY7Ce33TY3U,7.0,17.0,"/m/019jd,/m/02rlv9,/m/07yv9,/m/09x0r",0,0,0,0,0,0,0,0
vRZmRfTxk1o,170.0,180.0,/m/01y3hg,0,0,0,0,0,0,0,1
5HLtWL596EI,30.0,40.0,"/m/04rlf,/m/06j6l",0,0,0,0,0,0,0,0
U7_IlUYZKa0,0.0,10.0,"/m/039jq,/m/07pc8lb",0,0,0,0,0,1,0,0
luIlvzxKa_M,270.0,280.0,"/m/03qtwd,/m/07p6fty",0,1,0,0,0,0,0,0
yF5FyhCg2uk,30.0,40.0,"/m/04qvtq,/m/04rlf",0,0,0,0,0,0,1,0
6hLxgahSzMw,10.0,20.0,"/m/019jd,/m/05kq4,/m/07p6mqd,/m/07yv9,/m/09x0r",0,0,0,0,0,0,0,0
VqL0ViLZzEk,30.0,40.0,/m/09x0r,0,0,0,0,0,0,0,0
WLjjbOBFt8g,440.0,450.0,"/m/03qc9zr,/m/04rlf,/m/09x0r",1,0,0,0,0,0,0,0
2mE6BPJhW3A,30.0,40.0,"/m/04rlf,/m/0c3f7m",0,0,0,0,0,0,0,1
TOF7t9S-y-4,30.0,40.0,"/m/04rlf,/t/dd00034",0,0,0,0,0,0,0,0
3OWIDXgdd_Q,30.0,40.0,"/m/03kmc9,/m/0dgbq",0,0,0,0,0,0,1,0
qKVd3qbvbx4,20.0,30.0,"/m/0463cq4,/m/04rlf",0,0,1,0,0,0,0,0
_QHzUYRRoeQ,10.0,20.0,"/m/01j3sz,/m/03qc9zr",1,0,0,0,0,0,0,0
-mGX2wYBZlY,70.0,80.0,"/m/039jq,/m/07rn7sz",0,0,0,0,0,1,0,0
92sUlaBcpoo,10.0,20.0,/m/09x0r,0,0,0,0,0,0,0,0
KNpP13SK1d8,30.0,40.0,"/m/04rlf,/m/09x0r",0,0,0,0,0,0,0,0
chroZmHXCUA,140.0,150.0,"/m/01j3sz,/m/07p6fty,/m/09x0r",0,1,0,0,0,0,0,0
ajT7ACfhREs,0.0,9.0,/m/09x0r,0,0,0,0,0,0,0,0
SeujMaxUfc8,30.0,40.0,"/m/04rlf,/m/04szw,/m/07y_7",0,0,0,0,0,0,0,0
rEoh_58AvbQ,90.0,100.0,"/m/039jq,/m/03qtwd,/m/04rlf,/m/07q7njn,/m/09x0r,/t/dd00127",0,0,0,0,0,1,0,0
rAkHdcs1nVY,0.0,3.0,/t/dd00002,0,0,1,0,0,0,0,0
PSpznDznL-c,40.0,50.0,"/m/0463cq4,/m/09x0r,/t/dd00125",0,0,1,0,0,0,0,0
89guXJb09TE,30.0,40.0,/m/09x0r,0,0,0,0,0,0,0,0
Rqloc1aVEyM,10.0,20.0,"/m/07yv9,/m/09x0r,/m/0k4j,/m/0ltv",0,0,0,0,0,0,0,0
2-RBVkZKJ54,50.0,60.0,"/m/03qtwd,/m/053hz1,/t/dd00135",0,1,0,0,0,0,0,0
Wi9r-Iozrfg,20.0,30.0,"/m/032s66,/m/04rlf,/m/09x0r",0,0,0,0,1,0,0,0
JTblOMoHXOg,30.0,40.0,"/m/03kmc9,/m/04qvtq,/m/0dgbq",0,0,0,0,0,0,1,0
lzXps_FHUwI,230.0,240.0,"/m/04rlf,/m/07p6fty,/m/07rwj3x,/t/dd00126",0,1,0,0,0,0,0,0
BbTpoFZbLvw,0.0,10.0,/m/03qc9zr,1,0,0,0,0,0,0,0
OcWiK4cyEGA,250.0,260.0,"/m/032s66,/m/09x0r",0,0,0,0,1,0,0,0
uUXDACKxRJA,150.0,160.0,/m/02mfyn,0,0,0,0,0,0,0,1
p9pk8qufvyc,70.0,80.0,"/m/03j1ly,/m/03kmc9,/m/04qvtq",0,0,0,0,0,0,1,0
2xuqTLjNyaA,40.0,50.0,/m/0c3f7m,0,0,0,0,0,0,0,1
c5U5rt-TuZA,360.0,370.0,"/m/014zdl,/m/09x0r,/t/dd00129",0,0,0,1,0,0,0,0
buTqU9oQ5mo,30.0,40.0,/m/032s66,0,0,0,0,1,0,0,0
Nfahh66N1Ek,30.0,40.0,/m/09x0r,0,0,0,0,0,0,0,0
dQ14HdpnuVA,30.0,40.0,"/m/032s66,/m/04zjc",0,0,0,0,1,0,0,0
u0XW85t94iI,220.0,230.0,"/m/03qtwd,/t/dd00135",0,1,0,0,0,0,0,0
CAcS4D26aO0,20.0,30.0,"/m/012ndj,/m/03j1ly,/m/03kmc9",0,0,0,0,0,0,1,0
aIwWQgG2xPw,30.0,40.0,"/m/014zdl,/m/04rlf,/m/07pxg6y",0,0,0,1,0,0,0,0
41JNauxo3N8,7.0,17.0,"/m/09x0r,/t/dd00002",0,0,1,0,0,0,0,0
2eqwsBYZ4lk,30.0,40.0,"/m/01y3hg,/m/030rvx,/m/09x0r",0,0,0,0,0,0,0,1
o9kMOSqtlMI,30.0,40.0,/m/03kmc9,0,0,0,0,0,0,1,0
pJx1cEZrlMk,20.0,30.0,"/m/04rlf,/m/07p6fty,/m/09x0r",0,1,0,0,0,0,0,0
Iqk-9sRpPug,50.0,60.0,"/m/03qc9zr,/m/03qtwd,/m/053hz1",1,0,0,0,0,0,0,0
3uUCjXOapM4,11.0,21.0,/t/dd00002,0,0,1,0,0,0,0,0
yxDcwX2B1fk,30.0,40.0,"/m/04rlf,/m/09x0r",0,0,0,0,0,0,0,0
0npLQ4LzD0c,40.0,50.0,/m/02mfyn,0,0,0,0,0,0,0,1
wGTM2tePU5I,21.0,31.0,"/m/07qz6j3,/t/dd00002",0,0,1,0,0,0,0,0
BQXhimoeMZ0,130.0,140.0,"/m/0463cq4,/m/09x0r",0,0,1,0,0,0,0,0
3VzQOyIFQzE,30.0,40.0,"/m/0342h,/m/04rlf,/m/04szw,/m/07s0s5r,/m/0fx80y",0,0,0,0,0,0,0,0
XcJmijzBe6M,0.0,8.0,"/m/02dgv,/m/0463cq4,/m/09x0r",0,0,1,0,0,0,0,0
9PSavGJXgWM,30.0,40.0,"/m/02lkt,/m/04rlf,/m/07gxw",0,0,0,0,0,0,0,0
VntQ5RWrK_Q,30.0,40.0,"/m/03kmc9,/m/0dgbq",0,0,0,0,0,0,1,0
evWfVpNv7Vc,0.0,10.0,"/m/012n7d,/m/03j1ly,/m/03kmc9,/m/04qvtq",0,0,0,0,0,0,1,0
xwG8J4wjA-o,90.0,100.0,"/m/015lz1,/m/04rlf,/m/064t9,/m/07p6fty",0,1,0,0,0,0,0,0
Dn0odC1_wLI,30.0,40.0,"/m/03qtwd,/m/053hz1,/t/dd00135",0,1,0,0,0,0,0,0
9XtBx5HwlOc,100.0,110.0,"/m/012n7d,/m/012ndj,/m/03j1ly,/m/03kmc9,/m/04qvtq",0,0,0,0,0,0,1,0
KwZbz18jmMc,0.0,10.0,"/m/04rlf,/m/07p6fty,/m/09x0r,/t/dd00126",0,1,0,0,0,0,0,0
tNITkla6E54,30.0,40.0,/m/09x0r,0,0,0,0,0,0,0,0
ZZuVe_hbwTc,4.0,14.0,/t/dd00002,0,0,1,0,0,0,0,0
qDSNTpC7sEg,340.0,350.0,"/m/039jq,/m/09x0r",0,0,0,0,0,1,0,0
ZXK3lgSC1IE,30.0,40.0,"/m/09x0r,/t/dd00002",0,0,1,0,0,0,0,0
eaV2kJ-VsR8,140.0,150.0,"/m/01lyv,/m/04rlf",0,0,0,0,0,0,0,0
mxkAH6Gw1JM,10.0,20.0,"/m/09x0r,/m/0ytgt",0,0,0,0,0,0,0,0
az14uj5BdFs,110.0,120.0,"/m/03qc9zr,/m/04rlf,/m/09x0r",1,0,0,0,0,0,0,0
VXTrhGvRLvU,20.0,30.0,"/m/032s66,/m/04zjc",0,0,0,0,1,0,0,0
Pmi22dLbS5o,30.0,40.0,"/m/04rlf,/m/09x0r",0,0,0,0,0,0,0,0
kvF4c6L2TM8,240.0,250.0,/m/032s66,0,0,0,0,1,0,0,0
BpQnizQBuWk,140.0,150.0,"/m/04rlf,/m/07p6fty,/t/dd00126",0,1,0,0,0,0,0,0
oeAt3eEWUhU,10.0,20.0,"/m/07pp_mv,/m/0c3f7m",0,0,0,0,0,0,0,1
vgVyGBXGVdw,0.0,7.0,"/m/032s66,/m/04zjc,/m/0_1c",0,0,0,0,1,0,0,0
Ron39QEqT5c,50.0,60.0,"/m/012n7d,/m/03j1ly,/m/03kmc9,/m/04qvtq",0,0,0,0,0,0,1,0
z_5a470lfso,130.0,140.0,/m/039jq,0,0,0,0,0,1,0,0
GlWTQflG6kE,10.0,20.0,/m/0g6b5,0,0,0,1,0,0,0,0
wew0wJxmADA,10.0,20.0,"/m/04rlf,/m/07p6fty,/m/07rwj3x,/m/09x0r",0,1,0,0,0,0,0,0
HlexFW3OQg0,30.0,40.0,/m/04rlf,0,0,0,0,0,0,0,0
RaB9Lvzrvl8,30.0,40.0,"/m/0342h,/m/042v_gx,/m/04rlf,/m/04szw,/m/0fx80y",0,0,0,0,0,0,0,0
HcI7GdNaoCw,280.0,290.0,"/m/02z32qm,/m/032s66",0,0,0,0,1,0,0,0
-Ef0YmW7OVg,30.0,40.0,"/m/068hy,/m/09x0r,/m/0bt9lr,/t/dd00136",0,0,0,0,0,0,0,0
2SdxX2y69sk,30.0,40.0,"/m/04rlf,/m/09x0r",0,0,0,0,0,0,0,0
TiYfAs2Sm1o,30.0,40.0,/m/04rlf,0,0,0,0,0,0,0,0
4trq0MmPG2M,2.0,12.0,"/m/03qc9zr,/m/09x0r",1,0,0,0,0,0,0,0
9w5tDgc1K78,13.0,23.0,"/m/04rlf,/m/09x0r",0,0,0,0,0,0,0,0
Qb172oQSUTM,19.0,29.0,"/m/019jd,/m/02rlv9,/m/07yv9,/m/09x0r",0,0,0,0,0,0,0,0
Qk9jzfb2L20,470.0,480.0,/m/09x0r,0,0,0,0,0,0,0,0
U1xwMaMV3w0,170.0,180.0,/m/03qc9zr,1,0,0,0,0,0,0,0
JtCHx8pu2aQ,30.0,40.0,/m/09x0r,0,0,0,0,0,0,0,0
B68yvAz1PEA,29.0,39.0,/t/dd00002,0,0,1,0,0,0,0,0
xs5F94XAHxo,22.0,32.0,"/m/09x0r,/t/dd00002",0,0,1,0,0,0,0,0
0PhU-PIsUMw,80.0,90.0,"/m/03kmc9,/m/0dgbq",0,0,0,0,0,0,1,0
aqdLm5qss4U,20.0,30.0,"/m/012n7d,/m/03j1ly,/m/03kmc9",0,0,0,0,0,0,1,0
blUn7rElIMw,7.0,17.0,"/m/014zdl,/m/07qsvvw,/m/09x0r",0,0,0,1,0,0,0,0
fcAEOfM4gZ4,290.0,300.0,"/m/015lz1,/m/04rlf,/m/07p6fty,/m/09x0r,/t/dd00126",0,1,0,0,0,0,0,0
XcfGBL2XkmE,40.0,50.0,"/m/03qc9zr,/m/04rlf,/m/09x0r",1,0,0,0,0,0,0,0
LTxVvyO2qGA,14.0,24.0,"/m/012f08,/m/012ndj,/m/07pb8fc,/m/07r04,/m/07yv9",0,0,0,0,0,0,1,0
fvWTVXCuwjo,220.0,230.0,"/m/01y3hg,/m/09x0r,/m/0c3f7m",0,0,0,0,0,0,0,1
SffJsFHZx6E,23.0,33.0,"/m/03j1ly,/m/03kmc9,/m/04qvtq",0,0,0,0,0,0,1,0
F9kNX3zLB04,6.0,16.0,"/m/09x0r,/t/dd00002",0,0,1,0,0,0,0,0
7kepKzYLyPs,30.0,40.0,/m/032s66,0,0,0,0,1,0,0,0
CN3nSRQFKmM,10.0,20.0,"/m/01y3hg,/m/030rvx,/m/0c3f7m,/t/dd00125",0,0,0,0,0,0,0,1
NAOBR0Ele-Q,560.0,570.0,"/m/032s66,/m/073cg4",0,0,0,0,1,0,0,0
oHENeoIjU9Q,50.0,60.0,"/m/039jq,/m/04rlf,/m/09x0r",0,0,0,0,0,1,0,0
m3kyb4GQL1o,30.0,40.0,"/m/04rlf,/m/04szw,/m/07y_7",0,0,0,0,0,0,0,0
bkrYYaKgesg,30.0,40.0,/m/032s66,0,0,0,0,1,0,0,0
eDJ0niTQTB4,29.0,39.0,"/m/014zdl,/m/07qsvvw,/m/09x0r",0,0,0,1,0,0,0,0
WIqJwtarmNE,80.0,90.0,"/m/09x0r,/m/0c3f7m,/t/dd00126",0,0,0,0,0,0,0,1
CuX_ZI9dI_w,450.0,460.0,"/m/032s66,/m/04rlf",0,0,0,0,1,0,0,0
nFEBneHV-Jg,30.0,40.0,/t/dd00002,0,0,1,0,0,0,0,0
sIGKuWpNqT4,20.0,30.0,"/m/07rrlb6,/m/0838f,/m/09x0r,/m/0ytgt",0,0,0,0,0,0,0,0
7neBlOSwb8w,30.0,40.0,"/m/07qz6j3,/t/dd00002",0,0,1,0,0,0,0,0
1PPn02f5M2U,3.0,13.0,"/m/012n7d,/m/03j1ly,/m/03kmc9,/m/04qvtq,/t/dd00134",0,0,0,0,0,0,1,0
z-zHcoGdUg8,30.0,40.0,/m/09x0r,0,0,0,0,0,0,0,0
oYl4P96Yyc8,590.0,600.0,"/m/039jq,/m/09x0r",0,0,0,0,0,1,0,0
MeoDj5WCNyM,0.0,10.0,"/m/03kmc9,/m/0dgbq",0,0,0,0,0,0,1,0
CYTrvReZmnc,30.0,40.0,"/m/07qz6j3,/m/09x0r,/t/dd00002",0,0,1,0,0,0,0,0
6px4xc_olnE,440.0,450.0,"/m/09x0r,/m/0c3f7m",0,0,0,0,0,0,0,1
qrhXewwtOZo,240.0,250.0,"/m/04rlf,/m/07p6fty,/m/09x0r,/t/dd00126",0,1,0,0,0,0,0,0
kpjnyNBeTVI,100.0,110.0,"/m/03qtwd,/m/053hz1,/t/dd00135",0,1,0,0,0,0,0,0
rN3_4NGlsgA,0.0,10.0,"/m/0463cq4,/m/09x0r",0,0,1,0,0,0,0,0
EFUg7ej7Gtw,40.0,50.0,/m/02mfyn,0,0,0,0,0,0,0,1
XR_phj91ZLQ,130.0,140.0,"/m/039jq,/m/04rlf",0,0,0,0,0,1,0,0
_O68ODcP1YE,23.0,33.0,/m/0g6b5,0,0,0,1,0,0,0,0
2u9uWvVgULk,30.0,40.0,"/m/09x0r,/t/dd00002",0,0,1,0,0,0,0,0
QpvnuqeZg9U,20.0,30.0,/m/0c3f7m,0,0,0,0,0,0,0,1
P_MNc92tT_o,50.0,60.0,"/m/039jq,/m/09x0r",0,0,0,0,0,1,0,0
y1igZics9-U,30.0,40.0,"/m/03kmc9,/m/0dgbq",0,0,0,0,0,0,1,0
8L2nBVRGqbQ,250.0,260.0,/m/0c3f7m,0,0,0,0,0,0,0,1
R1a954587u4,0.0,10.0,"/m/03qc9zr,/m/09x0r",1,0,0,0,0,0,0,0
ggDKCVZDJ6Y,30.0,40.0,"/m/09x0r,/t/dd00002",0,0,1,0,0,0,0,0
t_PLoOrDKYM,110.0,120.0,"/m/012n7d,/m/03j1ly,/m/03kmc9,/m/04qvtq",0,0,0,0,0,0,1,0
y5ZZ2nvAiDY,0.0,5.0,/t/dd00002,0,0,1,0,0,0,0,0
NXrAQTLjCyI,30.0,40.0,/m/04rlf,0,0,0,0,0,0,0,0
JOHUqg1fgWg,30.0,40.0,"/m/09x0r,/t/dd00002",0,0,1,0,0,0,0,0
S9Fbn-BhPqY,20.0,30.0,/m/02mfyn,0,0,0,0,0,0,0,1
MPvj8LpWfPg,30.0,40.0,/m/04qvtq,0,0,0,0,0,0,1,0
JSYdrpRUFXs,30.0,40.0,"/m/012n7d,/m/03j1ly,/m/03kmc9,/m/04qvtq",0,0,0,0,0,0,1,0
WYOkw22pRYU,250.0,260.0,"/m/01y3hg,/m/028v0c,/m/09x0r,/t/dd00129",0,0,0,0,0,0,0,1
P438DU17NaQ,0.0,7.0,"/m/03qc9zr,/m/07q0h5t,/m/09x0r",1,0,0,0,0,0,0,0
qdUMz06AX-w,160.0,170.0,"/m/012f08,/m/012ndj,/m/07r04,/m/07yv9,/m/09x0r",0,0,0,0,0,0,1,0
pgQRrcD2j2I,30.0,40.0,"/m/012ndj,/m/03j1ly,/m/04qvtq,/m/07r04",0,0,0,0,0,0,1,0
nB-ZItN8QuI,140.0,150.0,"/m/0463cq4,/m/09x0r,/m/0ytgt",0,0,1,0,0,0,0,0
q3lWFAhW-8E,190.0,200.0,"/m/03qtwd,/m/053hz1,/t/dd00135",0,1,0,0,0,0,0,0
jc34FtMI-pk,40.0,50.0,/m/032s66,0,0,0,0,1,0,0,0
PaF2_F4pfIc,0.0,10.0,/m/032s66,0,0,0,0,1,0,0,0
JPf44Jf3h4o,10.0,20.0,/m/0g6b5,0,0,0,1,0,0,0,0
PS8EyS5ff84,240.0,250.0,"/m/039jq,/m/09x0r",0,0,0,0,0,1,0,0
5m_mczN2Q9U,150.0,160.0,"/m/039jq,/m/04rlf",0,0,0,0,0,1,0,0
L0AaHkAy-gI,14.0,24.0,/m/04rlf,0,0,0,0,0,0,0,0
1939t6L0ye4,330.0,340.0,/m/07pp_mv,0,0,0,0,0,0,0,1
5-CaTkh5xUI,80.0,90.0,/m/03qc9zr,1,0,0,0,0,0,0,0
JBJFaE3SvQM,12.0,22.0,/m/04rlf,0,0,0,0,0,0,0,0
65XNces8j9I,10.0,20.0,"/m/039jq,/m/07pc8lb,/m/09x0r",0,0,0,0,0,1,0,0
xc0xeLPSOzY,30.0,40.0,"/m/04rlf,/m/07sbbz2",0,0,0,0,0,0,0,0
SF5ouPgGFyU,0.0,6.0,/m/032s66,0,0,0,0,1,0,0,0
y5evZwySgRM,50.0,60.0,"/m/012ndj,/m/03j1ly,/m/07r04,/m/07yv9",0,0,0,0,0,0,1,0
zx8Fy-xH2y4,0.0,6.0,"/m/012n7d,/m/012ndj,/m/03j1ly,/m/03kmc9",0,0,0,0,0,0,1,0
ZxAf_iqGJNQ,500.0,510.0,/m/09x0r,0,0,0,0,0,0,0,0
BYsB7Dy3DEY,30.0,40.0,"/m/04rlf,/m/0l14gg",0,0,0,0,0,0,0,0
RAYmbd9bLoE,110.0,120.0,"/m/07pp_mv,/t/dd00125",0,0,0,0,0,0,0,1
wr4Tnkm59LY,30.0,40.0,/m/09x0r,0,0,0,0,0,0,0,0
D037vk2ucC0,100.0,110.0,"/m/02fs_r,/m/07pp_mv,/m/09x0r",0,0,0,0,0,0,0,1
2yZ_mxf5Ccc,24.0,34.0,"/m/09x0r,/t/dd00002",0,0,1,0,0,0,0,0
0Dw2vN-ildM,11.0,21.0,"/m/012ndj,/m/03j1ly,/m/07yv9",0,0,0,0,0,0,1,0
TT6g8hipvMs,11.0,21.0,"/m/014zdl,/m/07qsvvw",0,0,0,1,0,0,0,0
xfzunkprFeI,280.0,290.0,"/m/039jq,/m/09x0r",0,0,0,0,0,1,0,0
UuQ52wKceE0,90.0,100.0,"/m/03qc9zr,/m/09x0r",1,0,0,0,0,0,0,0
PZ5YRxyrrOM,0.0,10.0,"/m/07p6fty,/m/09x0r",0,1,0,0,0,0,0,0
mC6jQVjEAXI,30.0,40.0,"/m/0463cq4,/m/09x0r,/t/dd00002",0,0,1,0,0,0,0,0
xzRKhYHtbHM,30.0,40.0,"/m/012ndj,/m/07yv9,/m/09x0r",0,0,0,0,0,0,1,0
ybTb6clQOUg,30.0,40.0,"/m/03qc9zr,/m/07qz6j3,/m/09x0r",1,0,0,0,0,0,0,0
fdfrzMLxCio,0.0,9.0,"/m/014zdl,/m/07qsvvw",0,0,0,1,0,0,0,0
1PNWoxn-324,80.0,90.0,"/m/09x0r,/t/dd00125",0,0,0,0,0,0,0,0
KR4VfHCFK4c,30.0,40.0,/m/014zdl,0,0,0,1,0,0,0,0
mc_pRrwe-hw,10.0,20.0,/m/0g6b5,0,0,0,1,0,0,0,0
EqKWXPOLUdQ,0.0,10.0,/m/032s66,0,0,0,0,1,0,0,0
QVIKbuy7hKY,30.0,40.0,"/m/04rlf,/m/09x0r",0,0,0,0,0,0,0,0
4iYEmP6r4J8,30.0,40.0,/m/0c3f7m,0,0,0,0,0,0,0,1
s6ISugQ-VCQ,50.0,60.0,"/m/032s66,/m/09x0r",0,0,0,0,1,0,0,0
2t52nF-Tlts,30.0,40.0,"/m/03qtwd,/m/053hz1,/t/dd00135",0,1,0,0,0,0,0,0
GCmw_b9Dqe8,0.0,10.0,/m/07pp_mv,0,0,0,0,0,0,0,1
VzeYXU-G3zs,24.0,34.0,"/m/014zdl,/m/07qsvvw,/m/09x0r",0,0,0,1,0,0,0,0
2mrA762O4f4,6.0,16.0,"/m/03qc9zr,/m/09x0r",1,0,0,0,0,0,0,0
_6OpEmrffSQ,10.0,20.0,"/m/039jq,/m/09x0r",0,0,0,0,0,1,0,0
2cRVMD_50X4,30.0,40.0,"/m/07r04,/m/07yv9,/m/09x0r",0,0,0,0,0,0,0,0
6tRn6Z205Og,29.0,39.0,"/m/03j1ly,/m/03kmc9,/m/04qvtq",0,0,0,0,0,0,1,0
OvhGxFY5GcM,130.0,140.0,"/m/015lz1,/m/04rlf",0,0,0,0,0,0,0,0
ZWEbZmZkw-M,80.0,90.0,"/m/0463cq4,/m/09x0r,/t/dd00002",0,0,1,0,0,0,0,0
lmPpj3H8zns,30.0,40.0,/m/09x0r,0,0,0,0,0,0,0,0
i2DmzyBNMRM,190.0,200.0,"/m/0463cq4,/m/09x0r,/t/dd00125",0,0,1,0,0,0,0,0
w6gw0k1IeDc,20.0,30.0,"/m/03kmc9,/m/09x0r",0,0,0,0,0,0,1,0
2s-3mF581ms,140.0,150.0,"/m/015lz1,/m/04rlf,/m/07p6fty",0,1,0,0,0,0,0,0
RB7fq8RFyJc,240.0,250.0,"/m/03j1ly,/m/03kmc9,/m/04qvtq",0,0,0,0,0,0,1,0
12KvAnVyFVc,30.0,40.0,/m/04rlf,0,0,0,0,0,0,0,0
n4deqhpE4ro,30.0,40.0,"/m/04rlf,/t/dd00002",0,0,1,0,0,0,0,0
sVLZ3fKFa-c,250.0,260.0,"/m/015lz1,/m/04rlf,/m/04szw,/m/07p6fty,/m/09x0r",0,1,0,0,0,0,0,0
t7xwCFnzAZM,150.0,160.0,"/m/07pp_mv,/m/09x0r,/m/0c3f7m",0,0,0,0,0,0,0,1
DPEJk9nYhGE,230.0,240.0,/m/032s66,0,0,0,0,1,0,0,0
EHjC0CALRhQ,370.0,380.0,"/m/04rlf,/m/07p6fty,/m/09x0r",0,1,0,0,0,0,0,0
9Botkvq32u0,30.0,40.0,/m/02mfyn,0,0,0,0,0,0,0,1
jTeuFn_CFHc,0.0,10.0,"/m/03qc9zr,/m/03qtwd,/m/09x0r",1,0,0,0,0,0,0,0
-jTCUWWZQLo,160.0,170.0,"/m/03qc9zr,/m/09x0r,/t/dd00125",1,0,0,0,0,0,0,0
b2xtgBRkP0I,100.0,110.0,"/m/032s66,/m/04zjc",0,0,0,0,1,0,0,0
5fqAPoQSGYQ,30.0,40.0,/m/03kmc9,0,0,0,0,0,0,1,0
XMW0qFuXy6E,190.0,200.0,/m/032s66,0,0,0,0,1,0,0,0
d0-n3z-TYlA,280.0,290.0,"/m/01j3sz,/m/03qc9zr,/m/09x0r",1,0,0,0,0,0,0,0
nwglM9FCZdA,280.0,290.0,"/m/039jq,/m/04rlf",0,0,0,0,0,1,0,0
0o0-GQj6Pow,10.0,20.0,"/m/01y3hg,/m/07pp_mv,/m/09x0r",0,0,0,0,0,0,0,1
o2QxT9LguC4,350.0,360.0,"/m/015lz1,/m/016622,/m/04rlf,/m/09x0r,/m/0dwsp",0,0,0,0,0,0,0,0
3-h-5BTp3t8,30.0,40.0,"/m/032s66,/m/0_1c",0,0,0,0,1,0,0,0
Uic97LJxcME,22.0,32.0,"/m/03qc9zr,/m/09x0r",1,0,0,0,0,0,0,0
B6FPZgJ489E,280.0,290.0,"/m/03qc9zr,/m/04rlf,/m/07rgt08",1,0,0,0,0,0,0,0
foVvk9p6Xgs,0.0,9.0,"/m/09x0r,/t/dd00002",0,0,1,0,0,0,0,0
t2_RhSCcxsM,30.0,40.0,/m/09x0r,0,0,0,0,0,0,0,0
holE-xDR6yQ,140.0,150.0,/m/07p6fty,0,1,0,0,0,0,0,0
jEMezlyi6cw,30.0,40.0,"/m/07qz6j3,/t/dd00002",0,0,1,0,0,0,0,0
-PoXQIZDs0c,20.0,30.0,"/m/032s66,/m/073cg4",0,0,0,0,1,0,0,0
dDFtV_rKr3Q,80.0,90.0,"/m/030rvx,/m/07pp_mv",0,0,0,0,0,0,0,1
MAa3Hby4dps,160.0,170.0,"/m/039jq,/m/04rlf",0,0,0,0,0,1,0,0
BZfaulXWPDw,30.0,40.0,"/m/04rlf,/m/07p6fty,/m/09x0r",0,1,0,0,0,0,0,0
0QgjhZxVGQ4,30.0,40.0,"/m/04rlf,/m/09x0r",0,0,0,0,0,0,0,0
soC3bgnFso8,17.0,27.0,"/m/014zdl,/m/032s66",0,0,0,1,1,0,0,0
dUcA_WgfDpk,0.0,10.0,"/m/039jq,/m/09x0r",0,0,0,0,0,1,0,0
Tzvlv_JnGr0,0.0,2.0,"/m/014zdl,/m/04rlf",0,0,0,1,0,0,0,0
s2sN3LtZO8w,430.0,440.0,"/m/04rlf,/m/07p6fty,/m/09x0r",0,1,0,0,0,0,0,0
mZzu60cc7W4,410.0,420.0,"/m/04rlf,/m/0fd3y",0,0,0,0,0,0,0,0
FDYrS09i77s,9.0,19.0,/m/07pp_mv,0,0,0,0,0,0,0,1
d-5jr8OCpgc,30.0,40.0,"/m/02z32qm,/m/032s66,/m/07pbtc8",0,0,0,0,1,0,0,0
CC4G1xMDcz4,0.0,4.0,/m/03qc9zr,1,0,0,0,0,0,0,0
Yaw7GAOLjnc,30.0,40.0,/m/09x0r,0,0,0,0,0,0,0,0
MrSbLCsxj3g,30.0,40.0,"/m/0463cq4,/m/0ytgt",0,0,1,0,0,0,0,0
hLuMsOJoP90,10.0,20.0,"/m/07pp_mv,/m/0c3f7m",0,0,0,0,0,0,0,1
cFcngQFduXM,30.0,40.0,"/m/09x0r,/t/dd00002",0,0,1,0,0,0,0,0
ZENjdql9-68,20.0,30.0,"/m/09x0r,/m/0g6b5",0,0,0,1,0,0,0,0
O-_kP7jlfRY,30.0,40.0,/m/09x0r,0,0,0,0,0,0,0,0
yRwYEeZodZQ,20.0,30.0,"/m/0463cq4,/m/09x0r",0,0,1,0,0,0,0,0
c_tSKcOIPjM,400.0,410.0,"/m/030rvx,/m/0c3f7m",0,0,0,0,0,0,0,1
WBrN5s1Y_I0,60.0,70.0,"/m/032s66,/m/04zjc",0,0,0,0,1,0,0,0
2ux_WRPe-qM,30.0,40.0,/m/09x0r,0,0,0,0,0,0,0,0
dBEnG_sMVMQ,30.0,40.0,"/m/014zdl,/m/07pxg6y,/m/09x0r",0,0,0,1,0,0,0,0
dhRM-EVuW7A,90.0,100.0,"/m/039jq,/m/03m5k,/m/04rlf,/m/04szw",0,0,0,0,0,1,0,0
nAXhg7qlQZk,40.0,50.0,"/m/04rlf,/t/dd00037",0,0,0,0,0,0,0,0
3gLH0WRZZ-0,30.0,40.0,"/m/04rlf,/t/dd00004",0,0,0,0,0,0,0,0
U2f07V75iS4,70.0,80.0,/m/032s66,0,0,0,0,1,0,0,0
UTANnubmY9o,20.0,30.0,/m/04rlf,0,0,0,0,0,0,0,0
AF93A3H4EuM,30.0,40.0,"/m/03qtwd,/t/dd00135",0,1,0,0,0,0,0,0
ntQq29gGRZM,0.0,10.0,"/m/03qc9zr,/m/09x0r",1,0,0,0,0,0,0,0
3RLkFvRpA-o,30.0,40.0,/m/09x0r,0,0,0,0,0,0,0,0
4sLnWGwTccQ,30.0,40.0,/m/09x0r,0,0,0,0,0,0,0,0
4aBqmRfuV8A,0.0,10.0,"/m/02z32qm,/m/032s66,/m/04rlf,/m/09x0r",0,0,0,0,1,0,0,0
H-b4rSabW10,270.0,280.0,"/m/014zdl,/m/07qsvvw",0,0,0,1,0,0,0,0
Zg6mpzwbf5Y,350.0,360.0,/m/0c3f7m,0,0,0,0,0,0,0,1
0uAVQtnXVeM,30.0,40.0,"/m/03qc9zr,/m/04rlf,/m/053hz1,/m/09x0r",1,0,0,0,0,0,0,0
BU22oHFcJA0,30.0,40.0,/m/09x0r,0,0,0,0,0,0,0,0
Vc3dJwCDxiw,3.0,13.0,"/m/014zdl,/m/09x0r",0,0,0,1,0,0,0,0
Bmmo3MNrAhA,170.0,180.0,"/m/03qtwd,/m/053hz1,/t/dd00135",0,1,0,0,0,0,0,0
2o5aGmlLvbs,30.0,40.0,"/m/015p6,/m/09x0r,/m/0h0rv,/t/dd00129",0,0,0,0,0,0,0,0
eL3tNtRCsU4,70.0,80.0,"/m/03qc9zr,/m/09x0r",1,0,0,0,0,0,0,0
Fw3cKOcGzYY,140.0,150.0,"/m/015lz1,/m/04rlf,/m/07p6fty,/t/dd00126",0,1,0,0,0,0,0,0
KSJ9Ney97H0,70.0,80.0,"/m/03qtwd,/t/dd00135",0,1,0,0,0,0,0,0
sjVFpfLK-lw,90.0,100.0,/m/014zdl,0,0,0,1,0,0,0,0
2ULEIoRKW_Q,30.0,40.0,"/m/07qz6j3,/t/dd00002",0,0,1,0,0,0,0,0
IFtEFsH6bnc,30.0,40.0,/m/04rlf,0,0,0,0,0,0,0,0
6UENPPMVXkM,310.0,320.0,"/m/03qtwd,/m/053hz1,/t/dd00135",0,1,0,0,0,0,0,0
DQkQZaH592g,0.0,10.0,"/m/014zdl,/m/09x0r,/m/0g6b5",0,0,0,1,0,0,0,0
a-25iqw2WB0,30.0,40.0,"/m/04rlf,/m/09x0r",0,0,0,0,0,0,0,0
XyDwFEw4Liw,0.0,6.0,"/m/03qc9zr,/m/04rlf",1,0,0,0,0,0,0,0
j1Bt0_YqGMw,40.0,50.0,"/m/03j1ly,/m/03kmc9,/m/04qvtq",0,0,0,0,0,0,1,0
qtPrnt4Ojg4,50.0,60.0,/m/032s66,0,0,0,0,1,0,0,0
cFArLG281t8,0.0,10.0,"/g/122z_qxw,/m/0g6b5",0,0,0,1,0,0,0,0
WL_8rGBk7Sc,30.0,40.0,"/m/04rlf,/m/09x0r",0,0,0,0,0,0,0,0
8K-y7HfUWCA,300.0,310.0,/m/02mfyn,0,0,0,0,0,0,0,1
dNkJw11B2LQ,30.0,40.0,"/m/04rlf,/m/09x0r",0,0,0,0,0,0,0,0
I-QMujXmqmY,60.0,70.0,"/m/032s66,/m/04zjc",0,0,0,0,1,0,0,0
BdX5mp75F9g,30.0,40.0,/m/02mfyn,0,0,0,0,0,0,0,1
S1Lst9K0sZw,10.0,20.0,"/m/03j1ly,/m/03kmc9,/m/04qvtq",0,0,0,0,0,0,1,0
Ow_Fxe1tX0Q,13.0,23.0,"/m/014zdl,/m/07qsvvw,/m/09x0r",0,0,0,1,0,0,0,0
UvfXWfjjmR0,70.0,80.0,"/m/03qtwd,/m/053hz1,/t/dd00135",0,1,0,0,0,0,0,0
W1OKKr1QZqA,50.0,60.0,/m/03kmc9,0,0,0,0,0,0,1,0
KZDgYRSxwKs,240.0,250.0,"/m/07p7b8y,/m/09x0r",0,0,0,0,0,0,0,0
cgR09Bj_SX8,340.0,350.0,"/m/07pp_mv,/m/09x0r",0,0,0,0,0,0,0,1
3DP_zIFMURw,10.0,20.0,/m/0463cq4,0,0,1,0,0,0,0,0
lqyCsmv_5ew,30.0,40.0,"/m/03j1ly,/m/03kmc9,/m/07yv9",0,0,0,0,0,0,1,0
uKiPI-6zbp0,30.0,40.0,"/m/04rlf,/m/09x0r",0,0,0,0,0,0,0,0
RAdHUi4vqb8,10.0,20.0,/m/03qc9zr,1,0,0,0,0,0,0,0
bR1gqZ29hAw,80.0,90.0,/m/032s66,0,0,0,0,1,0,0,0
JCTACrOA8Eg,30.0,40.0,"/m/014zdl,/m/07qsvvw,/m/09x0r",0,0,0,1,0,0,0,0
DIDumAAozVk,30.0,40.0,/m/04rlf,0,0,0,0,0,0,0,0
Mm2Uv4kIYN4,80.0,90.0,"/m/0463cq4,/m/09x0r,/t/dd00125",0,0,1,0,0,0,0,0
vrWinSVVM7w,30.0,40.0,/m/04rlf,0,0,0,0,0,0,0,0
6WjhzWp3Glc,0.0,4.0,"/m/014zdl,/m/09x0r",0,0,0,1,0,0,0,0
7w1H1UOIndo,110.0,120.0,"/m/07yv9,/m/0g6b5,/t/dd00128",0,0,0,1,0,0,0,0
x46TEsrAx6I,30.0,40.0,/m/032s66,0,0,0,0,1,0,0,0
S44cjmwdLLs,140.0,150.0,/m/032s66,0,0,0,0,1,0,0,0
uSZ4xb_peKg,20.0,30.0,"/m/039jq,/m/04rlf",0,0,0,0,0,1,0,0
u0h7UnzjZps,30.0,40.0,/m/09x0r,0,0,0,0,0,0,0,0
JPkJh6tK8lY,70.0,80.0,"/m/039jq,/m/0838f,/m/09x0r",0,0,0,0,0,1,0,0
zg9b_zLHgGo,10.0,20.0,"/m/012n7d,/m/05tny_,/m/068hy,/m/0bt9lr,/m/0jbk",0,0,0,0,0,0,1,0
qJnyZgFYtQo,90.0,100.0,"/m/0164x2,/m/04rlf",0,0,0,0,0,0,0,0
CJPUgrmBtFg,30.0,40.0,/m/04rlf,0,0,0,0,0,0,0,0
aJHO5wHJLOI,170.0,180.0,"/m/03kmc9,/m/0dgbq",0,0,0,0,0,0,1,0
WRpzJeeKnNk,20.0,30.0,"/m/03j1ly,/m/03kmc9,/m/04qvtq",0,0,0,0,0,0,1,0
4LJ3ufH9tSY,40.0,50.0,"/m/032s66,/m/04zjc",0,0,0,0,1,0,0,0
pm3PQABVuOA,260.0,270.0,"/m/0463cq4,/m/09x0r",0,0,1,0,0,0,0,0
nlWiabZCm10,30.0,40.0,/m/039jq,0,0,0,0,0,1,0,0
fK5fCC_N7Q4,30.0,40.0,"/m/04rlf,/m/07p6fty,/m/09x0r",0,1,0,0,0,0,0,0
ZtpTFG1TtsQ,180.0,190.0,"/g/122z_qxw,/m/09x0r,/m/0g6b5,/t/dd00128",0,0,0,1,0,0,0,0
lhKrLO_HZ0g,130.0,140.0,/m/09x0r,0,0,0,0,0,0,0,0
naUizlZanrw,0.0,10.0,/m/07pp_mv,0,0,0,0,0,0,0,1
x_KODfudlW4,30.0,40.0,"/m/04rlf,/m/09x0r",0,0,0,0,0,0,0,0
WNcFH8PiYTI,70.0,80.0,"/m/04rlf,/m/07p6fty,/m/09x0r,/t/dd00126",0,1,0,0,0,0,0,0
tTtuoCraB1Y,10.0,20.0,"/m/032s66,/m/04zjc",0,0,0,0,1,0,0,0
5ASRG7v2vWI,240.0,250.0,"/m/02cz_7,/m/09x0r",0,0,0,0,0,0,0,0
9x-64Y8nb_o,210.0,220.0,/m/0463cq4,0,0,1,0,0,0,0,0
A2ZrKwbMbcg,30.0,40.0,/m/03kmc9,0,0,0,0,0,0,1,0
s0Thk3d_zLE,390.0,400.0,"/m/032s66,/m/09x0r",0,0,0,0,1,0,0,0
AjjDewcGH7k,430.0,440.0,"/m/015lz1,/m/04rlf,/m/064t9,/t/dd00031",0,0,0,0,0,0,0,0
wfVlCMVVdeQ,50.0,60.0,/m/03qc9zr,1,0,0,0,0,0,0,0
Qx62vKEd5oc,0.0,10.0,"/m/032s66,/m/04zjc",0,0,0,0,1,0,0,0
RH1wlV6mgPM,26.0,36.0,/m/09x0r,0,0,0,0,0,0,0,0
ebR9p5ieERQ,200.0,210.0,"/m/09x0r,/t/dd00129",0,0,0,0,0,0,0,0
IcF3URNZiE4,30.0,40.0,"/m/03qtwd,/m/053hz1,/t/dd00135",0,1,0,0,0,0,0,0
fmmk_dTmzig,30.0,40.0,"/m/01y3hg,/m/030rvx",0,0,0,0,0,0,0,1
70A9SCroGcg,150.0,160.0,"/m/09x0r,/m/0g6b5",0,0,0,1,0,0,0,0
Q7H9FL1L19I,30.0,40.0,"/m/09x0r,/t/dd00002",0,0,1,0,0,0,0,0
p-sffk7voi4,30.0,40.0,"/m/01y3hg,/m/09x0r",0,0,0,0,0,0,0,1
TipoeFCyJ2k,30.0,40.0,"/m/012ndj,/m/03j1ly,/m/07r04,/m/07yv9,/m/0gvgw0",0,0,0,0,0,0,1,0
bZLzkmiHN5o,130.0,140.0,"/m/09x0r,/m/0c3f7m,/t/dd00125",0,0,0,0,0,0,0,1
3QQmmzb35JE,480.0,490.0,"/m/015lz1,/m/04rlf,/m/07p6fty,/t/dd00126",0,1,0,0,0,0,0,0
IybWZ9PN4yE,30.0,40.0,/m/09x0r,0,0,0,0,0,0,0,0
tcV-wg8RrUw,310.0,320.0,/m/032s66,0,0,0,0,1,0,0,0
n7PASFA7k9o,10.0,20.0,"/m/015lz1,/m/04rlf,/m/064t9,/m/07p6fty",0,1,0,0,0,0,0,0
RqS9BKJs5cU,50.0,60.0,"/m/0463cq4,/m/09x0r,/t/dd00125",0,0,1,0,0,0,0,0
EuLiyKigshc,10.0,20.0,"/m/02lkt,/m/03mb9,/m/04rlf",0,0,0,0,0,0,0,0
_6l29zrgRBQ,30.0,40.0,"/m/04rlf,/m/09x0r",0,0,0,0,0,0,0,0
6gH38kQFYyk,370.0,380.0,"/m/03qtwd,/m/053hz1,/t/dd00135",0,1,0,0,0,0,0,0
Bvg85RC1r14,30.0,40.0,"/m/032s66,/m/04zjc",0,0,0,0,1,0,0,0
0a0Dmj1IvZM,100.0,110.0,/m/039jq,0,0,0,0,0,1,0,0
2sxGokXMDsw,30.0,40.0,"/m/04rlf,/t/dd00002",0,0,1,0,0,0,0,0
g8hiCn2lPmQ,170.0,180.0,"/m/028v0c,/m/03qc9zr,/m/07yv9,/m/09x0r,/t/dd00128",1,0,0,0,0,0,0,0
NpgdYAl_uH8,30.0,40.0,"/m/014zdl,/m/07pxg6y",0,0,0,1,0,0,0,0
_PRDvFbxGi4,140.0,150.0,"/m/04rlf,/t/dd00129",0,0,0,0,0,0,0,0
bOjCkJ4itK0,360.0,370.0,"/m/03qtwd,/m/053hz1,/t/dd00135",0,1,0,0,0,0,0,0
uQ7Bwe3aILo,20.0,30.0,"/m/02dgv,/m/07pp_mv,/m/09x0r",0,0,0,0,0,0,0,1
Mn3qROqDwgI,30.0,40.0,"/m/03qc9zr,/m/09x0r",1,0,0,0,0,0,0,0
XZmcBzbrb2g,4.0,14.0,"/m/014zdl,/m/07qsvvw",0,0,0,1,0,0,0,0
EIzxu5IdbYk,30.0,40.0,/m/04rlf,0,0,0,0,0,0,0,0
FDjPJcFb6kU,30.0,40.0,"/m/03kmc9,/m/0c3f7m",0,0,0,0,0,0,1,1
3SiIgfc9RyA,10.0,20.0,"/m/032s66,/m/04zjc",0,0,0,0,1,0,0,0
-U13gX3yTzI,20.0,30.0,/m/03qc9zr,1,0,0,0,0,0,0,0
O1wzDHhXgOw,470.0,480.0,"/m/039jq,/m/09x0r",0,0,0,0,0,1,0,0
ftC71i9w_78,30.0,40.0,/m/09x0r,0,0,0,0,0,0,0,0
N6bI1aKJYtU,0.0,10.0,"/m/039jq,/m/07pc8lb,/m/09x0r",0,0,0,0,0,1,0,0
Qmh_ouMdNUc,20.0,30.0,"/m/039jq,/m/04rlf",0,0,0,0,0,1,0,0
KWRGLWfs_Xc,210.0,220.0,"/m/015lz1,/m/04rlf,/m/07p6fty",0,1,0,0,0,0,0,0
2NnUve9xS10,52.0,62.0,/m/032s66,0,0,0,0,1,0,0,0
gFOjVRhO77o,30.0,40.0,"/m/04rlf,/m/09x0r",0,0,0,0,0,0,0,0
yAZnV-TxX8g,0.0,10.0,/m/03qc9zr,1,0,0,0,0,0,0,0
2qtsHJNUbsk,10.0,20.0,"/m/04rlf,/m/07p6fty,/m/09x0r",0,1,0,0,0,0,0,0
kgg9mNAILCc,30.0,40.0,"/m/04rlf,/m/05pd6",0,0,0,0,0,0,0,0
xhFpfb8p6eY,30.0,40.0,/m/04rlf,0,0,0,0,0,0,0,0
nC0mqJoXO70,210.0,220.0,/m/01y3hg,0,0,0,0,0,0,0,1
X0JwYazCmn8,12.0,22.0,/m/04rlf,0,0,0,0,0,0,0,0
aTmRA66WP-8,30.0,40.0,/m/09x0r,0,0,0,0,0,0,0,0
MTIF_l_8d4Q,0.0,10.0,"/m/0463cq4,/m/09x0r",0,0,1,0,0,0,0,0
knlFemwOuXs,30.0,40.0,"/m/0463cq4,/m/09x0r",0,0,1,0,0,0,0,0
QDRXDpVbjck,0.0,9.0,"/m/032s66,/m/04zjc",0,0,0,0,1,0,0,0
3SBFllJQOM8,30.0,40.0,/m/04rlf,0,0,0,0,0,0,0,0
riTJvkfGgXs,10.0,20.0,/m/0c3f7m,0,0,0,0,0,0,0,1
IV2CJvuUwnU,30.0,40.0,/m/09x0r,0,0,0,0,0,0,0,0
nhTaugA9664,11.0,21.0,/m/0g6b5,0,0,0,1,0,0,0,0
5ntmtaEquSI,30.0,40.0,"/m/03qtwd,/m/053hz1,/t/dd00135",0,1,0,0,0,0,0,0
7Lc4XS7SI34,50.0,60.0,"/m/04rlf,/m/07p6fty,/m/09x0r",0,1,0,0,0,0,0,0
S6iSDIH72k0,9.0,19.0,/m/02mfyn,0,0,0,0,0,0,0,1
Eq52W2uZ1Bk,300.0,310.0,"/m/015lz1,/m/04rlf,/m/07p6fty,/m/09x0r",0,1,0,0,0,0,0,0
0UlJGeT9b4g,0.0,7.0,"/m/039jq,/m/07pjjrj,/m/07q7njn",0,0,0,0,0,1,0,0
7803OllApk8,50.0,60.0,/m/07pp_mv,0,0,0,0,0,0,0,1
B4Be_EohMB4,400.0,410.0,"/m/032s66,/m/04rlf,/m/09x0r",0,0,0,0,1,0,0,0
BdCb_c-RoUY,40.0,50.0,/m/032s66,0,0,0,0,1,0,0,0
tn0zr04AO3k,0.0,8.0,"/m/03qc9zr,/m/09x0r",1,0,0,0,0,0,0,0
e9-BqbFdB1k,30.0,40.0,/t/dd00002,0,0,1,0,0,0,0,0
qUy2KUhuthk,60.0,70.0,"/m/032s66,/m/09x0r",0,0,0,0,1,0,0,0
wunbhnpGMFs,40.0,50.0,"/m/032s66,/m/073cg4",0,0,0,0,1,0,0,0
2Gk7sybjuNE,30.0,40.0,"/m/02sgy,/m/0342h,/m/04rlf,/m/04szw,/m/07s0s5r,/m/0fx80y",0,0,0,0,0,0,0,0
2u3mbsKYv0c,30.0,40.0,"/m/04rlf,/t/dd00004",0,0,0,0,0,0,0,0
jkfA5gONVA0,210.0,220.0,"/m/032s66,/m/04zjc",0,0,0,0,1,0,0,0
uiFWsCzezJY,140.0,150.0,"/m/07pp_mv,/m/09x0r,/m/0c3f7m",0,0,0,0,0,0,0,1
7_UXPIc2Xt4,20.0,30.0,"/g/122z_qxw,/m/0g6b5",0,0,0,1,0,0,0,0
gFsrWHtBfkU,390.0,400.0,/m/03qc9zr,1,0,0,0,0,0,0,0
dNf0PNb3UyI,17.0,27.0,"/m/09x0r,/t/dd00002",0,0,1,0,0,0,0,0
sD10fAJ5GqI,120.0,130.0,/m/07pp_mv,0,0,0,0,0,0,0,1
G8WjM5AS72E,20.0,30.0,/m/02mfyn,0,0,0,0,0,0,0,1
N-xuhcjGfXo,10.0,20.0,"/m/012ndj,/m/03j1ly,/m/07r04,/m/07yv9",0,0,0,0,0,0,1,0
jKjBr2asupE,0.0,10.0,"/m/032s66,/m/073cg4",0,0,0,0,1,0,0,0
DNS8VErd74E,10.0,20.0,"/m/03j1ly,/m/03kmc9,/m/04qvtq",0,0,0,0,0,0,1,0
CAr8FgafM_8,0.0,9.0,"/m/032s66,/m/0c1dj",0,0,0,0,1,0,0,0
MAu4Y0z7IEA,140.0,150.0,"/m/039jq,/m/04rlf",0,0,0,0,0,1,0,0
WuR3W_T_1hA,20.0,30.0,/t/dd00002,0,0,1,0,0,0,0,0
vgQLgO6s888,8.0,18.0,/t/dd00002,0,0,1,0,0,0,0,0
aVdPh-RiNcc,0.0,10.0,"/m/03qc9zr,/m/04rlf,/m/09x0r",1,0,0,0,0,0,0,0
li94QxTwDIY,170.0,180.0,"/m/039jq,/m/04rlf",0,0,0,0,0,1,0,0
VtbkqXgh2sw,570.0,580.0,"/m/03j1ly,/m/03kmc9,/m/04qvtq",0,0,0,0,0,0,1,0
b4pBhW-HzL0,0.0,8.0,/m/03qc9zr,1,0,0,0,0,0,0,0
Sric8XIJqFY,500.0,510.0,/m/039jq,0,0,0,0,0,1,0,0
fEU8-7EUAAw,15.0,25.0,/t/dd00002,0,0,1,0,0,0,0,0
l_mlV0HST60,30.0,40.0,"/m/012n7d,/m/02mfyn,/m/03j1ly,/m/03kmc9",0,0,0,0,0,0,1,1
Ol5Ox7-9h9g,20.0,30.0,"/m/068zj,/m/09x0r,/m/0jbk",0,0,0,0,0,0,0,0
QE8QQQ37QBA,10.0,20.0,"/m/039jq,/m/07pc8lb,/m/07rn7sz",0,0,0,0,0,1,0,0
viGtLWy2FiI,29.0,39.0,"/m/05zppz,/m/06h7j,/m/09x0r",0,0,0,0,0,0,0,0
8vSAlRb_sHk,13.0,23.0,"/m/014zdl,/m/09x0r",0,0,0,1,0,0,0,0
B4XOIFe-RdQ,90.0,100.0,/m/02mfyn,0,0,0,0,0,0,0,1
XoXRprEPysE,4.0,14.0,/m/03qc9zr,1,0,0,0,0,0,0,0
ysNK5RVF3Zw,0.0,10.0,"/m/012n7d,/m/012ndj,/m/03j1ly,/m/03kmc9",0,0,0,0,0,0,1,0
zXy8ajwOuZo,30.0,40.0,"/m/09x0r,/t/dd00002",0,0,1,0,0,0,0,0
dixaI-tKNew,120.0,130.0,"/m/03qc9zr,/m/09x0r",1,0,0,0,0,0,0,0
bLIqcb3FMJA,30.0,40.0,"/m/01glhc,/m/04rlf",0,0,0,0,0,0,0,0
omkgqHs-C6g,200.0,210.0,"/m/01y3hg,/m/09x0r",0,0,0,0,0,0,0,1
NsUt99lpFls,0.0,10.0,"/m/0463cq4,/m/04rlf,/m/05r5c",0,0,1,0,0,0,0,0
vciijBbysow,160.0,170.0,/m/09x0r,0,0,0,0,0,0,0,0
vi8_h-vaiXs,1.0,11.0,/m/0g6b5,0,0,0,1,0,0,0,0
QVdWVrA4Uro,20.0,30.0,"/m/0342h,/m/042v_gx,/m/04rlf,/m/04szw,/m/0fx80y,/t/dd00125",0,0,0,0,0,0,0,0
61Z2ooaekFE,30.0,40.0,"/m/0342h,/m/042v_gx,/m/04rlf,/m/04szw,/m/07s0s5r,/m/0fx80y",0,0,0,0,0,0,0,0
ARkUI_GKGYc,130.0,140.0,"/m/0463cq4,/m/09x0r",0,0,1,0,0,0,0,0
91dnB9arRVo,23.0,33.0,/m/03kmc9,0,0,0,0,0,0,1,0
EiRPg6qbpSo,70.0,80.0,"/m/01y3hg,/m/04rlf,/m/09x0r,/t/dd00129",0,0,0,0,0,0,0,1
QW5n3As05VM,4.0,14.0,"/m/04rlf,/m/09x0r,/m/0c1dj",0,0,0,0,0,0,0,0
GUsI_2tYVYM,29.0,39.0,"/m/03qc9zr,/m/03qtwd,/m/07qfr4h,/m/09x0r",1,0,0,0,0,0,0,0
x6M8bzV_9jw,70.0,80.0,"/m/039jq,/m/09x0r",0,0,0,0,0,1,0,0
FQeA7WP48OQ,0.0,10.0,"/m/01yrx,/m/04rlf,/m/0jbk",0,0,0,0,0,0,0,0
Xy1ExNYpbQI,15.0,25.0,"/m/09x0r,/t/dd00002",0,0,1,0,0,0,0,0
5QMVOaxcVmI,120.0,130.0,/m/0c3f7m,0,0,0,0,0,0,0,1
CAfxomWCPNQ,220.0,230.0,/m/03kmc9,0,0,0,0,0,0,1,0
L-2oYv67Udk,200.0,210.0,"/m/015p6,/m/09x0r",0,0,0,0,0,0,0,0
6s5ZfIFZ7lY,30.0,40.0,"/m/030rvx,/m/0c3f7m",0,0,0,0,0,0,0,1
Ft3fVYQfpog,30.0,40.0,"/m/03kmc9,/m/0dgbq",0,0,0,0,0,0,1,0
RGWBJF2NtNc,40.0,50.0,/m/02mfyn,0,0,0,0,0,0,0,1
CGGPnnIM7Uo,10.0,20.0,"/m/03j1ly,/m/03kmc9,/m/04qvtq",0,0,0,0,0,0,1,0
gNKl_UZKDPc,30.0,40.0,/m/09x0r,0,0,0,0,0,0,0,0
YwLzklAig88,20.0,30.0,"/g/122z_qxw,/m/0g6b5",0,0,0,1,0,0,0,0
Imd0qc1BMCc,30.0,40.0,/m/032s66,0,0,0,0,1,0,0,0
dprXGtSY_NI,380.0,390.0,"/m/026t6,/m/02hnl,/m/0342h,/m/04rlf,/m/04szw",0,0,0,0,0,0,0,0
weS_4FkW5Fo,30.0,40.0,"/m/04rlf,/m/09x0r",0,0,0,0,0,0,0,0
Byy7F7vM2eU,10.0,20.0,/m/0c3f7m,0,0,0,0,0,0,0,1
S7S36aUYdYM,30.0,40.0,"/m/03kmc9,/m/0dgbq",0,0,0,0,0,0,1,0
nHiLu70TK5Y,200.0,210.0,"/m/03j1ly,/m/04qvtq,/m/09x0r",0,0,0,0,0,0,1,0
i8SeI6H9NOU,80.0,90.0,"/m/03q5t,/m/04rlf,/m/09x0r",0,0,0,0,0,0,0,0
gr2HLbGaBAE,250.0,260.0,/m/04rlf,0,0,0,0,0,0,0,0
WgZApXqHkzU,9.0,19.0,"/m/09x0r,/t/dd00002",0,0,1,0,0,0,0,0
1DgtoVxMxtc,0.0,10.0,"/m/04rlf,/m/07p6fty,/m/09x0r",0,1,0,0,0,0,0,0
6yUJd-qtATo,30.0,40.0,"/m/04rlf,/m/09x0r",0,0,0,0,0,0,0,0
I5k20EFyYhU,160.0,170.0,"/m/039jq,/m/09x0r",0,0,0,0,0,1,0,0
ad3NbaW0SUc,20.0,30.0,"/m/015lz1,/m/04rlf,/m/07p6fty,/m/09x0r,/t/dd00126",0,1,0,0,0,0,0,0
cQlgbvYSV5g,30.0,40.0,"/m/02hnl,/m/04rlf,/m/09x0r",0,0,0,0,0,0,0,0
svVi__qzAOE,320.0,330.0,"/m/09x0r,/t/dd00125",0,0,0,0,0,0,0,0
7FKWNMR2rVA,90.0,100.0,/m/09x0r,0,0,0,0,0,0,0,0
ikyuvMEe1Bw,30.0,40.0,"/m/09x0r,/t/dd00002",0,0,1,0,0,0,0,0
jeGftzwxhE4,10.0,20.0,"/m/03j1ly,/m/03kmc9,/m/04qvtq",0,0,0,0,0,0,1,0
iSag4Zwfias,30.0,40.0,"/m/04rlf,/m/07xzm",0,0,0,0,0,0,0,0
5yE65SICw1U,260.0,270.0,/m/01y3hg,0,0,0,0,0,0,0,1
7ScYWlW9Ghk,10.0,20.0,/m/07pp_mv,0,0,0,0,0,0,0,1
CvDiBJjbVJM,50.0,60.0,"/m/04rlf,/m/09x0r,/t/dd00125",0,0,0,0,0,0,0,0
e2_ElOv9VKE,30.0,40.0,"/m/012ndj,/m/03j1ly,/m/07yv9",0,0,0,0,0,0,1,0
SIV0oTyOJBc,280.0,290.0,/m/09x0r,0,0,0,0,0,0,0,0
hS2y1WF0KyU,0.0,10.0,/m/07pp_mv,0,0,0,0,0,0,0,1
Dmxfdy3zXlo,150.0,160.0,/m/09x0r,0,0,0,0,0,0,0,0
wWUavOFsO08,130.0,140.0,"/m/09x0r,/m/0g6b5",0,0,0,1,0,0,0,0
Sqc870-BDRc,0.0,10.0,/m/0g6b5,0,0,0,1,0,0,0,0
NDMxZ7G4yGg,3.0,13.0,"/m/03qc9zr,/m/0jbk",1,0,0,0,0,0,0,0
eQW3RFmz3lI,30.0,40.0,"/m/04rlf,/m/04szw",0,0,0,0,0,0,0,0
E2KinBCZ3BY,30.0,40.0,/t/dd00002,0,0,1,0,0,0,0,0
vwHgdbwbWa4,180.0,190.0,/m/039jq,0,0,0,0,0,1,0,0
bZ7gf-WoI2s,70.0,80.0,/m/04rlf,0,0,0,0,0,0,0,0
_wkCxxm5jro,0.0,8.0,/m/014zdl,0,0,0,1,0,0,0,0
7vvJm3K2AA4,30.0,40.0,"/m/04rlf,/m/09x0r",0,0,0,0,0,0,0,0
bFr5f4f-UR4,570.0,580.0,"/m/04rlf,/m/07rgt08,/m/09x0r",0,0,0,0,0,0,0,0
V0RPtl7AbhM,420.0,430.0,"/m/09x0r,/t/dd00125",0,0,0,0,0,0,0,0
kkvFrwgXRyk,140.0,150.0,"/m/015lz1,/m/03qtwd,/m/04rlf,/m/07p6fty,/m/09x0r",0,1,0,0,0,0,0,0
jJqwJXGkJI8,30.0,40.0,"/m/04rlf,/m/04szw,/m/07y_7",0,0,0,0,0,0,0,0
W0bZQa6A-x0,480.0,490.0,/m/032s66,0,0,0,0,1,0,0,0
gN0jcCdatPA,0.0,10.0,"/m/012ndj,/m/07r04,/m/07yv9,/t/dd00128",0,0,0,0,0,0,1,0
thQ3PeqyArg,30.0,40.0,"/m/01j3sz,/m/03qc9zr,/m/09x0r",1,0,0,0,0,0,0,0
NejZKiTtMoA,140.0,150.0,"/m/04rlf,/m/064t9,/m/07p6fty",0,1,0,0,0,0,0,0
TLNwFFaMtSY,9.0,19.0,/m/09x0r,0,0,0,0,0,0,0,0
AlWGacK3_dg,1.0,11.0,/m/04rlf,0,0,0,0,0,0,0,0
kHvVykLUKrk,30.0,40.0,"/m/0463cq4,/m/09x0r,/t/dd00002",0,0,1,0,0,0,0,0
3djqZosGCQM,180.0,190.0,"/m/03qtwd,/m/053hz1,/t/dd00135",0,1,0,0,0,0,0,0
bsIZ7MScbjA,1.0,11.0,/t/dd00002,0,0,1,0,0,0,0,0
QiAIaEtCqLA,30.0,40.0,"/m/039jq,/m/07pc8lb,/m/07qs1cx",0,0,0,0,0,1,0,0
SoQH4LRrHfI,280.0,290.0,/m/03qc9zr,1,0,0,0,0,0,0,0
P3YZTglOM44,7.0,17.0,"/m/09x0r,/t/dd00002",0,0,1,0,0,0,0,0
OErMnAa4bds,30.0,40.0,"/m/014zdl,/m/09x0r",0,0,0,1,0,0,0,0
OaeiEHPc1RE,20.0,30.0,"/m/03qc9zr,/m/09x0r",1,0,0,0,0,0,0,0
otBW13Bg4-E,70.0,80.0,"/m/01j3sz,/m/07p6fty,/m/09x0r",0,1,0,0,0,0,0,0
iKD1WJ47jd4,30.0,40.0,/m/02mfyn,0,0,0,0,0,0,0,1
MMMCcZQ5bLY,120.0,130.0,"/m/039jq,/m/04rlf,/m/09x0r",0,0,0,0,0,1,0,0
9NPlvhz_OJg,1.0,11.0,/m/01y3hg,0,0,0,0,0,0,0,1
jYJqmCvyL48,60.0,70.0,/m/03kmc9,0,0,0,0,0,0,1,0
zhrqMYncHhM,17.0,27.0,/m/02mfyn,0,0,0,0,0,0,0,1
GFYq0FjAUqU,160.0,170.0,"/m/032s66,/m/04zjc",0,0,0,0,1,0,0,0
TNSOfX6MtLc,18.0,28.0,"/m/014zdl,/m/09x0r",0,0,0,1,0,0,0,0
CFfT69ce5Ho,30.0,40.0,/m/032s66,0,0,0,0,1,0,0,0
CeIiAEQTbhY,0.0,5.0,/m/03qc9zr,1,0,0,0,0,0,0,0
MPHB972_nnc,0.0,10.0,"/m/04rlf,/m/04szw",0,0,0,0,0,0,0,0
JHkf3U2m59Y,2.0,12.0,/t/dd00002,0,0,1,0,0,0,0,0
_9NT1KOYPkM,18.0,28.0,/t/dd00002,0,0,1,0,0,0,0,0
f5KPbes0uAc,50.0,60.0,"/m/04rlf,/m/0g6b5",0,0,0,1,0,0,0,0
IP06tkCH6DQ,30.0,40.0,"/m/09x0r,/t/dd00125",0,0,0,0,0,0,0,0
QVZ48hO0N58,30.0,40.0,"/m/012n7d,/m/03j1ly,/m/03kmc9",0,0,0,0,0,0,1,0
FvefMkyLld4,60.0,70.0,"/m/0463cq4,/m/09x0r",0,0,1,0,0,0,0,0
q8O1tWY3t9s,22.0,32.0,"/m/07qz6j3,/t/dd00002",0,0,1,0,0,0,0,0
R46pC0PvLwU,10.0,20.0,"/m/03qtwd,/m/07p6fty,/m/09x0r",0,1,0,0,0,0,0,0
naIvVGddG_4,130.0,140.0,"/m/012f08,/m/012n7d,/m/03j1ly,/m/07yv9,/m/09x0r",0,0,0,0,0,0,1,0
AJpUGLilIqI,9.0,19.0,"/m/015lz1,/m/03lty,/m/03qc9zr,/m/04rlf",1,0,0,0,0,0,0,0
_oUJNiFydxU,30.0,40.0,/m/09x0r,0,0,0,0,0,0,0,0
83RKiIocosY,10.0,20.0,"/m/03qtwd,/m/053hz1,/t/dd00135",0,1,0,0,0,0,0,0
0iNkEzDn2ys,580.0,590.0,"/m/07p6fty,/m/09x0r",0,1,0,0,0,0,0,0
Vm08yWLthfM,30.0,40.0,"/m/04rlf,/t/dd00002",0,0,1,0,0,0,0,0
qKcoXEgBHM4,0.0,8.0,"/m/09x0r,/t/dd00002",0,0,1,0,0,0,0,0
mQHoR6ofYa0,30.0,40.0,"/m/04rlf,/m/09x0r",0,0,0,0,0,0,0,0
L3XwAtXgvZQ,30.0,40.0,"/m/03qc9zr,/m/09x0r",1,0,0,0,0,0,0,0
0F6IVPQHlCQ,100.0,110.0,/m/039jq,0,0,0,0,0,1,0,0
PQo02TgWdnw,13.0,23.0,/m/014zdl,0,0,0,1,0,0,0,0
Y8KCNCoq_a8,180.0,190.0,"/m/03qtwd,/m/053hz1,/t/dd00135",0,1,0,0,0,0,0,0
jDVHVqRDKVI,330.0,340.0,"/m/01m4t,/m/09x0r",0,0,0,0,0,0,0,0
Cvd3k50uRaM,80.0,90.0,"/m/04rlf,/m/07p6fty,/m/09x0r",0,1,0,0,0,0,0,0
5fypvzCDOuI,40.0,50.0,"/m/015lz1,/m/04rlf,/m/05fw6t",0,0,0,0,0,0,0,0
KX-mf_BF7Ck,30.0,40.0,/m/04rlf,0,0,0,0,0,0,0,0
Z3MFRCOtzm0,18.0,28.0,/t/dd00002,0,0,1,0,0,0,0,0
WX-loL3jYss,30.0,40.0,"/m/03j1ly,/m/03kmc9,/m/04qvtq",0,0,0,0,0,0,1,0
P3g6DieVMUQ,30.0,40.0,"/m/07qjznl,/m/07qjznt,/m/09x0r",0,0,0,0,0,0,0,0
nN82D2mB4CY,60.0,70.0,"/m/039jq,/m/04rlf,/m/09x0r",0,0,0,0,0,1,0,0
0ahwfdXCmTg,30.0,40.0,"/m/0342h,/m/042v_gx,/m/04rlf,/m/04szw,/m/0fx80y",0,0,0,0,0,0,0,0
iNunmu3D47g,110.0,120.0,/m/03qc9zr,1,0,0,0,0,0,0,0
InKOhnRDl8A,30.0,40.0,/m/09x0r,0,0,0,0,0,0,0,0
mf7_4kBpB4k,250.0,260.0,"/m/0155w,/m/04rlf",0,0,0,0,0,0,0,0
3i0bbtKTFDc,8.0,18.0,/t/dd00002,0,0,1,0,0,0,0,0
mNUYp3SIlQ8,30.0,40.0,"/m/09x0r,/t/dd00002",0,0,1,0,0,0,0,0
xxHffmisVZc,30.0,40.0,"/m/03qc9zr,/m/09x0r",1,0,0,0,0,0,0,0
ZEf_SZFXwkg,17.0,27.0,"/m/04rlf,/t/dd00002",0,0,1,0,0,0,0,0
ZalOtRf7ZsU,520.0,530.0,"/m/03qc9zr,/m/09x0r",1,0,0,0,0,0,0,0
pQzl3pbqe6Y,30.0,40.0,"/m/04rlf,/m/07p6fty,/m/07rwj3x,/m/09x0r,/m/0g293",0,1,0,0,0,0,0,0
4Qlpx4p-iXU,30.0,40.0,"/m/01y3hg,/m/07pp_mv,/m/09x0r",0,0,0,0,0,0,0,1
si1RsHSbUUA,10.0,20.0,"/m/012ndj,/m/07r04,/m/07yv9",0,0,0,0,0,0,1,0
4P4ttlI2hfk,30.0,40.0,/m/09x0r,0,0,0,0,0,0,0,0
pA899qty2vI,0.0,10.0,"/m/03kmc9,/m/09x0r",0,0,0,0,0,0,1,0
w9LViwGIl38,30.0,40.0,/m/04rlf,0,0,0,0,0,0,0,0
LQ6ZHRiQPoI,0.0,10.0,"/m/03qc9zr,/m/0c1dj",1,0,0,0,0,0,0,0
wEcfdwXSgWc,240.0,250.0,"/m/09x0r,/t/dd00125",0,0,0,0,0,0,0,0
mISMQdn-ApU,30.0,40.0,"/m/04qvtq,/m/07yv9",0,0,0,0,0,0,1,0
5V-gpQXwGFI,30.0,40.0,"/m/012ndj,/m/07yv9",0,0,0,0,0,0,1,0
weAnqreYaHw,30.0,40.0,/t/dd00002,0,0,1,0,0,0,0,0
KF6CGYELE_Y,0.0,10.0,/m/032s66,0,0,0,0,1,0,0,0
cb6cgzrm5HM,510.0,520.0,/m/032s66,0,0,0,0,1,0,0,0
rSVSOmswxSM,10.0,20.0,/m/03qc9zr,1,0,0,0,0,0,0,0
d9ZlFYUXcV8,90.0,100.0,"/m/032s66,/m/04zjc",0,0,0,0,1,0,0,0
0_hnDV2SHBI,7.0,17.0,"/m/03qc9zr,/m/04rlf,/m/0c1dj",1,0,0,0,0,0,0,0
zY1LJu1j4zw,30.0,40.0,/t/dd00002,0,0,1,0,0,0,0,0
aHeePaXGHUw,40.0,50.0,/m/03qc9zr,1,0,0,0,0,0,0,0
5r1awz2nW8g,20.0,30.0,"/m/015lz1,/m/04rlf,/m/07p6fty,/t/dd00126",0,1,0,0,0,0,0,0
XPzRQ0RbeOc,20.0,30.0,"/g/122z_qxw,/m/014zdl",0,0,0,1,0,0,0,0
T7B1vCL9DZA,11.0,21.0,"/m/012n7d,/m/012ndj,/m/03j1ly,/m/03kmc9,/m/04qvtq",0,0,0,0,0,0,1,0
cI-oJz5wfoY,80.0,90.0,"/m/04rlf,/m/08cyft",0,0,0,0,0,0,0,0
rKPRMd7bG3c,210.0,220.0,"/m/032s66,/m/04zjc",0,0,0,0,1,0,0,0
8nodrV7BC08,20.0,30.0,"/m/032s66,/m/073cg4",0,0,0,0,1,0,0,0
BjZFCJUc8FE,11.0,21.0,"/m/03j1ly,/m/03kmc9,/m/04qvtq",0,0,0,0,0,0,1,0
7jWAL3ASvtQ,30.0,40.0,"/m/0463cq4,/m/04rlf,/t/dd00002",0,0,1,0,0,0,0,0
HaCv_lQ0I9c,0.0,10.0,/m/03kmc9,0,0,0,0,0,0,1,0
HMnH4nrJKHc,30.0,40.0,/m/032s66,0,0,0,0,1,0,0,0
QjK9AJQLP6k,30.0,40.0,"/m/09x0r,/t/dd00002",0,0,1,0,0,0,0,0
mgEN54Sy_IA,30.0,40.0,"/m/09x0r,/t/dd00125",0,0,0,0,0,0,0,0
2YJMfQdcVhY,180.0,190.0,"/m/09x0r,/m/0c3f7m",0,0,0,0,0,0,0,1
JtShTyIkdoU,10.0,20.0,/m/01y3hg,0,0,0,0,0,0,0,1
q23vXkHO-d8,40.0,50.0,"/m/015lz1,/m/04rlf,/m/07p6fty,/m/09x0r,/m/0g293",0,1,0,0,0,0,0,0
MDqtrLTl1d0,50.0,60.0,"/m/04rlf,/m/09x0r,/t/dd00127",0,0,0,0,0,0,0,0
51YYDbq10A0,3.0,13.0,"/m/03qc9zr,/m/04rlf,/m/09x0r,/m/0c1dj",1,0,0,0,0,0,0,0
zU1D3Ze3PZ0,30.0,40.0,/m/03kmc9,0,0,0,0,0,0,1,0
5uWOfy9CZ1Q,20.0,30.0,/m/04qvtq,0,0,0,0,0,0,1,0
y0i7jjDl75o,30.0,40.0,/m/07pp_mv,0,0,0,0,0,0,0,1
KunhpKbZH_8,520.0,530.0,"/m/02z32qm,/m/032s66,/m/04rlf,/m/09x0r",0,0,0,0,1,0,0,0
MBwoUD9k7s8,50.0,60.0,"/m/014zdl,/m/09x0r",0,0,0,1,0,0,0,0
4pT37f9lXFo,10.0,20.0,"/m/014zdl,/m/09x0r",0,0,0,1,0,0,0,0
5HCI8fx7kAs,30.0,40.0,/m/09x0r,0,0,0,0,0,0,0,0
D7xjedYUX6g,0.0,10.0,"/m/02dgv,/m/039jq,/m/09x0r",0,0,0,0,0,1,0,0
9Tvy-vbWHb8,10.0,20.0,"/m/039jq,/m/09x0r",0,0,0,0,0,1,0,0
Ru6c4oS7Svw,10.0,20.0,/m/0g6b5,0,0,0,1,0,0,0,0
bArxp1_lEHE,180.0,190.0,/m/03kmc9,0,0,0,0,0,0,1,0
vvFwwPpK_F0,3.0,13.0,/t/dd00002,0,0,1,0,0,0,0,0
FPQ3ttYOU9o,30.0,40.0,"/m/04qvtq,/m/07yv9,/m/09x0r,/m/0k4j",0,0,0,0,0,0,1,0
aHTbG5hblEM,28.0,38.0,/m/014zdl,0,0,0,1,0,0,0,0
xSNx0C9ymU0,100.0,110.0,/m/02mfyn,0,0,0,0,0,0,0,1
VdmHn8kSMPE,30.0,40.0,"/m/09x0r,/t/dd00002",0,0,1,0,0,0,0,0
JRJ_QsHJdpY,0.0,10.0,/m/0g6b5,0,0,0,1,0,0,0,0
1_A742sRonE,50.0,60.0,"/m/03qc9zr,/m/07bgp,/m/0jbk",1,0,0,0,0,0,0,0
eMNaqVJ33-A,260.0,270.0,"/m/032s66,/m/04zjc",0,0,0,0,1,0,0,0
79fLO-oA7O0,550.0,560.0,"/m/039jq,/m/09x0r",0,0,0,0,0,1,0,0
ERfcP6C7WZA,30.0,40.0,/m/09x0r,0,0,0,0,0,0,0,0
0t5-NSQ8nL8,30.0,40.0,"/m/018vs,/m/02sgy,/m/0342h,/m/04rlf,/m/04szw,/m/0fx80y",0,0,0,0,0,0,0,0
KO9ncYaXbWc,30.0,40.0,"/m/09b5t,/m/09x0r",0,0,0,0,0,0,0,0
lQ6jb-Cq_e4,0.0,10.0,"/m/01j3sz,/m/07p6fty,/m/09x0r",0,1,0,0,0,0,0,0
hb03JO5ySvE,30.0,40.0,/m/04rlf,0,0,0,0,0,0,0,0
NTiKVqPAOgo,23.0,33.0,"/m/09x0r,/t/dd00002",0,0,1,0,0,0,0,0
lyjYgZnswNY,0.0,10.0,"/m/02mfyn,/m/03j1ly,/m/03kmc9,/m/04qvtq",0,0,0,0,0,0,1,1
m_H7EgEXPv8,350.0,360.0,/m/0c3f7m,0,0,0,0,0,0,0,1
UX7f4NBCt6Y,70.0,80.0,"/m/09x0r,/m/0llzx",0,0,0,0,0,0,0,0
qaArF6Uem94,30.0,40.0,/m/09x0r,0,0,0,0,0,0,0,0
LDCHOGG9jqo,10.0,20.0,"/m/01b_21,/m/0463cq4",0,0,1,0,0,0,0,0
_NMGrV9Y7Sg,30.0,40.0,"/m/03qc9zr,/m/09x0r",1,0,0,0,0,0,0,0
FR-wbPTHHmM,90.0,100.0,"/m/03qtwd,/m/053hz1,/t/dd00135",0,1,0,0,0,0,0,0
cXMjxRaWvSQ,30.0,40.0,"/m/09x0r,/t/dd00002",0,0,1,0,0,0,0,0
Rn1sCQ8wEz0,30.0,40.0,"/m/07yv9,/m/09x0r",0,0,0,0,0,0,0,0
D4TN_DXwlys,5.0,15.0,/m/02mfyn,0,0,0,0,0,0,0,1
-PS8jNn0Vqk,430.0,440.0,"/m/015lz1,/m/04rlf,/m/07p6fty,/t/dd00126",0,1,0,0,0,0,0,0
dbtl8y2SNoQ,40.0,50.0,"/m/032s66,/m/0_1c",0,0,0,0,1,0,0,0
7TTr2SkOyus,120.0,130.0,"/m/03j1ly,/m/03kmc9",0,0,0,0,0,0,1,0
QDR0RT-C4QQ,20.0,30.0,"/m/01j3sz,/m/0463cq4,/m/04rlf,/m/09x0r",0,0,1,0,0,0,0,0
brhKfD49cCs,40.0,50.0,"/m/01280g,/m/04cvmfc,/m/04rlf,/m/09x0r,/m/0cdnk,/m/0jbk",0,0,0,0,0,0,0,0
0Ees8KFCUXM,30.0,40.0,"/m/03qc9zr,/m/03qtwd,/m/04rlf,/m/09x0r",1,0,0,0,0,0,0,0
ZCpNYo-nd9U,14.0,24.0,/t/dd00002,0,0,1,0,0,0,0,0
ELOWokuH9fE,7.0,17.0,"/m/07szfh9,/m/09x0r",0,0,0,0,0,0,0,0
aeMVX-nsGMQ,30.0,40.0,"/m/09x0r,/t/dd00002",0,0,1,0,0,0,0,0
0WUFrz_A4kk,10.0,20.0,"/m/04rlf,/m/07p6fty,/m/09x0r",0,1,0,0,0,0,0,0
JedWQBAn540,100.0,110.0,"/m/039jq,/m/04brg2,/m/0838f,/m/09x0r",0,0,0,0,0,1,0,0
OvD81YeFUCo,14.0,24.0,"/m/04rlf,/t/dd00035",0,0,0,0,0,0,0,0
2g1dSdbf2fk,60.0,70.0,"/m/039jq,/m/09x0r",0,0,0,0,0,1,0,0
Hs0Bk6UuhKk,60.0,70.0,"/m/03qc9zr,/m/0ytgt",1,0,0,0,0,0,0,0
MvmpDZX8WmU,30.0,40.0,/m/09x0r,0,0,0,0,0,0,0,0
4pzoUVvYdLc,6.0,16.0,"/m/014zdl,/m/07qsvvw",0,0,0,1,0,0,0,0
pvhdxtDLsWM,10.0,20.0,/m/039jq,0,0,0,0,0,1,0,0
Pwxz35OK-IM,30.0,40.0,"/m/01xqw,/m/04rlf,/m/04szw,/t/dd00034",0,0,0,0,0,0,0,0
d68zt8ZxYbM,30.0,40.0,"/m/03kmc9,/m/04qvtq",0,0,0,0,0,0,1,0
z7V6P2HOv50,120.0,130.0,"/m/03kmc9,/m/07yv9,/m/09x0r,/m/0dgbq",0,0,0,0,0,0,1,0
LHKb0XaG4_k,30.0,40.0,/m/09x0r,0,0,0,0,0,0,0,0
5z5DFQfiRZ4,90.0,100.0,"/m/03qc9zr,/m/09x0r",1,0,0,0,0,0,0,0
lE7fkbLTO6o,30.0,40.0,/m/09x0r,0,0,0,0,0,0,0,0
SjSchqRuDD0,30.0,40.0,"/m/04rlf,/m/09x0r",0,0,0,0,0,0,0,0
0at4evk1XPg,0.0,10.0,"/m/032s66,/m/04zjc",0,0,0,0,1,0,0,0
Gk5Ey5icX5k,0.0,6.0,/m/03qc9zr,1,0,0,0,0,0,0,0
5rM-Ctupojs,30.0,40.0,"/m/04rlf,/m/09x0r",0,0,0,0,0,0,0,0
QmUGeMYwdx4,200.0,210.0,"/m/015lz1,/m/04rlf,/m/07p6fty,/t/dd00126",0,1,0,0,0,0,0,0
w3U2LvOmMQs,30.0,40.0,/t/dd00002,0,0,1,0,0,0,0,0
nkJzcDfL7CU,70.0,80.0,"/m/032s66,/m/04rlf",0,0,0,0,1,0,0,0
dR3OCK9Ok-4,0.0,10.0,"/m/014zdl,/m/0c1dj",0,0,0,1,0,0,0,0
33R4zGArI_M,100.0,110.0,"/m/012n7d,/m/07yv9,/m/09x0r,/m/0k4j,/t/dd00128",0,0,0,0,0,0,1,0
FzP4R1Dryck,10.0,20.0,/m/0g6b5,0,0,0,1,0,0,0,0
Bs3iUQjUKzU,30.0,40.0,/m/032s66,0,0,0,0,1,0,0,0
tk4rESQBxnE,330.0,340.0,"/m/09x0r,/m/0g6b5",0,0,0,1,0,0,0,0
7nyJikhr0xA,230.0,240.0,/m/039jq,0,0,0,0,0,1,0,0
R4kU9Twzj74,10.0,20.0,"/m/02mfyn,/m/03kmc9,/m/0dgbq",0,0,0,0,0,0,1,1
jdDwoi5BULQ,40.0,50.0,/m/032s66,0,0,0,0,1,0,0,0
Wdde_hvuPZo,30.0,40.0,/m/04rlf,0,0,0,0,0,0,0,0
The-0EGbHbY,30.0,40.0,"/m/012n7d,/m/012ndj",0,0,0,0,0,0,1,0
uYE1Qh_nmgM,60.0,70.0,"/m/039jq,/m/09x0r",0,0,0,0,0,1,0,0
HfFVuPRwZvY,30.0,40.0,"/m/014zdl,/m/07qqyl4",0,0,0,1,0,0,0,0
14t4IRwnTpA,30.0,40.0,/m/09x0r,0,0,0,0,0,0,0,0
wwvwlXzOMEM,30.0,40.0,/m/01y3hg,0,0,0,0,0,0,0,1
2Cvw3f6g2c0,30.0,40.0,"/m/07qz6j3,/m/09x0r,/t/dd00002",0,0,1,0,0,0,0,0
mzHLruNl70c,90.0,100.0,"/m/03qtwd,/m/053hz1,/t/dd00135",0,1,0,0,0,0,0,0
mKXE7mdjwk8,7.0,17.0,"/m/03kmc9,/m/04qvtq,/m/09x0r",0,0,0,0,0,0,1,0
9zNcL0ixEAs,26.0,36.0,/t/dd00002,0,0,1,0,0,0,0,0
-MuIRudOtxw,30.0,40.0,/m/03qc9zr,1,0,0,0,0,0,0,0
QAMqhSfsb9k,290.0,300.0,"/m/032s66,/m/04zjc",0,0,0,0,1,0,0,0
RtxLAu9lvt0,50.0,60.0,"/m/09x0r,/t/dd00125",0,0,0,0,0,0,0,0
zn2H2u3-G7E,12.0,22.0,/m/01y3hg,0,0,0,0,0,0,0,1
xP6AcYALw34,0.0,10.0,"/m/09x0r,/t/dd00125",0,0,0,0,0,0,0,0
V8k-VjM3bKY,17.0,27.0,"/m/02mfyn,/m/03j1ly,/m/03kmc9,/m/04qvtq",0,0,0,0,0,0,1,1
LKfD0LvyLwA,30.0,40.0,"/m/04rlf,/t/dd00002",0,0,1,0,0,0,0,0
AwhELVrHr54,30.0,40.0,"/m/09x0r,/t/dd00002",0,0,1,0,0,0,0,0
HG_DjKFSp3c,40.0,50.0,"/m/07pp_mv,/m/09x0r",0,0,0,0,0,0,0,1
gghpr3T01TM,6.0,16.0,/t/dd00002,0,0,1,0,0,0,0,0
BZ3FRo9kFFQ,30.0,40.0,"/m/0g6b5,/t/dd00128",0,0,0,1,0,0,0,0
obypMnPH6lw,10.0,20.0,"/m/04rlf,/m/07yv9,/m/0k4j",0,0,0,0,0,0,0,0
mofCBlJ4DhQ,30.0,40.0,"/m/0463cq4,/m/09x0r",0,0,1,0,0,0,0,0
ziJZ4yXPyb8,70.0,80.0,"/m/0463cq4,/m/09x0r",0,0,1,0,0,0,0,0
fQHPZJPOWyU,0.0,10.0,/m/0g6b5,0,0,0,1,0,0,0,0
cP337TrBBSo,40.0,50.0,"/m/03kmc9,/m/07pp_mv,/m/09x0r",0,0,0,0,0,0,1,1
dMVNvQlYwBE,30.0,40.0,/m/09x0r,0,0,0,0,0,0,0,0
bx5xFDBPNEI,20.0,30.0,/t/dd00002,0,0,1,0,0,0,0,0
2Kq5mJyZ5Ew,370.0,380.0,"/m/04rlf,/m/07p6fty",0,1,0,0,0,0,0,0
9QvS6QagM3I,100.0,110.0,/m/039jq,0,0,0,0,0,1,0,0
CX2OC7PsqY4,30.0,40.0,"/m/04qvtq,/m/07yv9",0,0,0,0,0,0,1,0
ITn3uqmMXk4,20.0,30.0,"/m/09x0r,/t/dd00002",0,0,1,0,0,0,0,0
SJOnuTPaQBg,10.0,20.0,/m/0g6b5,0,0,0,1,0,0,0,0
XaNSEfYvYFs,90.0,100.0,"/m/03qtwd,/m/053hz1,/t/dd00135",0,1,0,0,0,0,0,0
eSmibyUFa3M,19.0,29.0,"/m/04rlf,/m/09x0r",0,0,0,0,0,0,0,0
55zS-Q7iwHU,8.0,18.0,/m/0g6b5,0,0,0,1,0,0,0,0
op1hDJcHZfw,230.0,240.0,"/m/03qc9zr,/m/09x0r",1,0,0,0,0,0,0,0
2RXZ8Tpekng,40.0,50.0,"/m/011k_j,/m/026t6,/m/02hnl,/m/04rlf,/m/04szw,/m/0l14md",0,0,0,0,0,0,0,0
SSkF7n5Mahc,30.0,40.0,"/m/01v1d8,/m/04rlf",0,0,0,0,0,0,0,0
cFLPSUA76UQ,60.0,70.0,"/m/0463cq4,/m/04rlf",0,0,1,0,0,0,0,0
1d7RTWiSszo,30.0,40.0,"/m/03kmc9,/m/0dgbq",0,0,0,0,0,0,1,0
sJ8Aw9m6FCw,0.0,10.0,/m/0g6b5,0,0,0,1,0,0,0,0
5UdCVAy6FIQ,70.0,80.0,"/m/04rlf,/m/06_fw",0,0,0,0,0,0,0,0
WMAYC-F2QJ0,0.0,8.0,"/m/09x0r,/m/0g6b5,/t/dd00128",0,0,0,1,0,0,0,0
jH2WvRwnIOU,30.0,40.0,"/m/09x0r,/t/dd00002",0,0,1,0,0,0,0,0
q9hNhvILHOQ,120.0,130.0,"/m/03qtwd,/m/09x0r,/m/0g6b5",0,0,0,1,0,0,0,0
mKYvf1p1-pY,170.0,180.0,/m/0g6b5,0,0,0,1,0,0,0,0
8dGGk_RzXnc,50.0,60.0,/m/0c3f7m,0,0,0,0,0,0,0,1
bWa6nzwVSls,0.0,10.0,"/m/04rlf,/m/0g6b5",0,0,0,1,0,0,0,0
F6lcKEhSToc,280.0,290.0,"/m/02_41,/m/04rlf,/m/0g6b5",0,0,0,1,0,0,0,0
B8xmlpVMujQ,150.0,160.0,"/m/039jq,/m/04rlf,/m/09x0r",0,0,0,0,0,1,0,0
iUT3A8yTrSk,50.0,60.0,"/m/046dlr,/m/07pp_mv,/m/09x0r",0,0,0,0,0,0,0,1
geSQB5iUS8E,540.0,550.0,"/m/032s66,/m/04zjc",0,0,0,0,1,0,0,0
Es7WYDa96XA,0.0,10.0,"/m/039jq,/m/09x0r",0,0,0,0,0,1,0,0
u2ni6jGuN70,50.0,60.0,"/m/03qc9zr,/m/09x0r",1,0,0,0,0,0,0,0
uHCcFynCWrc,190.0,200.0,"/m/07pp_mv,/m/09x0r,/t/dd00125",0,0,0,0,0,0,0,1
HqS5gBt59TY,10.0,20.0,"/m/07p6fty,/m/09x0r",0,1,0,0,0,0,0,0
8Tek8Snnh2k,20.0,30.0,/m/02mfyn,0,0,0,0,0,0,0,1
sS0qXoLeB0I,30.0,40.0,"/m/09x0r,/t/dd00002",0,0,1,0,0,0,0,0
XPwTMQNOKUs,60.0,70.0,"/m/04rlf,/m/07p6fty,/m/07rwj3x",0,1,0,0,0,0,0,0
28YNjw7cyPE,30.0,40.0,/m/014zdl,0,0,0,1,0,0,0,0
UrTVyGVQmY4,30.0,40.0,/m/04rlf,0,0,0,0,0,0,0,0
eWXJoXpWfM0,30.0,40.0,/m/04rlf,0,0,0,0,0,0,0,0
i_JD4KBn50c,0.0,10.0,"/m/015lz1,/m/04rlf,/m/07p6fty",0,1,0,0,0,0,0,0
Flg0_TKSraQ,26.0,36.0,"/m/03qc9zr,/m/04rlf",1,0,0,0,0,0,0,0
87UthGS0EFQ,30.0,40.0,"/m/04rlf,/m/09x0r",0,0,0,0,0,0,0,0
d72w07AE4tg,30.0,40.0,/m/09x0r,0,0,0,0,0,0,0,0
9I_PsESRuNk,20.0,30.0,"/m/0463cq4,/m/04rlf,/m/09x0r",0,0,1,0,0,0,0,0
7ByCu-46lbE,30.0,40.0,"/m/02qldy,/m/05zppz,/m/09x0r",0,0,0,0,0,0,0,0
eaKkuo7vUSk,430.0,440.0,"/m/09x0r,/t/dd00125",0,0,0,0,0,0,0,0
DCdsJYLjYzc,220.0,230.0,"/m/04rlf,/m/064t9,/m/07p6fty",0,1,0,0,0,0,0,0
YZ81GBjTN5s,30.0,40.0,"/m/014zdl,/m/09x0r",0,0,0,1,0,0,0,0
ROXYxej4LeA,30.0,40.0,/m/04rlf,0,0,0,0,0,0,0,0
E1Fcg2K6t0A,210.0,220.0,"/m/03lty,/m/04rlf,/m/06by7,/m/07p6fty",0,1,0,0,0,0,0,0
dtE4BjkoQ9A,90.0,100.0,"/m/03qtwd,/t/dd00135",0,1,0,0,0,0,0,0
qJBJMadDPWI,30.0,40.0,"/m/03kmc9,/m/0dgbq",0,0,0,0,0,0,1,0
m5_pvhnn_LM,30.0,40.0,"/m/03kmc9,/m/0dgbq",0,0,0,0,0,0,1,0
jURmGkiVZgU,590.0,600.0,"/m/039jq,/m/04rlf",0,0,0,0,0,1,0,0
GluHnPC9HHE,310.0,320.0,"/m/032s66,/m/04rlf,/m/09x0r",0,0,0,0,1,0,0,0
1bl0efD-MLM,10.0,20.0,"/m/07p6fty,/m/09x0r",0,1,0,0,0,0,0,0
qXrB4bBoMjs,10.0,20.0,/m/0c3f7m,0,0,0,0,0,0,0,1
jSNNsVA6y0U,140.0,150.0,"/m/015lz1,/m/04rlf,/m/07p6fty,/m/09x0r,/t/dd00126,/t/dd00127",0,1,0,0,0,0,0,0
dQXrSmPU468,30.0,40.0,/m/014zdl,0,0,0,1,0,0,0,0
iUmU-3EAq_c,90.0,100.0,"/m/012ndj,/m/03j1ly,/m/07yv9,/m/09x0r",0,0,0,0,0,0,1,0
4alRRHPEWEI,0.0,10.0,"/m/09x0r,/m/0g6b5",0,0,0,1,0,0,0,0
8zH_S5qnxEY,0.0,10.0,"/m/0463cq4,/m/09x0r",0,0,1,0,0,0,0,0
ftVJuekatFY,30.0,40.0,/m/014zdl,0,0,0,1,0,0,0,0
ZMbZzLMD7Fg,20.0,30.0,"/m/039jq,/m/04rlf,/m/073cg4",0,0,0,0,0,1,0,0
QLbqO2rOzVI,570.0,580.0,"/m/01j3sz,/m/03qc9zr,/m/07s04w4,/m/09x0r",1,0,0,0,0,0,0,0
n8mnpLUws7w,10.0,20.0,/m/032s66,0,0,0,0,1,0,0,0
5GFWog3rkOo,190.0,200.0,/m/0c3f7m,0,0,0,0,0,0,0,1
7xN0TFoQSnU,30.0,40.0,/m/04rlf,0,0,0,0,0,0,0,0
ZtOxCM4RKqo,200.0,210.0,"/m/07pp_mv,/m/09x0r",0,0,0,0,0,0,0,1
gpecurYnY2k,2.0,12.0,"/m/03kmc9,/m/07yv9",0,0,0,0,0,0,1,0
IHtxlS_Tni4,20.0,30.0,"/m/015lz1,/m/04rlf,/m/07p6fty",0,1,0,0,0,0,0,0
HHiScEy-xII,30.0,40.0,"/m/02w4v,/m/04rlf",0,0,0,0,0,0,0,0
VgnX5QCMBTQ,450.0,460.0,"/m/03kmc9,/m/04rlf,/m/09x0r",0,0,0,0,0,0,1,0
JM9hQsBcJ-4,25.0,35.0,/m/01y3hg,0,0,0,0,0,0,0,1
FYKxY0WPEX0,14.0,24.0,"/m/012n7d,/m/012ndj,/m/03j1ly,/m/03kmc9",0,0,0,0,0,0,1,0
O8IU8-J2MqU,230.0,240.0,"/m/032s66,/m/04rlf",0,0,0,0,1,0,0,0
Br3ovluJWMw,230.0,240.0,"/m/014zdl,/m/02lkt,/m/04rlf",0,0,0,1,0,0,0,0
s5qcTYTYwww,0.0,10.0,/m/0c3f7m,0,0,0,0,0,0,0,1
7lI4Z6_twLg,50.0,60.0,"/m/0463cq4,/m/09x0r",0,0,1,0,0,0,0,0
PQjm2rAdZtU,30.0,40.0,/m/04rlf,0,0,0,0,0,0,0,0
o-uOzHZRdYM,170.0,180.0,"/m/03qtwd,/m/053hz1,/t/dd00135",0,1,0,0,0,0,0,0
XA1STQDCs8o,0.0,10.0,/m/0g6b5,0,0,0,1,0,0,0,0
Kx1ZjIq_-LQ,520.0,530.0,"/m/04rlf,/m/07p6fty,/m/09x0r,/t/dd00126",0,1,0,0,0,0,0,0
wQHgf0RYbpY,30.0,40.0,/m/0c3f7m,0,0,0,0,0,0,0,1
w9o9M6XtCYA,0.0,10.0,"/m/03qc9zr,/m/07r660_,/m/07sq110,/m/09x0r",1,0,0,0,0,0,0,0
j_HK4aUuTZk,30.0,40.0,/m/0g6b5,0,0,0,1,0,0,0,0
whgSnKv9AIU,40.0,50.0,/m/09x0r,0,0,0,0,0,0,0,0
1nK_Ol90Kms,30.0,40.0,/m/014zdl,0,0,0,1,0,0,0,0
3yZdhndajHY,570.0,580.0,"/m/032s66,/m/04rlf",0,0,0,0,1,0,0,0
uFPVRcjDHTc,30.0,40.0,"/m/03qtwd,/m/053hz1,/t/dd00135",0,1,0,0,0,0,0,0
ASJq_tYiqPM,20.0,30.0,"/m/012f08,/m/012ndj,/m/03j1ly,/m/07yv9,/m/0btp2",0,0,0,0,0,0,1,0
DMVmy7UvFEc,20.0,30.0,/m/0g6b5,0,0,0,1,0,0,0,0
Td_QItx0Aog,30.0,40.0,/m/032s66,0,0,0,0,1,0,0,0
U88sczWL-vE,30.0,40.0,/m/09x0r,0,0,0,0,0,0,0,0
lp0Msjt8jjQ,70.0,80.0,/m/032s66,0,0,0,0,1,0,0,0
4xCbbgsE7IM,30.0,40.0,"/m/01y3hg,/m/030rvx,/m/09x0r",0,0,0,0,0,0,0,1
cLKm-sWI4NI,50.0,60.0,"/m/03qc9zr,/m/09x0r",1,0,0,0,0,0,0,0
3v0IfGJmehw,30.0,40.0,"/m/032s66,/m/09x0r",0,0,0,0,1,0,0,0
HmglZ8AQ6Co,30.0,40.0,/m/039jq,0,0,0,0,0,1,0,0
X3-1v93w760,30.0,40.0,"/m/016cjb,/m/04rlf",0,0,0,0,0,0,0,0
PcwqHYwZ6qE,30.0,40.0,"/m/026t6,/m/02hnl,/m/04rlf,/m/04szw,/m/0bm02",0,0,0,0,0,0,0,0
CLhgfJMeq2c,0.0,10.0,"/m/02lkt,/m/03mb9,/m/04rlf,/m/07p6fty,/m/07rwj3x",0,1,0,0,0,0,0,0
17VuPl9Wxvs,20.0,30.0,/m/02mfyn,0,0,0,0,0,0,0,1
4h-ukV-Euy0,50.0,60.0,"/m/09x0r,/m/0g6b5",0,0,0,1,0,0,0,0
MRrBBDO6OG0,30.0,40.0,/m/09x0r,0,0,0,0,0,0,0,0
_dH7f7PZkGg,220.0,230.0,"/m/015lz1,/m/04rlf,/m/07p6fty,/m/07rwj3x,/t/dd00126",0,1,0,0,0,0,0,0
csK3dsoceRw,70.0,80.0,"/m/039jq,/m/04rlf,/m/09x0r",0,0,0,0,0,1,0,0
vyQhsL4lcO0,460.0,470.0,"/m/01j3sz,/m/03qc9zr,/m/09x0r",1,0,0,0,0,0,0,0
hWSvuq56hlM,30.0,40.0,"/m/032s66,/m/073cg4",0,0,0,0,1,0,0,0
9PWgGPq2xoQ,0.0,4.0,/m/032s66,0,0,0,0,1,0,0,0
EtcVb_i9Ceo,30.0,40.0,"/m/032s66,/m/0_1c",0,0,0,0,1,0,0,0
BCFPHsgCQ2c,330.0,340.0,/m/032s66,0,0,0,0,1,0,0,0
19kcipjzOGI,7.0,17.0,"/m/04rlf,/t/dd00002",0,0,1,0,0,0,0,0
FKg7UqcmSss,260.0,270.0,"/m/03qtwd,/m/053hz1,/t/dd00135",0,1,0,0,0,0,0,0
pshYWTnco90,30.0,40.0,"/m/02mfyn,/m/07yv9,/m/09x0r,/m/0k4j",0,0,0,0,0,0,0,1
SK4jY_If3Uo,30.0,40.0,"/m/02lkt,/m/04rlf,/m/07gxw",0,0,0,0,0,0,0,0
ibnWGUOjLS4,0.0,10.0,"/m/07pp_mv,/m/0c3f7m",0,0,0,0,0,0,0,1
rTddwTvOvl4,50.0,60.0,"/m/032s66,/m/04rlf",0,0,0,0,1,0,0,0
nxkGlz_IUbI,0.0,10.0,"/m/014zdl,/m/015p6,/m/07st89h,/m/09b5t",0,0,0,1,0,0,0,0
FaSnU5Y6k0Q,60.0,70.0,"/m/09x0r,/m/0jbk",0,0,0,0,0,0,0,0
HukeYeoN8Rs,280.0,290.0,/m/039jq,0,0,0,0,0,1,0,0
lxsMyRaGtE0,100.0,110.0,/m/03qc9zr,1,0,0,0,0,0,0,0
W-HZgviLM8o,30.0,40.0,"/m/03kmc9,/m/0dgbq",0,0,0,0,0,0,1,0
dCgt_LOM2Hg,540.0,550.0,"/m/04rlf,/m/07p6fty,/m/09x0r,/t/dd00127",0,1,0,0,0,0,0,0
lmfmdOVSOJ4,0.0,10.0,/m/04rlf,0,0,0,0,0,0,0,0
ZyyHdr3zzCE,400.0,410.0,"/m/032s66,/m/09x0r",0,0,0,0,1,0,0,0
GQdgIc3C2hg,30.0,40.0,"/m/09x0r,/t/dd00002",0,0,1,0,0,0,0,0
gbI1DAJ0eKs,30.0,40.0,/t/dd00002,0,0,1,0,0,0,0,0
3tq4GsKWTQ4,10.0,20.0,"/m/0463cq4,/m/04rlf",0,0,1,0,0,0,0,0
w0d1fN7PVDE,90.0,100.0,"/m/039jq,/m/09x0r",0,0,0,0,0,1,0,0
S2BHqzyCIas,50.0,60.0,/m/0c3f7m,0,0,0,0,0,0,0,1
CCHRD-G9sfA,90.0,100.0,"/m/014zdl,/m/02z32qm,/m/032s66,/m/09x0r,/m/0g6b5",0,0,0,1,1,0,0,0
NcjxxJSZ9iM,6.0,16.0,"/m/012ndj,/m/07yv9,/m/09x0r",0,0,0,0,0,0,1,0
bQFxMfvimuY,60.0,70.0,"/m/03qc9zr,/m/0463cq4,/m/09x0r",1,0,1,0,0,0,0,0
ddmhHtpQZEo,30.0,40.0,"/m/03kmc9,/m/0dgbq",0,0,0,0,0,0,1,0
pLkhhQWCAxc,180.0,190.0,"/m/03qc9zr,/m/04rlf,/m/09x0r",1,0,0,0,0,0,0,0
9dmJXx5tXOA,30.0,40.0,"/m/04rlf,/m/09x0r",0,0,0,0,0,0,0,0
HFFHAj4MDfc,30.0,40.0,"/m/03k3r,/m/07q5rw0,/m/07rv9rh,/m/09x0r,/m/0jbk",0,0,0,0,0,0,0,0
wn8IAO_hT_o,30.0,40.0,/m/04rlf,0,0,0,0,0,0,0,0
LYWpeBgdt44,30.0,40.0,"/m/02fs_r,/m/0c3f7m",0,0,0,0,0,0,0,1
8RhqjFNu3yA,250.0,260.0,"/m/03qc9zr,/m/04rlf",1,0,0,0,0,0,0,0
QiP6G9GwZvo,470.0,480.0,/m/032s66,0,0,0,0,1,0,0,0
BW_rrz7h0oA,140.0,150.0,/m/0c3f7m,0,0,0,0,0,0,0,1
jxjCMkNqfJo,10.0,20.0,/m/032s66,0,0,0,0,1,0,0,0
P6wJ6TV2jTY,0.0,10.0,"/m/03qtwd,/t/dd00135",0,1,0,0,0,0,0,0
TYIB8F4YWls,30.0,40.0,"/m/012n7d,/m/012ndj",0,0,0,0,0,0,1,0
vKNj0fI8TmM,340.0,350.0,"/m/09x0r,/t/dd00125",0,0,0,0,0,0,0,0
i6zbcEBvlmc,0.0,10.0,/m/039jq,0,0,0,0,0,1,0,0
qPTwqnfPQvA,80.0,90.0,"/m/09x0r,/m/0c3f7m,/t/dd00125",0,0,0,0,0,0,0,1
ty-97XCI2BM,0.0,10.0,"/m/012ndj,/m/03j1ly,/m/03kmc9",0,0,0,0,0,0,1,0
Njsf96pw38M,30.0,40.0,"/m/014zdl,/m/04rlf,/m/09x0r",0,0,0,1,0,0,0,0
Vq0DqfAA4qs,60.0,70.0,"/m/07pp_mv,/m/09x0r",0,0,0,0,0,0,0,1
eBgK73_EWHw,420.0,430.0,/m/032s66,0,0,0,0,1,0,0,0
vt2mmOxCj4c,60.0,70.0,"/m/03qc9zr,/m/09x0r",1,0,0,0,0,0,0,0
JswXy8W6WVs,580.0,590.0,/m/039jq,0,0,0,0,0,1,0,0
eSwTjESiPV4,30.0,40.0,/m/03kmc9,0,0,0,0,0,0,1,0
sCFHNV7HqnI,0.0,7.0,"/m/02zsn,/m/03qc9zr",1,0,0,0,0,0,0,0
7we4oftPEXo,240.0,250.0,"/m/0463cq4,/m/09x0r",0,0,1,0,0,0,0,0
vYltefXSIHU,30.0,40.0,"/m/06h7j,/m/09x0r",0,0,0,0,0,0,0,0
-qIpB_X26Pg,0.0,10.0,"/m/0463cq4,/m/04rlf",0,0,1,0,0,0,0,0
ElPhjrtVQN8,430.0,440.0,"/m/03qc9zr,/m/09x0r",1,0,0,0,0,0,0,0
AMw1a31tHGc,230.0,240.0,/m/0g6b5,0,0,0,1,0,0,0,0
Q43A1vfe8Ro,40.0,50.0,"/m/03qc9zr,/m/09x0r",1,0,0,0,0,0,0,0
BGxO2zGGWZE,30.0,40.0,"/m/09x0r,/t/dd00002",0,0,1,0,0,0,0,0
uQIKe_5ihk0,50.0,60.0,"/m/039jq,/m/04rlf",0,0,0,0,0,1,0,0
ImU1r0OACxo,30.0,40.0,"/m/015p6,/m/07r_25d,/m/09x0r,/m/0jbk",0,0,0,0,0,0,0,0
p04A9GANXYw,30.0,40.0,"/m/09x0r,/t/dd00002",0,0,1,0,0,0,0,0
idWE-T8DHOo,40.0,50.0,/m/02mfyn,0,0,0,0,0,0,0,1
gsaV1KGA7Pw,10.0,20.0,"/m/09x0r,/m/0g6b5",0,0,0,1,0,0,0,0
LKLGvV9gG2I,10.0,20.0,"/m/015lz1,/m/04rlf,/m/07p6fty",0,1,0,0,0,0,0,0
EHgzJwWi5vg,24.0,34.0,/m/07pp_mv,0,0,0,0,0,0,0,1
NoUOW3UrVMg,160.0,170.0,"/m/07pp_mv,/m/0c3f7m",0,0,0,0,0,0,0,1
UAgOtASycYY,110.0,120.0,"/m/04rlf,/m/09x0r,/m/0g6b5",0,0,0,1,0,0,0,0
iUirw0XTP7M,200.0,210.0,"/m/09x0r,/t/dd00125",0,0,0,0,0,0,0,0
feAuvKauvdo,70.0,80.0,/m/03kmc9,0,0,0,0,0,0,1,0
XtWWEt3re-g,180.0,190.0,/m/02mfyn,0,0,0,0,0,0,0,1
G-Tco965h10,30.0,40.0,/m/03kmc9,0,0,0,0,0,0,1,0
StwD7FzWfQE,30.0,40.0,"/m/019jd,/m/04rlf,/m/09x0r",0,0,0,0,0,0,0,0
tR4Jx72BgXY,350.0,360.0,"/m/04rlf,/m/05148p4",0,0,0,0,0,0,0,0
FYCAPMbn4eY,30.0,40.0,/m/04rlf,0,0,0,0,0,0,0,0
Zz74xjBKvmE,550.0,560.0,"/m/03qc9zr,/m/09x0r",1,0,0,0,0,0,0,0
2KxKTRIk7PE,30.0,40.0,/m/09x0r,0,0,0,0,0,0,0,0
8hNsYQt_Dnw,240.0,250.0,"/m/012n7d,/m/03j1ly,/m/03kmc9,/m/04qvtq",0,0,0,0,0,0,1,0
HdwlwNKanoI,0.0,10.0,"/m/04rlf,/m/05r5c",0,0,0,0,0,0,0,0
aGSiyGVzpME,10.0,20.0,"/m/032s66,/m/04zjc",0,0,0,0,1,0,0,0
lEPrdKorxNs,100.0,110.0,"/m/03qc9zr,/m/09x0r",1,0,0,0,0,0,0,0
hSmnnlzGHyc,30.0,40.0,/m/09x0r,0,0,0,0,0,0,0,0
UQYp1iKx-Jc,30.0,40.0,"/m/02lkt,/m/04rlf,/m/07s72n",0,0,0,0,0,0,0,0
_HyafzTIm64,230.0,240.0,/m/032s66,0,0,0,0,1,0,0,0
Rg7OTrI5ClM,30.0,40.0,"/m/07qz6j3,/t/dd00002",0,0,1,0,0,0,0,0
kIpxjv-KnPM,30.0,40.0,/m/09x0r,0,0,0,0,0,0,0,0
NQxUTR91gHs,0.0,10.0,"/m/039jq,/m/04rlf,/m/09x0r,/t/dd00125",0,0,0,0,0,1,0,0
CHNYVZVwyZo,240.0,250.0,"/m/09x0r,/m/0ytgt,/t/dd00125",0,0,0,0,0,0,0,0
2tAyL2x0u84,30.0,40.0,/m/04rlf,0,0,0,0,0,0,0,0
ANyaBIp7o-0,0.0,8.0,"/m/014zdl,/m/07qsvvw",0,0,0,1,0,0,0,0
vnMU6WrkwaA,26.0,36.0,"/m/04rlf,/t/dd00002",0,0,1,0,0,0,0,0
dkz6ivRWv-8,10.0,20.0,"/m/04rlf,/m/07p6fty,/m/09x0r",0,1,0,0,0,0,0,0
ASfzitZmXek,40.0,50.0,"/m/032s66,/m/04rlf,/m/09x0r",0,0,0,0,1,0,0,0
M-WbEEKI7cY,5.0,15.0,"/m/01y3hg,/m/09x0r",0,0,0,0,0,0,0,1
y2FPgozq5iY,17.0,27.0,"/m/04rlf,/m/09x0r",0,0,0,0,0,0,0,0
5QZFiyyibN8,0.0,5.0,/m/09x0r,0,0,0,0,0,0,0,0
bmTuB5yZAMo,30.0,40.0,/m/09x0r,0,0,0,0,0,0,0,0
97-vQ_FDkWc,80.0,90.0,"/m/03qc9zr,/m/09x0r",1,0,0,0,0,0,0,0
3RolfxmUaO8,130.0,140.0,"/m/04rlf,/m/06bz3",0,0,0,0,0,0,0,0
iK35aqA6G6k,220.0,230.0,"/m/012n7d,/m/03j1ly,/m/03kmc9",0,0,0,0,0,0,1,0
1O2sEzwK4h8,30.0,40.0,"/m/04rlf,/t/dd00003",0,0,0,0,0,0,0,0
I1TWWYbjvJ8,0.0,10.0,"/m/039jq,/m/07pc8lb,/m/09x0r",0,0,0,0,0,1,0,0
Q2CHkwO7k84,18.0,28.0,/m/09x0r,0,0,0,0,0,0,0,0
F396x6sHAd0,20.0,30.0,/t/dd00002,0,0,1,0,0,0,0,0
paFk9FZEVvU,30.0,40.0,/m/04rlf,0,0,0,0,0,0,0,0
haNJK8fNNzw,430.0,440.0,/m/0c3f7m,0,0,0,0,0,0,0,1
Kr6WcIf7Xts,40.0,50.0,/m/032s66,0,0,0,0,1,0,0,0
PRMVYsDTgzY,20.0,30.0,"/m/03qc9zr,/m/07yv9,/m/09x0r",1,0,0,0,0,0,0,0
4Mbe1aNOLsY,5.0,15.0,"/m/04rlf,/m/09x0r",0,0,0,0,0,0,0,0
6Oc8g6XYHm0,40.0,50.0,"/m/0463cq4,/m/09x0r",0,0,1,0,0,0,0,0
YPEtGXY30Ow,21.0,31.0,/m/01y3hg,0,0,0,0,0,0,0,1
T8zCnUaNBEE,10.0,20.0,"/m/04rlf,/m/09x0r,/m/0g6b5",0,0,0,1,0,0,0,0
X3MT8moHCwM,30.0,40.0,"/m/046dlr,/m/07pp_mv,/m/09x0r",0,0,0,0,0,0,0,1
coPX4HAjl-k,70.0,80.0,"/m/015lz1,/m/04rlf,/m/07p6fty,/t/dd00127",0,1,0,0,0,0,0,0
BCQnfdvG094,30.0,40.0,"/m/04rlf,/m/09x0r",0,0,0,0,0,0,0,0
AxM9ZWwlOFM,30.0,40.0,/m/09x0r,0,0,0,0,0,0,0,0
R1kxnf-ae-s,30.0,40.0,/m/04rlf,0,0,0,0,0,0,0,0
x3Ny2eJsVLE,260.0,270.0,"/m/012f08,/m/012ndj,/m/03kmc9,/m/07r04,/m/07yv9",0,0,0,0,0,0,1,0
TDRlQXsr4a8,260.0,270.0,"/m/014zdl,/m/04rlf,/m/06bxc",0,0,0,1,0,0,0,0
mtuiEDBKgBU,0.0,10.0,"/m/039jq,/m/04rlf",0,0,0,0,0,1,0,0
ADr1ENHgD80,220.0,230.0,"/m/04rlf,/m/04szw,/m/07xzm,/m/0fx80y",0,0,0,0,0,0,0,0
xk1qQU836XQ,23.0,33.0,"/m/03j1ly,/m/03kmc9,/m/09x0r",0,0,0,0,0,0,1,0
shhPpqClrvk,20.0,30.0,/m/03kmc9,0,0,0,0,0,0,1,0
kOr4GzucB-g,20.0,30.0,"/m/025td0t,/m/04rlf",0,0,0,0,0,0,0,0
2aAMDGyeIMI,30.0,40.0,/m/09x0r,0,0,0,0,0,0,0,0
voJZFqN0M_o,30.0,40.0,"/m/03kmc9,/m/0dgbq",0,0,0,0,0,0,1,0
Nc-pqnAZlbo,30.0,40.0,"/m/09x0r,/t/dd00002",0,0,1,0,0,0,0,0
9qRUbcO2-M0,260.0,270.0,"/m/07p6fty,/m/09x0r",0,1,0,0,0,0,0,0
_uRyqLM1cTg,90.0,100.0,"/m/07pp_mv,/m/09x0r",0,0,0,0,0,0,0,1
eAQC9olONU4,30.0,40.0,/m/03qc9zr,1,0,0,0,0,0,0,0
-tw5aRabPXI,180.0,190.0,/m/032s66,0,0,0,0,1,0,0,0
GJVUQpWsNaY,0.0,10.0,"/m/03qc9zr,/m/09x0r",1,0,0,0,0,0,0,0
3hoN30NGgoU,450.0,460.0,"/m/0463cq4,/m/09x0r,/t/dd00125",0,0,1,0,0,0,0,0
jI0kOfMx1Bg,0.0,10.0,"/g/122z_qxw,/m/0g6b5",0,0,0,1,0,0,0,0
IK3xao3uR_A,19.0,29.0,"/m/02mfyn,/m/03kmc9",0,0,0,0,0,0,1,1
PUdI40H9cMA,130.0,140.0,"/m/015lz1,/m/03qtwd,/m/04rlf,/m/07p6fty,/m/09x0r",0,1,0,0,0,0,0,0
Gw1ioIGn9A4,30.0,40.0,"/m/014zdl,/m/07qsvvw,/m/09x0r",0,0,0,1,0,0,0,0
HLefqR-vPdU,30.0,40.0,"/m/04qvtq,/m/04rlf,/m/09x0r",0,0,0,0,0,0,1,0
LtNF1i2eSwg,5.0,15.0,/m/032s66,0,0,0,0,1,0,0,0
q6BraeGmvxA,0.0,10.0,"/m/02zsn,/m/039jq,/m/09x0r",0,0,0,0,0,1,0,0
lEuN1pt3R8I,10.0,20.0,"/m/03qc9zr,/m/07sq110,/m/0ytgt",1,0,0,0,0,0,0,0
C5_1_szvAF8,30.0,40.0,/m/04rlf,0,0,0,0,0,0,0,0
FrAdB8_Sep4,30.0,40.0,"/m/04rlf,/m/09x0r",0,0,0,0,0,0,0,0
YZV0GPGAIus,10.0,20.0,"/m/039jq,/m/09x0r",0,0,0,0,0,1,0,0
a0xNBPd8hzo,0.0,10.0,"/m/09x0r,/t/dd00121,/t/dd00125",0,0,0,0,0,0,0,0
qM-09e-9tZo,130.0,140.0,"/m/032s66,/m/073cg4",0,0,0,0,1,0,0,0
9TCBE1ad4Mg,30.0,40.0,/m/09x0r,0,0,0,0,0,0,0,0
iD14nt2q6qI,30.0,40.0,"/m/04rlf,/m/09x0r",0,0,0,0,0,0,0,0
SpHsWjLQKP8,30.0,40.0,"/m/03qc9zr,/m/09x0r",1,0,0,0,0,0,0,0
LaTQr9v0F9o,30.0,40.0,/m/09x0r,0,0,0,0,0,0,0,0
QFbPSVTleWY,290.0,300.0,/m/09x0r,0,0,0,0,0,0,0,0
2R7JneEDumY,30.0,40.0,/m/04rlf,0,0,0,0,0,0,0,0
MHSuAnNUyRc,80.0,90.0,"/m/03qtwd,/m/04rlf,/m/05r6t,/m/06by7,/m/07p6fty,/m/07sr1lc",0,1,0,0,0,0,0,0
JHvkoaB1LGo,10.0,20.0,"/m/012ndj,/m/03j1ly,/m/03kmc9,/m/07r04,/m/07yv9,/m/09x0r",0,0,0,0,0,0,1,0
1YLFyYYjOBo,350.0,360.0,"/m/09x0r,/m/0g6b5",0,0,0,1,0,0,0,0
DIZzmPwXzfY,30.0,40.0,"/m/01y3hg,/m/030rvx,/m/09x0r",0,0,0,0,0,0,0,1
aQIDbY1pxEY,260.0,270.0,"/m/03qc9zr,/m/09x0r",1,0,0,0,0,0,0,0
Mv01wbcA1gM,20.0,30.0,"/m/02mfyn,/m/03m9d0z,/t/dd00092",0,0,0,0,0,0,0,1
Md0xojrEqSM,30.0,40.0,"/m/03kmc9,/m/0dgbq",0,0,0,0,0,0,1,0
UXeD0hTh5Jo,0.0,10.0,"/m/039jq,/m/04rlf,/m/09x0r",0,0,0,0,0,1,0,0
OWsh88srGGM,30.0,35.0,"/m/04rlf,/m/09x0r",0,0,0,0,0,0,0,0
V0ACRTG8gKY,140.0,150.0,"/m/02mfyn,/m/03j1ly,/m/03kmc9,/m/04qvtq",0,0,0,0,0,0,1,1
7mScDfYXRVI,130.0,140.0,"/m/01y3hg,/m/07pp_mv,/m/0c3f7m",0,0,0,0,0,0,0,1
3I-ItKMBnAM,21.0,31.0,/m/012n7d,0,0,0,0,0,0,1,0
fSPB_m0cSHs,0.0,6.0,"/m/014zdl,/m/04rlf,/m/07qsvvw",0,0,0,1,0,0,0,0
N7Jw4SvMf18,30.0,40.0,"/m/042v_gx,/m/09x0r",0,0,0,0,0,0,0,0
MS-IJrai-Mk,80.0,90.0,"/g/122z_qxw,/m/0g6b5",0,0,0,1,0,0,0,0
MrUCS2D63jA,30.0,40.0,/m/02mfyn,0,0,0,0,0,0,0,1
CgJDW2mjhKY,1.0,11.0,"/m/09x0r,/t/dd00002",0,0,1,0,0,0,0,0
i6bEyTf9_3A,30.0,40.0,/m/04rlf,0,0,0,0,0,0,0,0
psYcQNDWuv4,26.0,36.0,"/m/09x0r,/m/0g6b5",0,0,0,1,0,0,0,0
wZyMFEm39Mg,30.0,40.0,"/m/09x0r,/m/0g6b5",0,0,0,1,0,0,0,0
5Fnc7yYDDvM,10.0,20.0,/m/0463cq4,0,0,1,0,0,0,0,0
U-cexvX0kJQ,30.0,40.0,"/m/032s66,/m/04zjc",0,0,0,0,1,0,0,0
usx1bupYAAo,30.0,40.0,/m/04rlf,0,0,0,0,0,0,0,0
Is8HRtdc1WU,0.0,10.0,"/m/03kmc9,/m/0dgbq",0,0,0,0,0,0,1,0
GNHPvgH0mqs,30.0,40.0,"/m/01z7dr,/m/04rlf",0,0,0,0,0,0,0,0
GMjqG-HvKOo,6.0,16.0,/m/03kmc9,0,0,0,0,0,0,1,0
TlngEsZr0e8,30.0,40.0,"/m/014zdl,/m/04rlf,/m/07qsvvw,/m/09x0r",0,0,0,1,0,0,0,0
eSyA_RsT1nc,80.0,90.0,"/m/012n7d,/m/03j1ly,/m/03kmc9",0,0,0,0,0,0,1,0
pi6ZeCK8GSY,30.0,40.0,"/m/04rlf,/m/09x0r",0,0,0,0,0,0,0,0
X2eUFkBHUBw,0.0,6.0,/m/014zdl,0,0,0,1,0,0,0,0
w8z86IXw7eA,0.0,10.0,"/m/0463cq4,/m/09x0r,/t/dd00002",0,0,1,0,0,0,0,0
LSJgQQ9sMYg,100.0,110.0,/m/09x0r,0,0,0,0,0,0,0,0
3w1f5E6qdAY,30.0,40.0,/m/09x0r,0,0,0,0,0,0,0,0
b_rptqJa7O4,490.0,500.0,"/m/09x0r,/m/0bt9lr,/m/0jbk",0,0,0,0,0,0,0,0
nOrpR5-fUK4,10.0,20.0,"/m/03qc9zr,/m/07s04w4,/m/09x0r",1,0,0,0,0,0,0,0
35HAjmoNJbg,200.0,210.0,"/m/0463cq4,/m/04rlf,/m/09x0r",0,0,1,0,0,0,0,0
QinbyHDz8WI,40.0,50.0,"/m/03qtwd,/m/053hz1,/t/dd00135",0,1,0,0,0,0,0,0
7vd2PjnETwc,310.0,320.0,"/m/012ndj,/m/07r04,/m/07yv9,/m/09x0r",0,0,0,0,0,0,1,0
511nBJ7qDdU,170.0,180.0,"/m/012ndj,/m/09x0r",0,0,0,0,0,0,1,0
1dVnP_e4gAQ,90.0,100.0,"/m/01y3hg,/m/09x0r",0,0,0,0,0,0,0,1
awiy9cU83RE,20.0,30.0,/m/0g6b5,0,0,0,1,0,0,0,0
f4-wR76LsSA,30.0,40.0,/m/09x0r,0,0,0,0,0,0,0,0
Wt_-ItUGPZI,30.0,40.0,"/m/02lkt,/m/04rlf,/m/07gxw,/m/09x0r",0,0,0,0,0,0,0,0
skvi9dUjShY,30.0,40.0,/t/dd00002,0,0,1,0,0,0,0,0
pyvF_R8e2j0,30.0,40.0,"/m/04rlf,/m/09x0r",0,0,0,0,0,0,0,0
PiiAvkdv3JA,30.0,40.0,"/m/014zdl,/m/07qsvvw,/m/09x0r",0,0,0,1,0,0,0,0
PzdchsmvRtE,410.0,420.0,"/m/015lz1,/m/04rlf,/m/07p6fty,/t/dd00126",0,1,0,0,0,0,0,0
QREo7zVksbQ,28.0,38.0,"/m/03kmc9,/m/0dgbq",0,0,0,0,0,0,1,0
sNegpvup0eE,30.0,40.0,"/m/032s66,/m/04zjc",0,0,0,0,1,0,0,0
_X_AbtmbesI,470.0,480.0,/m/032s66,0,0,0,0,1,0,0,0
ANWGZhPuuRQ,28.0,38.0,/m/0463cq4,0,0,1,0,0,0,0,0
dtGurbl7IYo,30.0,40.0,/m/04rlf,0,0,0,0,0,0,0,0
GCi_vNSLTnE,22.0,32.0,/m/03kmc9,0,0,0,0,0,0,1,0
FTtlxzgPP2o,30.0,40.0,"/m/012n7d,/m/03j1ly,/m/03kmc9,/m/04qvtq",0,0,0,0,0,0,1,0
OTUlo_5GGl4,180.0,190.0,"/m/04rlf,/m/07p6fty,/t/dd00126",0,1,0,0,0,0,0,0
7HsIqQVqTs4,0.0,10.0,"/m/03qc9zr,/m/04rlf",1,0,0,0,0,0,0,0
ZYtCp6OpMQs,170.0,180.0,/m/0g6b5,0,0,0,1,0,0,0,0
N0nid5as9rU,30.0,40.0,"/m/03qc9zr,/m/09x0r",1,0,0,0,0,0,0,0
m-2RKSb008E,90.0,100.0,"/m/03kmc9,/m/0dgbq",0,0,0,0,0,0,1,0
KckHyU6aDu4,30.0,40.0,"/m/09x0r,/t/dd00002",0,0,1,0,0,0,0,0
9kJBRdQ4Ab4,60.0,70.0,/m/039jq,0,0,0,0,0,1,0,0
UVo9N14Dtks,30.0,40.0,"/m/03qtwd,/m/053hz1,/t/dd00135",0,1,0,0,0,0,0,0
XjGiiesddM4,50.0,60.0,"/m/0342h,/m/03qc9zr,/m/04rlf,/m/04szw,/m/0fx80y",1,0,0,0,0,0,0,0
RN0DNglJ-cQ,0.0,10.0,"/m/03j1ly,/m/03kmc9,/m/04qvtq",0,0,0,0,0,0,1,0
0F6V1arNxqs,100.0,110.0,"/m/032s66,/m/073cg4",0,0,0,0,1,0,0,0
CYMc4Y62ha4,30.0,40.0,/m/0g6b5,0,0,0,1,0,0,0,0
0vqkvoRuSFQ,210.0,220.0,"/m/04rlf,/m/07p6fty,/m/09x0r",0,1,0,0,0,0,0,0
4_oRznFuqE8,5.0,15.0,/m/09x0r,0,0,0,0,0,0,0,0
Ua8n_xw0T5Y,80.0,90.0,"/m/0342h,/m/042v_gx,/m/04rlf,/m/04szw,/m/0fx80y",0,0,0,0,0,0,0,0
fB2vG9KFyLA,30.0,40.0,"/m/032s66,/m/0_1c",0,0,0,0,1,0,0,0
uZP42zRIYKc,30.0,40.0,/m/04rlf,0,0,0,0,0,0,0,0
5gfwWPCdl7k,20.0,30.0,/m/01y3hg,0,0,0,0,0,0,0,1
BalbWRK1-00,30.0,40.0,/m/09x0r,0,0,0,0,0,0,0,0
70QrXPezY2o,20.0,30.0,"/m/03qc9zr,/m/09x0r,/t/dd00128",1,0,0,0,0,0,0,0
J9VoPuv-zIQ,30.0,40.0,"/m/09x0r,/t/dd00067",0,0,0,0,0,0,0,0
ZQTSAFmH2P0,410.0,420.0,"/m/04rlf,/m/09x0r",0,0,0,0,0,0,0,0
8VY_ue1pdms,510.0,520.0,/m/032s66,0,0,0,0,1,0,0,0
HRza_F8qIcE,20.0,30.0,/m/032s66,0,0,0,0,1,0,0,0
upWS3tI_6OU,1.0,11.0,"/m/09x0r,/m/0g6b5",0,0,0,1,0,0,0,0
DyGxtbko2Jc,0.0,3.0,/m/014zdl,0,0,0,1,0,0,0,0
-DXUMMSmd-A,20.0,30.0,"/m/012f08,/m/012ndj,/m/03j1ly,/m/03kmc9,/m/07r04,/m/07yv9",0,0,0,0,0,0,1,0
_18mAR8JcSY,140.0,150.0,"/m/039jq,/m/04rlf",0,0,0,0,0,1,0,0
lwVTQsGSXog,10.0,20.0,"/g/122z_qxw,/m/0g6b5",0,0,0,1,0,0,0,0
1Z4QoVbiFIU,90.0,100.0,"/m/0463cq4,/m/09x0r,/t/dd00125",0,0,1,0,0,0,0,0
IZww7n5lJ_o,26.0,36.0,"/m/09x0r,/t/dd00002",0,0,1,0,0,0,0,0
QahfU5du4lE,20.0,30.0,"/m/0463cq4,/m/09x0r",0,0,1,0,0,0,0,0
VlRS8gK7Iko,50.0,60.0,"/m/026t6,/m/04rlf,/m/09x0r,/t/dd00128",0,0,0,0,0,0,0,0
H--XHTy0Phk,30.0,40.0,"/m/04rlf,/m/09x0r",0,0,0,0,0,0,0,0
sqTq6enNSs0,40.0,50.0,"/m/09x0r,/t/dd00125",0,0,0,0,0,0,0,0
ghQ8CeRcbmY,100.0,110.0,"/m/03j1ly,/m/03kmc9,/m/04qvtq",0,0,0,0,0,0,1,0
KnRGbVRa-z0,30.0,40.0,/m/014zdl,0,0,0,1,0,0,0,0
cna4LoIGcTg,140.0,150.0,"/m/03qc9zr,/m/09x0r",1,0,0,0,0,0,0,0
xvEYs2ScXiM,20.0,30.0,"/m/03kmc9,/m/0dgbq",0,0,0,0,0,0,1,0
-5bnhelxma8,30.0,40.0,"/m/04rlf,/m/09x0r",0,0,0,0,0,0,0,0
-XqeVWl2Tpw,180.0,190.0,"/m/03qtwd,/m/04rlf,/m/0g6b5",0,0,0,1,0,0,0,0
cF30SvsfsXE,90.0,100.0,"/m/039jq,/m/04rlf",0,0,0,0,0,1,0,0
mxQV2s4OCDo,30.0,40.0,"/m/032s66,/m/073cg4",0,0,0,0,1,0,0,0
ldPcujHM1RQ,30.0,40.0,"/m/012n7d,/m/02mfyn,/m/03j1ly,/m/03kmc9",0,0,0,0,0,0,1,1
-qblqQwDr8c,17.0,27.0,"/m/07qz6j3,/m/09x0r,/t/dd00002",0,0,1,0,0,0,0,0
1tOBtki9Xzk,30.0,40.0,"/m/07qz6j3,/m/09x0r,/t/dd00002",0,0,1,0,0,0,0,0
YglBEn3mDVQ,30.0,40.0,/m/04rlf,0,0,0,0,0,0,0,0
2enufoUKDvY,30.0,40.0,/m/09x0r,0,0,0,0,0,0,0,0
gBxB_dJOc_0,30.0,40.0,"/m/04rlf,/m/07p6fty,/m/09x0r",0,1,0,0,0,0,0,0
CdyHQN4MAPo,10.0,20.0,"/m/03j1ly,/m/03kmc9,/m/04qvtq,/m/07yv9,/m/0k4j",0,0,0,0,0,0,1,0
l9VtJVg0dGY,130.0,140.0,/m/032s66,0,0,0,0,1,0,0,0
8Xcri26EPSc,130.0,140.0,"/m/03qc9zr,/m/04rlf,/m/09x0r",1,0,0,0,0,0,0,0
z7a96h6WSCw,30.0,40.0,"/m/09x0r,/t/dd00002",0,0,1,0,0,0,0,0
Vu8_pQCte2M,30.0,40.0,/m/014zdl,0,0,0,1,0,0,0,0
ItGxW5vtk7s,0.0,8.0,"/m/012n7d,/m/03j1ly,/m/03kmc9",0,0,0,0,0,0,1,0
ezJ53v1hVqQ,20.0,30.0,"/m/09x0r,/t/dd00002",0,0,1,0,0,0,0,0
HWNcXMAUp6s,140.0,150.0,"/m/03qtwd,/m/04rlf,/m/07p6fty",0,1,0,0,0,0,0,0
nwftjwLs7D0,0.0,10.0,"/m/0463cq4,/m/04rlf,/m/09x0r",0,0,1,0,0,0,0,0
bEk239LKvXA,90.0,100.0,/m/09x0r,0,0,0,0,0,0,0,0
iKJMu8oR4h8,160.0,170.0,"/m/032s66,/m/04zjc",0,0,0,0,1,0,0,0
HBGIZG3hepI,0.0,5.0,"/m/012ndj,/m/03j1ly,/m/07r04,/m/07yv9",0,0,0,0,0,0,1,0
1bWGf-t7G8Q,30.0,40.0,"/m/04rlf,/t/dd00003",0,0,0,0,0,0,0,0
IQf_5m7UosM,120.0,130.0,"/m/02lkt,/m/04rlf,/m/08cyft",0,0,0,0,0,0,0,0
RG0GepmPYew,230.0,240.0,"/m/03qc9zr,/m/09x0r",1,0,0,0,0,0,0,0
hbDDvD_AyLg,30.0,40.0,"/m/09x0r,/t/dd00002",0,0,1,0,0,0,0,0
WMqF9cL2DpM,0.0,10.0,"/m/0463cq4,/m/09x0r",0,0,1,0,0,0,0,0
PwhNoomrrKM,6.0,16.0,/t/dd00002,0,0,1,0,0,0,0,0
Qcoj4Y8UBwo,30.0,40.0,/m/032s66,0,0,0,0,1,0,0,0
Ml-ZkEuLpJI,0.0,10.0,/m/0g6b5,0,0,0,1,0,0,0,0
EKvKcTW065k,30.0,40.0,/m/03kmc9,0,0,0,0,0,0,1,0
Si2j2kXqc_w,30.0,40.0,/m/09x0r,0,0,0,0,0,0,0,0
1KwY0EykfB8,290.0,300.0,/m/032s66,0,0,0,0,1,0,0,0
igUQXchUmTM,550.0,560.0,"/m/0463cq4,/m/04rlf,/t/dd00002",0,0,1,0,0,0,0,0
mcCGVenhQgk,250.0,260.0,/m/032s66,0,0,0,0,1,0,0,0
41BZ8Cma-uE,30.0,40.0,/m/032s66,0,0,0,0,1,0,0,0
YxRzZnvdnLI,30.0,40.0,/m/03kmc9,0,0,0,0,0,0,1,0
LdGK69NWH7o,20.0,30.0,"/m/09x0r,/t/dd00002",0,0,1,0,0,0,0,0
82T4Vgg4_Kw,220.0,230.0,"/m/012n7d,/m/03j1ly,/m/03kmc9",0,0,0,0,0,0,1,0
EULdQjP6lx8,30.0,40.0,/m/02mfyn,0,0,0,0,0,0,0,1
KYGGopjT2h0,150.0,160.0,"/m/0342h,/m/042v_gx,/m/04rlf,/m/04szw,/m/09x0r,/m/0fx80y",0,0,0,0,0,0,0,0
OZKIpX1qxw0,540.0,550.0,"/m/032s66,/m/09x0r",0,0,0,0,1,0,0,0
fNcrlqPrAqM,30.0,40.0,"/m/03j1ly,/m/03kmc9,/m/04qvtq",0,0,0,0,0,0,1,0
_ySR95oDBh4,18.0,28.0,"/m/03kmc9,/m/0dgbq",0,0,0,0,0,0,1,0
RzPeSTBrGic,400.0,410.0,"/m/03qtwd,/m/053hz1,/t/dd00135",0,1,0,0,0,0,0,0
FVqmTxpMymY,0.0,10.0,"/m/04rlf,/t/dd00129",0,0,0,0,0,0,0,0
H7W5vjVP6uQ,30.0,40.0,/m/014zdl,0,0,0,1,0,0,0,0
0qkSg1OxD9I,10.0,20.0,"/m/026t6,/m/028v0c,/m/04rlf,/m/04szw,/t/dd00125",0,0,0,0,0,0,0,0
ZB_EdZiPmdA,30.0,40.0,"/m/0463cq4,/m/09x0r,/m/0ytgt",0,0,1,0,0,0,0,0
9ZUzftiN2uw,10.0,20.0,"/m/046dlr,/m/04rlf,/m/05rwpb,/m/06by7,/m/07pp_mv",0,0,0,0,0,0,0,1
-eQTVExTPUs,14.0,24.0,/m/09x0r,0,0,0,0,0,0,0,0
AFk5RpxS6FM,30.0,40.0,"/m/04rlf,/m/09x0r",0,0,0,0,0,0,0,0
LyhapayOx44,30.0,40.0,"/m/09x0r,/t/dd00002",0,0,1,0,0,0,0,0
UCnOX3b8oyE,30.0,40.0,/m/09x0r,0,0,0,0,0,0,0,0
jeMkJ0ri450,50.0,60.0,"/m/039jq,/m/0838f",0,0,0,0,0,1,0,0
7eZ2Qq0ezVs,30.0,40.0,/m/03qtwd,0,0,0,0,0,0,0,0
Aq9mkRr_E7c,22.0,32.0,"/m/04rlf,/m/09x0r",0,0,0,0,0,0,0,0
1Wz31eLYuk8,150.0,160.0,/m/032s66,0,0,0,0,1,0,0,0
scVC_aPLBK0,30.0,40.0,/m/04rlf,0,0,0,0,0,0,0,0
_2RpQrIhFw8,30.0,40.0,/m/09x0r,0,0,0,0,0,0,0,0
fThwUtp9sWU,30.0,40.0,"/m/02zsn,/m/03qc9zr,/m/09x0r,/m/0ytgt",1,0,0,0,0,0,0,0
Zq8SGjE31io,180.0,190.0,/m/09x0r,0,0,0,0,0,0,0,0
tBcJaoOle1I,40.0,50.0,/m/0c3f7m,0,0,0,0,0,0,0,1
UCoPVZx-llo,0.0,6.0,"/m/04rlf,/m/09x0r",0,0,0,0,0,0,0,0
klSDXSJoc3A,120.0,130.0,"/m/04rlf,/m/05148p4",0,0,0,0,0,0,0,0
TLKfF2H-dkw,40.0,50.0,/m/02mfyn,0,0,0,0,0,0,0,1
tWDPt8ekwHk,0.0,10.0,/m/0g6b5,0,0,0,1,0,0,0,0
aslxfM0T8No,10.0,20.0,/m/03qc9zr,1,0,0,0,0,0,0,0
crvhdOAAJWI,0.0,10.0,"/m/03qtwd,/m/053hz1,/t/dd00135",0,1,0,0,0,0,0,0
hBHJ8TvAn-U,120.0,130.0,"/m/03kmc9,/m/0dgbq",0,0,0,0,0,0,1,0
NRl7XxV0u60,30.0,40.0,"/m/03qtwd,/m/053hz1,/t/dd00135",0,1,0,0,0,0,0,0
Y5Z_QkEC1oE,120.0,130.0,/m/0c3f7m,0,0,0,0,0,0,0,1
Ezi2vHJCHSE,10.0,20.0,"/m/039jq,/m/09x0r",0,0,0,0,0,1,0,0
NmJ0sfqgoSc,30.0,40.0,/m/032s66,0,0,0,0,1,0,0,0
EptushomUOc,20.0,30.0,/m/0c3f7m,0,0,0,0,0,0,0,1
vQWFMfbDJyI,110.0,120.0,"/m/032s66,/m/0_1c",0,0,0,0,1,0,0,0
AYo7maCVwPM,0.0,10.0,/m/09x0r,0,0,0,0,0,0,0,0
djT7-vdjnmQ,20.0,30.0,/m/032s66,0,0,0,0,1,0,0,0
Bkq1PAyGuZY,8.0,18.0,"/m/03qc9zr,/m/09x0r",1,0,0,0,0,0,0,0
IN3jm_9NfHs,30.0,40.0,/m/09x0r,0,0,0,0,0,0,0,0
auOZa1JEjIA,20.0,30.0,/m/0c3f7m,0,0,0,0,0,0,0,1
a9gmoalo7r8,22.0,32.0,/m/03kmc9,0,0,0,0,0,0,1,0
3HBSWJPK8w4,10.0,20.0,"/g/122z_qxw,/m/04rlf,/m/0g6b5",0,0,0,1,0,0,0,0
gN-Y26t5FYg,30.0,40.0,"/m/04rlf,/t/dd00032",0,0,0,0,0,0,0,0
oWqQrTe3JKE,10.0,20.0,"/m/03qc9zr,/m/04rlf",1,0,0,0,0,0,0,0
025JhagRnlA,140.0,150.0,"/m/015lz1,/m/04rlf,/m/07p6fty,/m/09x0r",0,1,0,0,0,0,0,0
SQe1slBe8ww,150.0,160.0,"/m/03qtwd,/m/053hz1,/t/dd00135",0,1,0,0,0,0,0,0
RPll9VpPWmo,30.0,40.0,"/m/0463cq4,/m/07qz6j3,/m/09x0r,/t/dd00002",0,0,1,0,0,0,0,0
NXD8HAe31bM,390.0,400.0,"/m/012n7d,/m/03j1ly,/m/03kmc9",0,0,0,0,0,0,1,0
xVQCXKl2sbw,20.0,30.0,"/m/0463cq4,/m/09x0r",0,0,1,0,0,0,0,0
lFbo7xqRqHk,110.0,120.0,"/m/02z32qm,/m/04rlf",0,0,0,0,0,0,0,0
kkrXbuKB4Tw,80.0,90.0,/m/0463cq4,0,0,1,0,0,0,0,0
xqinGRB84BI,30.0,40.0,"/m/04rlf,/m/04szw",0,0,0,0,0,0,0,0
MSG0QUbV2n0,190.0,200.0,/m/039jq,0,0,0,0,0,1,0,0
zirMyE9UKjw,30.0,40.0,"/m/09x0r,/t/dd00002",0,0,1,0,0,0,0,0
XgFiUhO6dak,30.0,40.0,/m/09x0r,0,0,0,0,0,0,0,0
2N82I2HniFE,0.0,10.0,"/m/015lz1,/m/04rlf,/m/064t9,/m/07p6fty",0,1,0,0,0,0,0,0
f48hWT-pwAA,30.0,40.0,/m/012ndj,0,0,0,0,0,0,1,0
UMXXOuXE9NQ,30.0,40.0,/m/0g6b5,0,0,0,1,0,0,0,0
XmGUnHV1KUM,30.0,40.0,/m/04rlf,0,0,0,0,0,0,0,0
uWGWBZUuEUY,0.0,10.0,"/m/03m9d0z,/m/09x0r",0,0,0,0,0,0,0,0
Pq5v4xs0KCU,1.0,11.0,"/m/03qc9zr,/m/04rlf,/m/09x0r",1,0,0,0,0,0,0,0
-OChLdShE-Y,30.0,40.0,"/g/122z_qxw,/m/0g6b5",0,0,0,1,0,0,0,0
N1nXiiy-a7Y,330.0,340.0,"/m/04rlf,/m/04szw,/m/0dwt5,/m/0l14md",0,0,0,0,0,0,0,0
RJ9QIXwDJAQ,0.0,10.0,"/m/03qc9zr,/m/04rlf,/m/09x0r",1,0,0,0,0,0,0,0
Gr-nLNvR7ro,220.0,230.0,/m/03qc9zr,1,0,0,0,0,0,0,0
h_K1rkYs3HY,21.0,31.0,"/m/032s66,/m/04zjc",0,0,0,0,1,0,0,0
pIpTRHXyLb4,70.0,80.0,"/m/03j1ly,/m/03kmc9,/m/04qvtq",0,0,0,0,0,0,1,0
7vgdo_d23XI,420.0,430.0,"/m/01j3sz,/m/03qc9zr,/m/09x0r",1,0,0,0,0,0,0,0
v7U6jQe1xZU,10.0,20.0,/m/0g6b5,0,0,0,1,0,0,0,0
C-MoZ1_2Tt0,10.0,20.0,"/m/039jq,/m/09x0r",0,0,0,0,0,1,0,0
V7k2HKCGSck,290.0,300.0,"/g/122z_qxw,/m/09x0r,/m/0g6b5",0,0,0,1,0,0,0,0
05Jqezmt9iU,30.0,40.0,/m/09x0r,0,0,0,0,0,0,0,0
nfhrOOu94yc,0.0,10.0,"/m/0342h,/m/042v_gx,/m/04rlf,/m/04szw,/m/0fx80y,/t/dd00125",0,0,0,0,0,0,0,0
GSpAeDQXg6U,30.0,40.0,/m/04rlf,0,0,0,0,0,0,0,0
41frLbvJKhQ,0.0,10.0,/m/03qc9zr,1,0,0,0,0,0,0,0
DChD1PAHvL0,100.0,110.0,"/m/015lz1,/m/04rlf",0,0,0,0,0,0,0,0
g3WQZ_mQYIw,30.0,40.0,"/m/04rlf,/m/07s72n",0,0,0,0,0,0,0,0
KyTMiZ1w9Sc,30.0,40.0,"/m/05zppz,/m/09x0r",0,0,0,0,0,0,0,0
RJ7kBw5f7BU,11.0,21.0,"/m/014zdl,/m/09x0r",0,0,0,1,0,0,0,0
GfbE35HVJuQ,13.0,23.0,"/m/09x0r,/m/0g6b5",0,0,0,1,0,0,0,0
dYXQL786Qws,60.0,70.0,"/g/122z_qxw,/m/09x0r,/m/0g6b5,/t/dd00128",0,0,0,1,0,0,0,0
I69eAG7F5Ck,0.0,10.0,"/m/04qvtq,/m/07yv9,/m/09x0r",0,0,0,0,0,0,1,0
7DD9zNYXyLE,30.0,40.0,"/m/032s66,/m/0_1c",0,0,0,0,1,0,0,0
W2nxqcCGbz8,30.0,40.0,/m/02mfyn,0,0,0,0,0,0,0,1
a-NUxUB6DsU,30.0,40.0,/m/09x0r,0,0,0,0,0,0,0,0
bvuN0ay45nQ,30.0,40.0,/t/dd00002,0,0,1,0,0,0,0,0
MKYKn52Bppk,0.0,10.0,"/m/04rlf,/m/07gql",0,0,0,0,0,0,0,0
eOvwVBRgaaE,0.0,7.0,"/m/032s66,/m/04zjc",0,0,0,0,1,0,0,0
f95mN91Xvr8,30.0,40.0,"/m/01y3hg,/m/09x0r",0,0,0,0,0,0,0,1
Y3EFNqnWBNY,40.0,50.0,"/m/04rlf,/m/07p6fty,/m/09x0r",0,1,0,0,0,0,0,0
4bDNr22sPiY,90.0,100.0,"/m/032s66,/m/073cg4",0,0,0,0,1,0,0,0
jQqv-4BzK6c,70.0,80.0,"/m/04rlf,/m/07p6fty,/m/09x0r,/t/dd00126",0,1,0,0,0,0,0,0
9fL3bNArxmc,0.0,10.0,"/m/03fwl,/m/03qc9zr,/m/0ch8v",1,0,0,0,0,0,0,0
kv0L1LLBHvA,120.0,130.0,"/m/03qc9zr,/m/09x0r",1,0,0,0,0,0,0,0
YRARadgXPp4,20.0,30.0,"/m/032s66,/m/04zjc",0,0,0,0,1,0,0,0
T30R1vH0jL0,80.0,90.0,"/m/032s66,/m/073cg4",0,0,0,0,1,0,0,0
Xgbe1-rM7sw,16.0,26.0,"/m/09x0r,/t/dd00002",0,0,1,0,0,0,0,0
rIZ3K4xqTPA,28.0,38.0,"/m/07qz6j3,/m/09x0r,/t/dd00002",0,0,1,0,0,0,0,0
ZtPyLUkbWs4,340.0,350.0,"/m/03qc9zr,/m/09x0r",1,0,0,0,0,0,0,0
8JnXd31gqkE,310.0,320.0,/m/032s66,0,0,0,0,1,0,0,0
99Tb7HSFn3I,180.0,190.0,/m/032s66,0,0,0,0,1,0,0,0
5Iqrf979mVo,130.0,140.0,"/m/039jq,/t/dd00128",0,0,0,0,0,1,0,0
YbFH2i17goQ,30.0,40.0,/m/032s66,0,0,0,0,1,0,0,0
9f8zcSfxOFA,140.0,150.0,/m/04qvtq,0,0,0,0,0,0,1,0
5OA_Vq5zsgw,30.0,40.0,/m/09x0r,0,0,0,0,0,0,0,0
pQ6vHD28sS8,20.0,30.0,"/m/04rlf,/m/09x0r",0,0,0,0,0,0,0,0
lVl9LR5OQp0,330.0,340.0,"/m/01y3hg,/m/09x0r",0,0,0,0,0,0,0,1
vAwwvwmmLu0,60.0,70.0,"/m/0463cq4,/m/09x0r",0,0,1,0,0,0,0,0
zwYTcyF2zMQ,40.0,50.0,/m/0c3f7m,0,0,0,0,0,0,0,1
FdTl0ITxDJ0,430.0,440.0,"/m/012n7d,/m/03j1ly,/m/03kmc9",0,0,0,0,0,0,1,0
1pLOAHXZTdQ,0.0,10.0,"/m/012f08,/m/04qvtq,/m/07yv9,/m/0k4j",0,0,0,0,0,0,1,0
5Mus5JYWzsU,30.0,40.0,"/m/04rlf,/m/07sbbz2",0,0,0,0,0,0,0,0
xoL_pPNeNgU,0.0,10.0,/m/0c3f7m,0,0,0,0,0,0,0,1
gF-DoahIME8,10.0,20.0,"/m/039jq,/m/04brg2,/m/04rlf",0,0,0,0,0,1,0,0
SvhjhZjEy2E,0.0,10.0,"/m/03qtwd,/m/053hz1,/t/dd00135",0,1,0,0,0,0,0,0
jk6kmw-Bllg,20.0,30.0,/m/032s66,0,0,0,0,1,0,0,0
y-oMBTBvR48,30.0,40.0,"/m/01v1d8,/m/04rlf",0,0,0,0,0,0,0,0
o9-QXaiTL9A,90.0,100.0,"/m/05zppz,/m/07p6fty,/m/09x0r",0,1,0,0,0,0,0,0
tXrgy2gLptY,220.0,230.0,/m/04qvtq,0,0,0,0,0,0,1,0
9Zf61gzMNR0,50.0,60.0,"/m/04rlf,/m/04szw,/m/05148p4,/m/05r5c,/m/09x0r,/m/0l14qv",0,0,0,0,0,0,0,0
wovQ-KTHaY0,20.0,30.0,"/m/039jq,/m/09x0r",0,0,0,0,0,1,0,0
EhcdKAq3S8g,20.0,30.0,"/m/03kmc9,/m/04qvtq,/m/04rlf",0,0,0,0,0,0,1,0
S2qAaK7asKA,30.0,40.0,"/m/04rlf,/m/09x0r",0,0,0,0,0,0,0,0
n4IOK5liZf8,10.0,20.0,"/m/07pp_mv,/m/0c3f7m",0,0,0,0,0,0,0,1
663Cy9dppf8,50.0,60.0,"/m/03qc9zr,/m/09x0r",1,0,0,0,0,0,0,0
eAIAfmg-bCA,30.0,40.0,/m/03qc9zr,1,0,0,0,0,0,0,0
UZaIHIz7V3Y,30.0,40.0,"/m/012ndj,/m/07yv9,/t/dd00128",0,0,0,0,0,0,1,0
pGP2wjwM4HE,80.0,90.0,"/m/07pp_mv,/m/09x0r,/m/0c3f7m",0,0,0,0,0,0,0,1
l1dJPN7RtUI,550.0,560.0,"/m/09x0r,/m/0g6b5",0,0,0,1,0,0,0,0
ooiwuJ2aJow,30.0,40.0,"/m/03qtwd,/m/053hz1,/t/dd00135",0,1,0,0,0,0,0,0
Yfi9a_yPdxk,11.0,21.0,"/m/03j1ly,/m/03kmc9,/m/04qvtq",0,0,0,0,0,0,1,0
8F-ndyrEWJ8,470.0,480.0,"/m/012n7d,/m/03j1ly,/m/03kmc9",0,0,0,0,0,0,1,0
hiMZCugvxak,1.0,6.0,/m/09x0r,0,0,0,0,0,0,0,0
CN4DcBT9WcE,30.0,40.0,"/m/06bz3,/m/09x0r,/m/0c3f7m,/t/dd00125",0,0,0,0,0,0,0,1
BOAOoCQ4GVg,30.0,40.0,/m/03kmc9,0,0,0,0,0,0,1,0
pr4XGNDIGZc,0.0,10.0,"/m/03kmc9,/m/0dgbq",0,0,0,0,0,0,1,0
NyT8rRl6nd8,8.0,18.0,/m/0c3f7m,0,0,0,0,0,0,0,1
WSeclkX4vts,15.0,25.0,"/m/07qz6j3,/m/09x0r,/t/dd00002",0,0,1,0,0,0,0,0
9CSMxdvZGNA,60.0,70.0,/m/03kmc9,0,0,0,0,0,0,1,0
B66u2s42zb0,30.0,40.0,/m/04rlf,0,0,0,0,0,0,0,0
6WhKBYvjpkE,30.0,40.0,/m/09x0r,0,0,0,0,0,0,0,0
s0iXZs7hAQc,20.0,30.0,"/m/0342h,/m/04rlf,/m/04szw,/m/0fx80y,/m/0ggq0m",0,0,0,0,0,0,0,0
YZKB0GsIdYQ,30.0,40.0,/t/dd00002,0,0,1,0,0,0,0,0
KVLP3U6D6FE,30.0,40.0,"/m/01y3hg,/m/02fs_r",0,0,0,0,0,0,0,1
WAsayl6LjV8,300.0,310.0,"/m/012n7d,/m/02mfyn,/m/03j1ly,/m/03kmc9,/m/04qvtq",0,0,0,0,0,0,1,1
2LFkHY__MKQ,280.0,290.0,"/m/03qc9zr,/m/09x0r",1,0,0,0,0,0,0,0
3pv0kmrezHI,80.0,90.0,"/m/03qtwd,/m/053hz1,/t/dd00135",0,1,0,0,0,0,0,0
au0a3yWK8xg,130.0,140.0,"/m/015lz1,/m/04rlf,/m/07p6fty,/t/dd00126",0,1,0,0,0,0,0,0
O5tcVBEyvvA,30.0,40.0,"/m/014zdl,/m/02_41,/m/09x0r",0,0,0,1,0,0,0,0
eVezZYuc6YM,390.0,400.0,"/m/039jq,/m/04rlf,/m/09x0r",0,0,0,0,0,1,0,0
NT1ZO08E9us,20.0,30.0,"/m/03qtwd,/m/053hz1,/t/dd00135",0,1,0,0,0,0,0,0
ZZ2Ol20b-ck,210.0,220.0,"/m/09x0r,/t/dd00002",0,0,1,0,0,0,0,0
JZTaDLkT-j4,90.0,100.0,"/m/039jq,/m/07rjzl8,/m/09x0r",0,0,0,0,0,1,0,0
KVSIOOeEUaU,60.0,70.0,/m/0c3f7m,0,0,0,0,0,0,0,1
dZC3M7BannY,80.0,90.0,"/m/039jq,/m/09x0r",0,0,0,0,0,1,0,0
JRwDkshHaPU,270.0,280.0,"/m/09x0r,/t/dd00125",0,0,0,0,0,0,0,0
iuznas98-mE,20.0,30.0,"/m/03qtwd,/t/dd00135",0,1,0,0,0,0,0,0
DCe-BgBpy1Q,30.0,40.0,/m/04qvtq,0,0,0,0,0,0,1,0
hIwqUKdy_sg,30.0,40.0,/m/04rlf,0,0,0,0,0,0,0,0
Re0rZ7_rY_Q,20.0,30.0,"/m/012n7d,/m/03j1ly,/m/03kmc9,/m/04qvtq",0,0,0,0,0,0,1,0
gjje3WHah4w,30.0,40.0,"/m/03j1ly,/m/03kmc9,/m/04qvtq",0,0,0,0,0,0,1,0
Ys6HXg-H0_E,110.0,120.0,"/m/04rlf,/m/07p6fty,/t/dd00126",0,1,0,0,0,0,0,0
BQEkK__q3Ug,210.0,220.0,"/m/03kmc9,/m/09x0r",0,0,0,0,0,0,1,0
vhV7lk5GxYo,30.0,40.0,/m/04rlf,0,0,0,0,0,0,0,0
wZiOKqc8BeY,30.0,40.0,/m/09x0r,0,0,0,0,0,0,0,0
6JvQzZeMQfM,40.0,50.0,"/m/039jq,/m/04rlf,/t/dd00125",0,0,0,0,0,1,0,0
9nX9iKPiPIU,30.0,40.0,"/m/015lz1,/m/04rlf,/m/07p6fty",0,1,0,0,0,0,0,0
f7GdHA9E1hc,0.0,7.0,"/m/03fwl,/m/03qc9zr,/m/07bgp,/m/0ch8v,/m/0jbk",1,0,0,0,0,0,0,0
X0ML02sw2d8,60.0,70.0,"/m/03qc9zr,/m/09x0r",1,0,0,0,0,0,0,0
l5JEVfEngtY,80.0,90.0,"/m/02sgy,/m/04rlf",0,0,0,0,0,0,0,0
Du9EsX7W8ls,30.0,40.0,"/m/09x0r,/t/dd00002",0,0,1,0,0,0,0,0
mkNRkSJTh78,150.0,160.0,"/m/02cjck,/m/04rlf",0,0,0,0,0,0,0,0
KzxzfRWBVbY,11.0,21.0,/m/014zdl,0,0,0,1,0,0,0,0
YNfOY2fMxY4,30.0,40.0,"/m/09x0r,/t/dd00002",0,0,1,0,0,0,0,0
AYLHs63HqzA,30.0,40.0,"/m/01y3hg,/m/02fs_r",0,0,0,0,0,0,0,1
RVMcJNpclYk,30.0,40.0,"/m/09x0r,/t/dd00002",0,0,1,0,0,0,0,0
gy74g-VpgAo,30.0,40.0,/m/03kmc9,0,0,0,0,0,0,1,0
Ndoljx4vDuc,10.0,20.0,"/m/04rlf,/t/dd00036",0,0,0,0,0,0,0,0
W8TLGIABaIk,90.0,100.0,"/m/03qtwd,/m/053hz1,/t/dd00135",0,1,0,0,0,0,0,0
taluMvQMS_Y,30.0,40.0,"/m/01j3sz,/m/0463cq4,/t/dd00002",0,0,1,0,0,0,0,0
mOwEnGz9OAw,140.0,150.0,"/m/03kmc9,/m/09x0r",0,0,0,0,0,0,1,0
5TZxwJJMPvc,30.0,40.0,"/m/05zppz,/m/09x0r",0,0,0,0,0,0,0,0
iFH_A0_i8VY,30.0,40.0,"/m/01y3hg,/m/07pp_mv,/m/09x0r",0,0,0,0,0,0,0,1
vXOhbFavtqU,60.0,70.0,"/m/032s66,/m/04zjc,/m/0_1c",0,0,0,0,1,0,0,0
NRBt6ozCHSE,30.0,40.0,"/m/03qtwd,/m/053hz1,/t/dd00135",0,1,0,0,0,0,0,0
i40I6uuM7HA,30.0,40.0,/m/04rlf,0,0,0,0,0,0,0,0
WzI2XXbqZO0,2.0,12.0,"/m/014zdl,/m/04rlf,/m/07qsvvw",0,0,0,1,0,0,0,0
IjYjI2WldDI,80.0,90.0,"/m/04rlf,/m/05r6t",0,0,0,0,0,0,0,0
CpQq2GAIoKs,160.0,170.0,"/m/04rlf,/m/09x0r",0,0,0,0,0,0,0,0
2hkZUWJZfp8,20.0,30.0,"/m/039jq,/m/09x0r",0,0,0,0,0,1,0,0
gnX1saUKv3c,0.0,10.0,"/m/01jt3m,/m/09x0r",0,0,0,0,0,0,0,0
kCc1fAbUXOs,30.0,40.0,/m/04rlf,0,0,0,0,0,0,0,0
L2wUozByPks,30.0,40.0,/m/04rlf,0,0,0,0,0,0,0,0
NIHolSLHPhE,260.0,270.0,"/m/015lz1,/m/04rlf",0,0,0,0,0,0,0,0
1Gbs_uCx49M,10.0,20.0,"/m/09x0r,/m/0g6b5,/t/dd00128",0,0,0,1,0,0,0,0
ZhCSX163ZPI,370.0,380.0,"/m/032s66,/m/04zjc",0,0,0,0,1,0,0,0
_WD9mbwAcrQ,130.0,140.0,"/m/015lz1,/m/04rlf,/m/07p6fty,/t/dd00126",0,1,0,0,0,0,0,0
kcWhqeNl5KI,12.0,22.0,"/m/09x0r,/t/dd00002",0,0,1,0,0,0,0,0
dl793c9RCJY,30.0,40.0,"/m/027m70_,/m/03qtwd,/t/dd00135",0,1,0,0,0,0,0,0
7FyzDAym-aA,30.0,40.0,/m/09x0r,0,0,0,0,0,0,0,0
Ap4nvdEotqw,3.0,13.0,/m/0463cq4,0,0,1,0,0,0,0,0
aMxLy5s3y8k,30.0,40.0,"/m/032s66,/m/0_1c",0,0,0,0,1,0,0,0
GqTExeZqXzw,20.0,30.0,/m/03qc9zr,1,0,0,0,0,0,0,0
FQSAHUw_fUc,0.0,10.0,"/m/03j1ly,/m/03kmc9,/m/04qvtq",0,0,0,0,0,0,1,0
Y8Ee_FdAkYY,340.0,350.0,/m/0g6b5,0,0,0,1,0,0,0,0
ViYJloqbcLQ,10.0,20.0,/m/032s66,0,0,0,0,1,0,0,0
Teyb9BSCwTY,30.0,40.0,"/m/04rlf,/m/09x0r",0,0,0,0,0,0,0,0
QLKw_Tgd-ys,70.0,80.0,/m/032s66,0,0,0,0,1,0,0,0
tz0IRazl1hs,30.0,40.0,/m/09x0r,0,0,0,0,0,0,0,0
YtsvF1TbWuM,9.0,19.0,/m/09x0r,0,0,0,0,0,0,0,0
PTfWly8AEQA,120.0,130.0,"/m/032s66,/m/073cg4",0,0,0,0,1,0,0,0
pgT4OaJ-G5M,60.0,70.0,"/m/046dlr,/m/07pp_mv",0,0,0,0,0,0,0,1
rhRrboWtlH4,30.0,40.0,"/m/09x0r,/t/dd00002",0,0,1,0,0,0,0,0
V2FuraJKqPI,180.0,190.0,"/m/01y3hg,/m/09x0r,/t/dd00125",0,0,0,0,0,0,0,1
lVCUaqXeBjY,70.0,80.0,"/m/03qtwd,/m/053hz1,/t/dd00135",0,1,0,0,0,0,0,0
yUX1Xl8DYdU,30.0,40.0,"/m/012n7d,/m/09x0r",0,0,0,0,0,0,1,0
ozzjUgbUAaE,20.0,30.0,"/m/012n7d,/m/03j1ly,/m/03kmc9,/m/04qvtq",0,0,0,0,0,0,1,0
ztSjcZNUY7A,30.0,40.0,"/m/09x0r,/t/dd00002",0,0,1,0,0,0,0,0
JtMQRepB-vo,0.0,3.0,"/m/014zdl,/m/07qsvvw",0,0,0,1,0,0,0,0
sfS4lHb8lRk,30.0,40.0,"/m/04rlf,/m/09x0r",0,0,0,0,0,0,0,0
0wdcRK_4fJY,100.0,110.0,/m/03qc9zr,1,0,0,0,0,0,0,0
5Z0887uxXjo,20.0,30.0,"/m/032s66,/m/04zjc",0,0,0,0,1,0,0,0
3WXmSgGShGE,30.0,40.0,"/m/03qc9zr,/m/03qtwd,/m/04rlf,/m/09x0r",1,0,0,0,0,0,0,0
KULsPHyMRJE,80.0,90.0,"/m/039jq,/m/0_ksk",0,0,0,0,0,1,0,0
eIVfIhi5KZI,10.0,20.0,/m/0g6b5,0,0,0,1,0,0,0,0
AfymIcLvzG0,17.0,27.0,"/m/032s66,/m/04zjc",0,0,0,0,1,0,0,0
YZci0wx4yi0,100.0,110.0,/m/09x0r,0,0,0,0,0,0,0,0
MhxlnbtJrKY,30.0,40.0,/m/03kmc9,0,0,0,0,0,0,1,0
FWta-G1SMV0,0.0,7.0,"/m/02mfyn,/m/03j1ly,/m/03kmc9,/m/04qvtq",0,0,0,0,0,0,1,1
cUQRIym1oqo,170.0,180.0,"/m/015lz1,/m/04rlf,/m/06bxc,/m/06j6l",0,0,0,0,0,0,0,0
UcQ7cVukaxY,20.0,30.0,"/m/03qtwd,/m/053hz1,/t/dd00135",0,1,0,0,0,0,0,0
GGqznpI_5Mk,260.0,270.0,"/m/04rlf,/m/07p6fty,/m/09x0r",0,1,0,0,0,0,0,0
zpYvenhOE0A,70.0,80.0,/m/04rlf,0,0,0,0,0,0,0,0
SsYJ8SRGCVg,30.0,40.0,"/m/012ndj,/m/03j1ly,/m/03kmc9",0,0,0,0,0,0,1,0
lrUgc5Wo5pc,30.0,40.0,"/m/032s66,/m/04zjc,/m/0_1c",0,0,0,0,1,0,0,0
c-3bByn-nRs,30.0,40.0,"/m/012ndj,/m/03j1ly,/m/07r04",0,0,0,0,0,0,1,0
f6mCGDiiXjU,110.0,120.0,"/m/04rlf,/m/07p6fty,/m/09x0r",0,1,0,0,0,0,0,0
5y4pi2ShzhY,9.0,19.0,"/m/014zdl,/m/07pxg6y,/m/07qsvvw,/m/09x0r",0,0,0,1,0,0,0,0
v3ZLGGYSIYk,0.0,10.0,/m/04rlf,0,0,0,0,0,0,0,0
q7ET_7fnqCw,30.0,40.0,"/m/0463cq4,/m/09x0r",0,0,1,0,0,0,0,0
aRvtzhi_JCw,150.0,160.0,"/m/03qc9zr,/m/09x0r,/m/0ytgt",1,0,0,0,0,0,0,0
tAfq30Dnnos,30.0,40.0,"/m/03j1ly,/m/03kmc9",0,0,0,0,0,0,1,0
ZHrf_y9q96Q,20.0,30.0,"/m/03qc9zr,/m/09x0r",1,0,0,0,0,0,0,0
5OSXJ1WFNHw,300.0,310.0,"/m/04rlf,/m/09x0r",0,0,0,0,0,0,0,0
oUrpKe5nyuI,0.0,10.0,"/m/07yv9,/t/dd00002",0,0,1,0,0,0,0,0
dcgqwhnmyBw,230.0,240.0,"/m/015lz1,/m/04rlf,/m/07p6fty,/t/dd00126",0,1,0,0,0,0,0,0
pLfezoYt7DY,130.0,140.0,"/m/03qc9zr,/m/09x0r",1,0,0,0,0,0,0,0
mvs0qYvgS0E,250.0,260.0,"/m/039jq,/m/04rlf,/m/09x0r",0,0,0,0,0,1,0,0
B_JhDsbO3go,280.0,290.0,"/m/02v2lh,/m/039jq,/m/04rlf",0,0,0,0,0,1,0,0
i_atUFLKnQc,90.0,100.0,/m/032s66,0,0,0,0,1,0,0,0
5eoQi-w6DYo,30.0,40.0,/m/09x0r,0,0,0,0,0,0,0,0
tWnsV2cBJmE,30.0,40.0,"/m/04rlf,/m/09x0r,/t/dd00002",0,0,1,0,0,0,0,0
hcJRNH3-Jm0,10.0,20.0,"/m/04rlf,/m/07p6fty,/m/09x0r",0,1,0,0,0,0,0,0
-2nQlVWFKvc,30.0,40.0,/m/09x0r,0,0,0,0,0,0,0,0
S0KR-71Que4,50.0,60.0,"/g/122z_qxw,/m/07pzfmf,/m/0g6b5",0,0,0,1,0,0,0,0
lnYrARRL43U,40.0,50.0,"/m/032s66,/m/073cg4",0,0,0,0,1,0,0,0
n3cOIGJUlPQ,530.0,540.0,"/m/039jq,/m/04rlf,/m/09x0r",0,0,0,0,0,1,0,0
J9xaNZXL9TU,120.0,130.0,"/m/07pp_mv,/m/09x0r",0,0,0,0,0,0,0,1
rV7Fmj9C5Xc,40.0,50.0,/m/03qc9zr,1,0,0,0,0,0,0,0
J8QbN0rbAcI,180.0,190.0,"/m/015lz1,/m/04rlf,/m/07p6fty,/t/dd00126",0,1,0,0,0,0,0,0
-SE3cHFmC4k,20.0,30.0,"/m/03qc9zr,/m/04rlf,/m/09x0r",1,0,0,0,0,0,0,0
NNlDoABVSQQ,50.0,60.0,"/m/03qc9zr,/m/09x0r",1,0,0,0,0,0,0,0
vgfSM8-C7xA,110.0,120.0,"/m/015lz1,/m/0342h,/m/04rlf,/m/04szw,/m/0fx80y,/m/0l14jd",0,0,0,0,0,0,0,0
K5yj9c7uMdE,30.0,40.0,"/m/04rlf,/m/09x0r",0,0,0,0,0,0,0,0
r7CnUZX_ebQ,130.0,140.0,"/m/012ndj,/m/03j1ly,/m/09x0r",0,0,0,0,0,0,1,0
EsiR1ZbHetU,10.0,20.0,"/m/01j3sz,/m/04rlf,/m/07p6fty,/m/09x0r",0,1,0,0,0,0,0,0
Cq3J9pQ1ryY,210.0,220.0,/m/09x0r,0,0,0,0,0,0,0,0
Mh4vVUt9Uw4,40.0,50.0,"/m/03qtwd,/m/0g6b5",0,0,0,1,0,0,0,0
Zyxk-VfQiFM,30.0,40.0,/m/014zdl,0,0,0,1,0,0,0,0
_SHMbE7bGXQ,230.0,240.0,"/m/09x0r,/m/0g6b5",0,0,0,1,0,0,0,0
Ss_hzGdITZ4,10.0,20.0,"/m/01j3sz,/t/dd00002",0,0,1,0,0,0,0,0
aoLzGqC8CEg,30.0,40.0,"/m/032s66,/m/04zjc,/m/0_1c",0,0,0,0,1,0,0,0
8tn8CnP4MTs,30.0,40.0,"/m/04rlf,/t/dd00002",0,0,1,0,0,0,0,0
5FuSmFvqBh0,160.0,170.0,"/m/03lty,/m/03qc9zr,/m/04rlf",1,0,0,0,0,0,0,0
AjMZY2Injzg,10.0,20.0,/m/0g6b5,0,0,0,1,0,0,0,0
fOEyiFsKgs8,10.0,20.0,"/m/046dlr,/m/04rlf,/m/07pp_mv",0,0,0,0,0,0,0,1
OagNvx33HpM,16.0,26.0,"/m/04rlf,/m/09x0r,/t/dd00002",0,0,1,0,0,0,0,0
CmxNOfW-fYs,30.0,40.0,"/m/014zdl,/m/09x0r",0,0,0,1,0,0,0,0
2l-A1OXONik,260.0,270.0,/m/0g6b5,0,0,0,1,0,0,0,0
Ag8rvseSQ3Y,10.0,20.0,"/m/09x0r,/m/0g6b5",0,0,0,1,0,0,0,0
ShPHFUKzkcw,27.0,37.0,"/m/09x0r,/t/dd00002",0,0,1,0,0,0,0,0
QXO9tlwgvKc,50.0,60.0,/m/02mfyn,0,0,0,0,0,0,0,1
cH-rxMcm9wk,5.0,15.0,"/m/012ndj,/m/07yv9",0,0,0,0,0,0,1,0
lpy2p56GopY,30.0,40.0,"/m/09x0r,/t/dd00002",0,0,1,0,0,0,0,0
D9D7cU_N1J8,10.0,20.0,"/m/02zsn,/m/03qc9zr,/m/09x0r",1,0,0,0,0,0,0,0
2j90bWIPySE,30.0,40.0,/m/04rlf,0,0,0,0,0,0,0,0
1e634my5Pgo,360.0,370.0,"/m/012n7d,/m/03j1ly,/m/03kmc9",0,0,0,0,0,0,1,0
ySrWjoAhpFc,110.0,120.0,"/m/039jq,/m/04rlf,/m/09x0r",0,0,0,0,0,1,0,0
bOaqDqQ4ipA,20.0,30.0,/m/0463cq4,0,0,1,0,0,0,0,0
8Vb69cN3uWQ,30.0,40.0,"/m/03qc9zr,/m/04rlf,/m/0c1dj",1,0,0,0,0,0,0,0
6SK0ahkvogw,30.0,40.0,"/m/04rlf,/t/dd00004",0,0,0,0,0,0,0,0
soEfiSk4XUM,30.0,40.0,"/g/122z_qxw,/m/0g6b5,/t/dd00128",0,0,0,1,0,0,0,0
PH_hXeBY7RE,30.0,40.0,"/m/04rlf,/m/09x0r",0,0,0,0,0,0,0,0
D2-gaMvWfQY,30.0,40.0,/m/09x0r,0,0,0,0,0,0,0,0
vvWbdq0mkns,320.0,330.0,/m/0g6b5,0,0,0,1,0,0,0,0
9ZST9Xmooyc,10.0,20.0,"/m/0463cq4,/m/04rlf,/m/09x0r",0,0,1,0,0,0,0,0
T0xq6IbVN10,180.0,190.0,"/m/015lz1,/m/0342h,/m/04rlf,/m/04szw,/m/07p6fty,/m/0fx80y,/m/0l14_3",0,1,0,0,0,0,0,0
ci7o-IzNRhk,10.0,20.0,"/m/07pp_mv,/m/0c3f7m",0,0,0,0,0,0,0,1
EONHbouPSWw,30.0,40.0,/m/09x0r,0,0,0,0,0,0,0,0
2v4N5PcZqtk,30.0,40.0,/m/04rlf,0,0,0,0,0,0,0,0
QbpVojvYGQY,320.0,330.0,/m/039jq,0,0,0,0,0,1,0,0
Ua3oTO67k08,270.0,280.0,"/m/012f08,/m/012n7d,/m/03j1ly,/m/07yv9,/m/0k4j",0,0,0,0,0,0,1,0
-AXUlQNaJb0,40.0,50.0,"/m/01j3sz,/m/03qc9zr,/m/07r660_",1,0,0,0,0,0,0,0
28onX7S1NoM,28.0,38.0,"/m/01y3hg,/m/09x0r",0,0,0,0,0,0,0,1
uecUuH3WeXA,30.0,40.0,"/m/032s66,/m/04zjc,/m/0_1c",0,0,0,0,1,0,0,0
rEhOkeGxLU4,30.0,40.0,/m/09x0r,0,0,0,0,0,0,0,0
RRRRP0HCyGQ,30.0,40.0,"/m/03qc9zr,/m/09x0r",1,0,0,0,0,0,0,0
TdnirdWT0iM,150.0,160.0,/m/0g6b5,0,0,0,1,0,0,0,0
l11PnbU0ycQ,3.0,13.0,/m/03qc9zr,1,0,0,0,0,0,0,0
w7RLDvfM9HQ,140.0,150.0,"/g/122z_qxw,/m/0g6b5,/t/dd00128",0,0,0,1,0,0,0,0
HO8W1_dVXSA,100.0,110.0,"/g/122z_qxw,/m/09x0r,/m/0g6b5",0,0,0,1,0,0,0,0
3UIhMUl_MzE,340.0,350.0,"/m/04rlf,/t/dd00125",0,0,0,0,0,0,0,0
B-xMMBYAJiU,30.0,40.0,/m/03qc9zr,1,0,0,0,0,0,0,0
z78HFwCHYjI,260.0,270.0,"/m/03qc9zr,/m/09x0r",1,0,0,0,0,0,0,0
TLuK4GRnjpo,40.0,50.0,"/m/02fs_r,/m/07pp_mv",0,0,0,0,0,0,0,1
VD7oNeIwBiU,30.0,40.0,/m/09x0r,0,0,0,0,0,0,0,0
IYaBCYbRxSU,30.0,40.0,"/m/09x0r,/m/0g6b5",0,0,0,1,0,0,0,0
bBjk55hNjWw,30.0,40.0,"/m/032s66,/m/04rlf",0,0,0,0,1,0,0,0
Qd0wOZX09NM,90.0,100.0,"/m/039jq,/m/09x0r",0,0,0,0,0,1,0,0
0mSKIWoStjc,30.0,40.0,/m/03kmc9,0,0,0,0,0,0,1,0
uDPvjMpsvrc,250.0,260.0,"/m/03j1ly,/m/03kmc9,/m/04qvtq",0,0,0,0,0,0,1,0
4Loa3qcEVcI,30.0,40.0,"/m/06bz3,/m/09x0r",0,0,0,0,0,0,0,0
D1lEWm3dPtM,0.0,10.0,/m/0c3f7m,0,0,0,0,0,0,0,1
5wn-WqqiwPY,8.0,18.0,"/m/014zdl,/m/07qsvvw",0,0,0,1,0,0,0,0
RZgn6kfaJP8,30.0,40.0,"/m/0463cq4,/m/09x0r",0,0,1,0,0,0,0,0
-cxnOigT3rI,170.0,180.0,"/m/03kmc9,/m/0dgbq",0,0,0,0,0,0,1,0
jCdv3-IUys8,5.0,15.0,"/m/032s66,/m/073cg4",0,0,0,0,1,0,0,0
AF-ZWCJrlaw,30.0,40.0,"/m/032s66,/m/0c1dj",0,0,0,0,1,0,0,0
FztIcRYdtcA,30.0,40.0,"/m/07yv9,/m/09x0r",0,0,0,0,0,0,0,0
vIfN-aynATQ,30.0,40.0,"/m/01y3hg,/m/04qvtq",0,0,0,0,0,0,1,1
e4BCdrLfRbg,30.0,40.0,"/m/032s66,/m/04zjc",0,0,0,0,1,0,0,0
vCNVBpZUeyA,0.0,8.0,"/m/039jq,/m/09x0r",0,0,0,0,0,1,0,0
5vZsxMVmZOE,30.0,40.0,"/m/07qz6j3,/m/09x0r",0,0,0,0,0,0,0,0
PyffvTLKTC8,20.0,30.0,/m/09x0r,0,0,0,0,0,0,0,0
9GCsDX33Vx0,30.0,40.0,/m/09x0r,0,0,0,0,0,0,0,0
YNruw62tpO4,140.0,150.0,"/m/09x0r,/m/0c3f7m",0,0,0,0,0,0,0,1
3H3s7jrzai4,130.0,140.0,"/m/039jq,/m/0838f,/m/09x0r,/m/0ytgt",0,0,0,0,0,1,0,0
4eNwTBQ6gsI,20.0,30.0,"/m/0463cq4,/m/09x0r",0,0,1,0,0,0,0,0
3oS1DK_35z4,30.0,40.0,"/m/09x0r,/t/dd00002",0,0,1,0,0,0,0,0
bz_qc9XU9po,130.0,140.0,/m/0g6b5,0,0,0,1,0,0,0,0
oB_By8xM6fo,30.0,40.0,"/m/04rlf,/m/0l14qv",0,0,0,0,0,0,0,0
8qsjlzvgaZM,0.0,9.0,"/m/01j3sz,/m/03qc9zr,/m/09x0r",1,0,0,0,0,0,0,0
b6mpHUSkt7Q,20.0,30.0,"/m/0c3f7m,/t/dd00125",0,0,0,0,0,0,0,1
P1Y5fIwe6PQ,160.0,170.0,/m/03qc9zr,1,0,0,0,0,0,0,0
Xp04E-sbm5s,0.0,10.0,/m/04rlf,0,0,0,0,0,0,0,0
c7ehwoj5vUE,590.0,600.0,"/m/09x0r,/m/0c3f7m",0,0,0,0,0,0,0,1
jBhXmVgGfTw,0.0,10.0,"/m/03qc9zr,/m/03qtwd,/m/04rlf,/m/07p6fty,/m/09x0r",1,1,0,0,0,0,0,0
h4s4JZ4Az2Y,390.0,400.0,"/m/03qtwd,/m/053hz1,/t/dd00135",0,1,0,0,0,0,0,0
TDY9cF_b7IU,160.0,170.0,/m/09x0r,0,0,0,0,0,0,0,0
7koyNkRHO8U,20.0,30.0,"/m/03qtwd,/t/dd00135",0,1,0,0,0,0,0,0
zo10roED5Qg,70.0,80.0,"/m/03qc9zr,/m/04rlf,/m/09x0r",1,0,0,0,0,0,0,0
qb2kB0rGlGA,40.0,50.0,"/m/02lkt,/m/04rlf,/m/08cyft",0,0,0,0,0,0,0,0
AraDPsA9_MU,30.0,40.0,"/m/039jq,/m/09x0r",0,0,0,0,0,1,0,0
MLzqsAUxgSM,110.0,120.0,/m/09x0r,0,0,0,0,0,0,0,0
mgI2lx_IUi0,30.0,40.0,"/m/032s66,/m/04zjc",0,0,0,0,1,0,0,0
8Iomk4TBn8Y,150.0,160.0,"/m/03qc9zr,/m/04rlf,/m/09x0r",1,0,0,0,0,0,0,0
plsd25DLrNM,190.0,200.0,"/m/032s66,/m/09x0r",0,0,0,0,1,0,0,0
OA0rZOi8Kx8,0.0,8.0,"/m/03j1ly,/m/03kmc9,/m/04qvtq,/m/07yv9",0,0,0,0,0,0,1,0
H3QbjqMYqkk,29.0,39.0,"/m/09x0r,/m/0c3f7m",0,0,0,0,0,0,0,1
KBX2_o073kI,60.0,70.0,"/m/046dlr,/m/07pp_mv",0,0,0,0,0,0,0,1
rTrTEf9ydo0,50.0,60.0,"/m/04rlf,/m/09x0r,/t/dd00125",0,0,0,0,0,0,0,0
0O9G0VO-X4s,30.0,40.0,"/m/04rlf,/m/09x0r",0,0,0,0,0,0,0,0
xXgbORw0LKc,30.0,40.0,"/m/012ndj,/m/03j1ly,/m/09x0r",0,0,0,0,0,0,1,0
5DF4BHbkknY,30.0,40.0,"/m/014zdl,/m/09x0r",0,0,0,1,0,0,0,0
-D0mHBhZgfg,10.0,20.0,/m/0g6b5,0,0,0,1,0,0,0,0
owic-GeWQco,30.0,40.0,/m/02mfyn,0,0,0,0,0,0,0,1
bpgnhai_EnA,30.0,40.0,/m/032s66,0,0,0,0,1,0,0,0
CH2uILAouMY,100.0,110.0,"/m/03kmc9,/m/0dgbq",0,0,0,0,0,0,1,0
1CLANjc8jzM,30.0,40.0,"/m/03qc9zr,/t/dd00125",1,0,0,0,0,0,0,0
sM9e90vhUIA,20.0,30.0,"/m/0463cq4,/m/09x0r,/t/dd00002",0,0,1,0,0,0,0,0
fPIG7nrpgec,10.0,20.0,"/m/02sgy,/m/0342h,/m/039jq,/m/04rlf,/m/04szw,/m/0fx80y,/m/0l14_3",0,0,0,0,0,1,0,0
IR_ks3y_UTA,200.0,210.0,"/m/032s66,/m/073cg4",0,0,0,0,1,0,0,0
D5vXOpRbeVs,3.0,13.0,"/m/04rlf,/m/09x0r,/t/dd00002",0,0,1,0,0,0,0,0
uRVokdTW2QQ,120.0,130.0,"/m/04rlf,/m/07p6fty,/t/dd00126",0,1,0,0,0,0,0,0
PR_-hLTo7HU,0.0,10.0,"/m/03qc9zr,/m/09x0r,/m/0ytgt,/t/dd00125",1,0,0,0,0,0,0,0
v9FkNOsIkak,0.0,10.0,"/m/03qtwd,/m/04gy_2,/m/053hz1,/t/dd00135",0,1,0,0,0,0,0,0
U-XqqqvohiI,30.0,40.0,"/m/014zdl,/m/07qsvvw",0,0,0,1,0,0,0,0
5V66Tfiy--E,30.0,40.0,"/m/04rlf,/m/09x0r",0,0,0,0,0,0,0,0
94COSACl2QM,30.0,40.0,/m/03qc9zr,1,0,0,0,0,0,0,0
BDP5hn0aeu8,190.0,200.0,"/m/04rlf,/m/09x0r",0,0,0,0,0,0,0,0
-rV9fYzWwvI,30.0,40.0,"/m/07rv9rh,/m/09x0r",0,0,0,0,0,0,0,0
a6m6zP8H7V8,21.0,31.0,"/m/03qc9zr,/m/04rlf,/m/09x0r",1,0,0,0,0,0,0,0
DLKDQyjlmMc,30.0,40.0,"/m/07qz6j3,/m/09x0r,/t/dd00002",0,0,1,0,0,0,0,0
EWa2xbLPY_w,20.0,30.0,"/m/01y3hg,/m/09x0r,/t/dd00125",0,0,0,0,0,0,0,1
BTOSqSB1YkU,10.0,20.0,"/m/09x0r,/t/dd00002",0,0,1,0,0,0,0,0
GyWXt9Phn2M,30.0,40.0,/m/02mfyn,0,0,0,0,0,0,0,1
dJ1zWL6jGLU,40.0,50.0,"/m/012ndj,/m/03j1ly,/m/03kmc9",0,0,0,0,0,0,1,0
IiEk2zuM0Rg,140.0,150.0,"/m/04rlf,/m/07p6fty,/m/09x0r",0,1,0,0,0,0,0,0
DEj4bgPrGZc,240.0,250.0,"/m/04rlf,/m/09x0r",0,0,0,0,0,0,0,0
LxzLR6oDQf8,23.0,33.0,"/m/012ndj,/m/03j1ly,/m/07yv9",0,0,0,0,0,0,1,0
nfQumWku1NI,420.0,430.0,"/g/122z_qxw,/m/04rlf,/m/0g6b5",0,0,0,1,0,0,0,0
kur4ot4mllA,30.0,40.0,"/m/09x0r,/m/0c3f7m",0,0,0,0,0,0,0,1
YJFHVRDHqd8,9.0,19.0,"/m/04rlf,/m/09x0r",0,0,0,0,0,0,0,0
479n1B4Rsk4,100.0,110.0,"/m/032s66,/m/04zjc",0,0,0,0,1,0,0,0
ri93yz5LNmc,30.0,40.0,/t/dd00002,0,0,1,0,0,0,0,0
llbP77Ne7ss,230.0,240.0,"/m/04rlf,/t/dd00126",0,0,0,0,0,0,0,0
2C8xuJydtZ4,23.0,33.0,/m/09x0r,0,0,0,0,0,0,0,0
bC493sbUHBM,30.0,40.0,"/m/03kmc9,/m/04qvtq",0,0,0,0,0,0,1,0
VGESJxE3U3Q,130.0,140.0,"/m/04qvtq,/m/07yv9,/m/0k4j,/t/dd00128",0,0,0,0,0,0,1,0
fpGZOBEe2rQ,520.0,530.0,/m/039jq,0,0,0,0,0,1,0,0
_8qeLAISw24,0.0,10.0,/m/014zdl,0,0,0,1,0,0,0,0
CybCuvbUKAg,40.0,50.0,/m/014zdl,0,0,0,1,0,0,0,0
K7ruHCnGOr8,20.0,30.0,"/m/01j3sz,/m/0463cq4",0,0,1,0,0,0,0,0
TGFaJ09UCb0,0.0,10.0,"/m/03qc9zr,/m/09x0r,/m/0ytgt",1,0,0,0,0,0,0,0
fTqwpWOpaH0,30.0,40.0,/m/04qvtq,0,0,0,0,0,0,1,0
dqIU9-Qu9ug,70.0,80.0,"/m/03qc9zr,/m/04rlf,/t/dd00125",1,0,0,0,0,0,0,0
HOGyEpwvfGE,1.0,11.0,"/m/014zdl,/m/09x0r",0,0,0,1,0,0,0,0
Ds-tI852kiE,30.0,40.0,"/m/04rlf,/m/09x0r",0,0,0,0,0,0,0,0
cSGHEyZ8UCs,25.0,35.0,"/m/014zdl,/m/04rlf,/m/09x0r",0,0,0,1,0,0,0,0
eA4aERDJ17s,320.0,330.0,/m/032s66,0,0,0,0,1,0,0,0
ceMToh1pajU,10.0,20.0,"/m/012ndj,/m/03kmc9,/m/09x0r,/t/dd00128",0,0,0,0,0,0,1,0
VMOa2kyjlPE,170.0,180.0,"/m/09x0r,/m/0c3f7m,/t/dd00125",0,0,0,0,0,0,0,1
Yr1gOzv-yUI,30.0,40.0,"/m/039jq,/m/04rlf,/m/07q7njn,/m/0l14md",0,0,0,0,0,1,0,0
j1HFF5If5Eo,20.0,30.0,/m/032s66,0,0,0,0,1,0,0,0
kkJyje3GLeo,20.0,30.0,"/m/015lz1,/m/04rlf,/m/07p6fty,/t/dd00126",0,1,0,0,0,0,0,0
qIL5wSF-jII,30.0,40.0,"/m/01y3hg,/m/046dlr,/m/09x0r",0,0,0,0,0,0,0,1
UmBaXTn_UII,120.0,130.0,"/m/04rlf,/m/06bxc,/m/0glt670",0,0,0,0,0,0,0,0
rssy5it6Mjk,30.0,40.0,"/m/04rlf,/m/07p6fty",0,1,0,0,0,0,0,0
XF-dkAiAKnc,480.0,490.0,"/m/03qc9zr,/m/04rlf",1,0,0,0,0,0,0,0
MY6vm2_PjC0,210.0,220.0,"/m/03qc9zr,/m/04rlf,/m/07pjjrj",1,0,0,0,0,0,0,0
6cLXQO3Dr3g,8.0,18.0,"/m/014zdl,/m/04rlf",0,0,0,1,0,0,0,0
GjWIEL7xWgc,30.0,40.0,/m/04rlf,0,0,0,0,0,0,0,0
_2lSzfkFvn8,10.0,20.0,"/m/032s66,/m/04zjc",0,0,0,0,1,0,0,0
SWmnsYqy58Y,30.0,40.0,"/m/07pp_mv,/m/0c3f7m",0,0,0,0,0,0,0,1
vXx11KuWPxA,30.0,40.0,"/m/0g6b5,/t/dd00129",0,0,0,1,0,0,0,0
FxGw9UdlcFo,0.0,10.0,"/g/122z_qxw,/m/0g6b5",0,0,0,1,0,0,0,0
XQJoqnDm9No,10.0,20.0,"/g/122z_qxw,/m/07pxg6y,/m/0g6b5",0,0,0,1,0,0,0,0
qUrgHxyJPd4,0.0,10.0,"/m/03qtwd,/m/053hz1,/t/dd00135",0,1,0,0,0,0,0,0
KChX-SAQLqY,350.0,360.0,"/m/07pp_mv,/m/09x0r",0,0,0,0,0,0,0,1
_n0f218lVkk,260.0,270.0,"/m/04rlf,/m/07p6fty,/t/dd00126",0,1,0,0,0,0,0,0
ieW_9Jeanag,20.0,30.0,"/m/032s66,/m/073cg4",0,0,0,0,1,0,0,0
c4lzcPU_94Q,7.0,17.0,"/m/03qtwd,/t/dd00135",0,1,0,0,0,0,0,0
rqQGQKY8Mv4,50.0,60.0,"/m/0463cq4,/m/09x0r",0,0,1,0,0,0,0,0
Y4mc_9G0Bas,0.0,10.0,"/m/04rlf,/m/07p6fty,/t/dd00126",0,1,0,0,0,0,0,0
1lsVLLSC-Yg,30.0,40.0,/m/09x0r,0,0,0,0,0,0,0,0
_j__V3J_jb0,10.0,20.0,/m/0g6b5,0,0,0,1,0,0,0,0
KcRnG0lKfwI,30.0,40.0,/m/04rlf,0,0,0,0,0,0,0,0
L9L_1yIw-h4,90.0,100.0,"/m/03kmc9,/m/0dgbq",0,0,0,0,0,0,1,0
Jqwh1M03RKQ,30.0,40.0,/m/04rlf,0,0,0,0,0,0,0,0
qQ42Zfnxk3c,30.0,40.0,/m/012ndj,0,0,0,0,0,0,1,0
hImjLkapYr0,290.0,300.0,"/m/07pp_mv,/m/09x0r,/m/0c3f7m",0,0,0,0,0,0,0,1
hcKv0i1OfpM,30.0,40.0,"/m/09x0r,/t/dd00002",0,0,1,0,0,0,0,0
RISuvyQzT_Y,210.0,220.0,"/m/03qtwd,/m/053hz1,/t/dd00135",0,1,0,0,0,0,0,0
HZFifquZKOg,20.0,30.0,"/m/03kmc9,/m/09x0r,/m/0c3f7m",0,0,0,0,0,0,1,1
FlVm__zy9kY,21.0,31.0,"/m/04rlf,/m/07p9k1k,/m/09x0r",0,0,0,0,0,0,0,0
32_QEpwmYOo,13.0,23.0,"/m/03qc9zr,/m/04rlf,/m/09x0r",1,0,0,0,0,0,0,0
feFJuNFY6Dw,30.0,40.0,"/m/012n7d,/m/02mfyn,/m/03j1ly,/m/03kmc9,/m/04qvtq",0,0,0,0,0,0,1,1
g0LzKPXiiNM,40.0,50.0,"/m/03qtwd,/m/053hz1,/t/dd00135",0,1,0,0,0,0,0,0
j-aPjZTSD8s,0.0,10.0,"/m/07p6fty,/m/09x0r",0,1,0,0,0,0,0,0
ocsT6NZX_Bk,30.0,40.0,"/m/09x0r,/m/0hsrw",0,0,0,0,0,0,0,0
VrXT9kOn2Is,0.0,10.0,"/m/03qc9zr,/m/09x0r",1,0,0,0,0,0,0,0
pRxzgwe2Dtc,30.0,40.0,/m/03qc9zr,1,0,0,0,0,0,0,0
cOQgl4Y2wSw,90.0,100.0,/m/039jq,0,0,0,0,0,1,0,0
eZZtza8gkjo,30.0,40.0,"/m/04rlf,/m/09x0r",0,0,0,0,0,0,0,0
T1SY-CuoLTY,250.0,260.0,"/m/032s66,/m/04zjc",0,0,0,0,1,0,0,0
6C-Kiu2ZOL4,30.0,40.0,/m/04rlf,0,0,0,0,0,0,0,0
Kd7gcjrHawU,30.0,40.0,"/m/07pp_mv,/m/09x0r",0,0,0,0,0,0,0,1
eYwSRsuxi3U,190.0,200.0,"/m/028v0c,/m/04rlf",0,0,0,0,0,0,0,0
fF37AXjmCoQ,440.0,450.0,"/m/03qtwd,/m/053hz1",0,0,0,0,0,0,0,0
8tUBzLupnSs,260.0,270.0,/m/014zdl,0,0,0,1,0,0,0,0
MAHEEdGZors,70.0,80.0,"/m/04qvtq,/m/09x0r,/t/dd00125",0,0,0,0,0,0,1,0
NHuh7OoOQQc,30.0,40.0,/m/09x0r,0,0,0,0,0,0,0,0
FTbmv378bZ0,0.0,10.0,"/m/0463cq4,/m/05zppz,/m/09x0r,/m/0ytgt",0,0,1,0,0,0,0,0
CeRmdEmqV68,19.0,29.0,"/m/07qz6j3,/m/09x0r,/t/dd00002",0,0,1,0,0,0,0,0
3tqn-J9_kio,30.0,40.0,/m/09x0r,0,0,0,0,0,0,0,0
A4Yu0sg4zww,30.0,40.0,/m/09x0r,0,0,0,0,0,0,0,0
R_yQhK4n960,210.0,220.0,"/m/04rlf,/m/07p6fty,/m/09x0r,/t/dd00128",0,1,0,0,0,0,0,0
BGXW2zRZOug,30.0,40.0,"/m/01y3hg,/m/09x0r",0,0,0,0,0,0,0,1
dsNvv77-Z2I,160.0,170.0,"/m/039jq,/m/09x0r",0,0,0,0,0,1,0,0
fkVLXgBV7n0,30.0,40.0,/m/09x0r,0,0,0,0,0,0,0,0
ihToBrqBgzs,30.0,40.0,/m/04rlf,0,0,0,0,0,0,0,0
QB2kvbwfKqs,6.0,16.0,"/m/03qc9zr,/m/09x0r",1,0,0,0,0,0,0,0
E_teimwDkjQ,21.0,31.0,/m/04rlf,0,0,0,0,0,0,0,0
sj_jzZZnNag,100.0,110.0,/m/04rlf,0,0,0,0,0,0,0,0
mi6vWAdGqpk,30.0,40.0,"/m/014zdl,/m/04rlf,/m/05r6t,/m/09x0r",0,0,0,1,0,0,0,0
97rwNreNPP4,30.0,40.0,"/m/03qc9zr,/m/03qtwd,/m/07qfr4h,/m/09x0r",1,0,0,0,0,0,0,0
7Cd96mv0MIY,130.0,140.0,"/m/04rlf,/m/07p6fty,/t/dd00126",0,1,0,0,0,0,0,0
USWuFx4fdlA,28.0,38.0,/m/03kmc9,0,0,0,0,0,0,1,0
WhqTqqzGRng,10.0,20.0,"/m/03qtwd,/m/053hz1,/t/dd00135",0,1,0,0,0,0,0,0
-cd-gbqtlJo,30.0,40.0,"/m/019jd,/m/04rlf,/m/056ks2,/m/09x0r",0,0,0,0,0,0,0,0
7213Vr7qF0g,10.0,20.0,/m/032s66,0,0,0,0,1,0,0,0
AsDWbzOkE1s,13.0,23.0,"/m/014zdl,/m/04rlf,/m/07qsvvw",0,0,0,1,0,0,0,0
yUhxLba_lCo,180.0,190.0,"/m/07pp_mv,/m/09x0r,/m/0c3f7m",0,0,0,0,0,0,0,1
L3OboJWtnTU,30.0,40.0,/m/02mfyn,0,0,0,0,0,0,0,1
L2jP-VQExGk,6.0,16.0,/t/dd00002,0,0,1,0,0,0,0,0
DOOHrQGNtCw,18.0,28.0,/m/09x0r,0,0,0,0,0,0,0,0
Xy9ZknWPyg4,10.0,20.0,/m/03qc9zr,1,0,0,0,0,0,0,0
OpCRw2HjfBg,30.0,40.0,"/m/07yv9,/m/09x0r",0,0,0,0,0,0,0,0
chE4NxLX6sw,70.0,80.0,"/m/03qtwd,/m/053hz1,/t/dd00135",0,1,0,0,0,0,0,0
dD_u7Gtwm_Q,150.0,160.0,"/m/015lz1,/m/04rlf,/m/07p6fty,/t/dd00126",0,1,0,0,0,0,0,0
Dm3ZAKU42Lw,140.0,150.0,/m/09x0r,0,0,0,0,0,0,0,0
-OLmAqxvqC0,160.0,170.0,"/m/032s66,/m/04zjc",0,0,0,0,1,0,0,0
epDHraMCZ2I,90.0,100.0,"/m/04qvtq,/m/07yv9,/m/09x0r,/m/0k4j",0,0,0,0,0,0,1,0
gp5KCk-WRhA,130.0,140.0,/m/039jq,0,0,0,0,0,1,0,0
aZ0_py3k6AM,130.0,140.0,"/m/01y3hg,/m/09x0r",0,0,0,0,0,0,0,1
cHbm02iCBy0,0.0,7.0,"/m/014zdl,/m/04rlf",0,0,0,1,0,0,0,0
f8KUkYj0PWQ,30.0,40.0,/m/03kmc9,0,0,0,0,0,0,1,0
6dhpe65QOcc,16.0,26.0,"/m/012n7d,/m/012ndj,/m/03j1ly,/m/03kmc9",0,0,0,0,0,0,1,0
rVAi17alvS4,30.0,40.0,"/m/04rlf,/m/09x0r",0,0,0,0,0,0,0,0
8GI1lzZ6emY,30.0,40.0,/m/09x0r,0,0,0,0,0,0,0,0
QT02wb27wCA,100.0,110.0,"/m/03qc9zr,/m/09x0r",1,0,0,0,0,0,0,0
9vVrBybwoOw,40.0,50.0,"/m/03qc9zr,/m/09x0r",1,0,0,0,0,0,0,0
78f3vPrhwvI,470.0,480.0,/m/09x0r,0,0,0,0,0,0,0,0
5LuOvJ0hgLQ,30.0,40.0,"/m/03qc9zr,/m/04rlf",1,0,0,0,0,0,0,0
4ixdDPS5meo,0.0,10.0,"/m/019jd,/m/032s66,/m/04rlf,/m/07yv9,/m/09x0r,/m/0hsrw",0,0,0,0,1,0,0,0
xERFUeZONz8,0.0,10.0,"/m/012f08,/m/012n7d,/m/03kmc9,/m/07yv9",0,0,0,0,0,0,1,0
hI3Lp1D3b28,90.0,100.0,"/m/032s66,/m/04rlf,/m/04zjc",0,0,0,0,1,0,0,0
qdnB9ZFMeX4,30.0,40.0,"/m/03qc9zr,/m/04rlf,/m/0c1dj",1,0,0,0,0,0,0,0
yDe7dh-3UAw,0.0,10.0,"/m/04rlf,/m/07p6fty,/t/dd00126",0,1,0,0,0,0,0,0
_7S1x2YGcBU,10.0,20.0,"/m/02lkt,/m/04rlf,/m/06by7,/m/07p6fty",0,1,0,0,0,0,0,0
ys0ltzYWqwQ,160.0,170.0,"/m/03qtwd,/m/053hz1,/t/dd00135",0,1,0,0,0,0,0,0
vVQpy6pVaE4,30.0,40.0,/m/04qvtq,0,0,0,0,0,0,1,0
PNDuIMrkEt0,20.0,30.0,/m/0g6b5,0,0,0,1,0,0,0,0
88dUrdxLfYk,130.0,140.0,"/m/03lty,/m/04rlf,/m/09x0r",0,0,0,0,0,0,0,0
7n0B93EKU8k,0.0,10.0,/m/0g6b5,0,0,0,1,0,0,0,0
RTbVAZdVoV0,20.0,30.0,"/m/0463cq4,/m/04rlf,/m/09x0r,/t/dd00125",0,0,1,0,0,0,0,0
AyuVfzPwiwg,30.0,40.0,"/m/04qvtq,/m/07yv9",0,0,0,0,0,0,1,0
h164Q5tMsaA,30.0,40.0,"/m/04rlf,/m/064t9,/m/07p6fty",0,1,0,0,0,0,0,0
qVGlYa8mwVk,0.0,10.0,"/m/012n7d,/m/03j1ly,/m/03kmc9,/m/04qvtq",0,0,0,0,0,0,1,0
XhN6GG3K-80,30.0,40.0,/m/04rlf,0,0,0,0,0,0,0,0
CmVcDcV43hM,20.0,30.0,"/m/04rlf,/m/06cqb,/m/0glt670",0,0,0,0,0,0,0,0
FiLbQx6uC6w,16.0,26.0,"/m/012ndj,/m/03j1ly,/m/07yv9",0,0,0,0,0,0,1,0
sjJTR1S3kXU,100.0,110.0,"/m/03qtwd,/m/053hz1,/t/dd00135",0,1,0,0,0,0,0,0
MhSYPdS6cik,20.0,30.0,/m/0g6b5,0,0,0,1,0,0,0,0
yyI0_KRWr0A,120.0,130.0,"/m/032s66,/m/04zjc",0,0,0,0,1,0,0,0
j_aVX9afWDo,17.0,27.0,"/m/04rlf,/t/dd00002",0,0,1,0,0,0,0,0
jEY8EKuqbSM,0.0,10.0,"/m/03qc9zr,/m/09x0r",1,0,0,0,0,0,0,0
7YcSKTGrrLI,24.0,34.0,"/m/03qtwd,/t/dd00135",0,1,0,0,0,0,0,0
vywsuPZjCJ4,390.0,400.0,"/m/014zdl,/m/04rlf",0,0,0,1,0,0,0,0
jMBbuyEnmVc,140.0,150.0,"/m/04rlf,/m/07p6fty",0,1,0,0,0,0,0,0
GTxET6TlBRM,30.0,40.0,"/m/09x0r,/t/dd00002",0,0,1,0,0,0,0,0
UwKFnsUo8nE,70.0,80.0,"/m/04rlf,/m/07p6fty",0,1,0,0,0,0,0,0
Ghinj85XisY,30.0,40.0,/m/04rlf,0,0,0,0,0,0,0,0
PgNFF2ioxds,12.1,22.1,/m/02mfyn,0,0,0,0,0,0,0,1
xHqCygsT_lA,15.0,25.0,"/m/09x0r,/t/dd00002",0,0,1,0,0,0,0,0
xmCChdLR6X8,350.0,360.0,"/m/07pp_mv,/m/09x0r",0,0,0,0,0,0,0,1
bDNUpFNX2Pg,160.0,170.0,"/m/019jd,/m/07yv9,/m/09x0r",0,0,0,0,0,0,0,0
nZpGme3wAO4,30.0,40.0,"/m/09x0r,/t/dd00002",0,0,1,0,0,0,0,0
gPrh6yPCWHY,30.0,40.0,/m/03qc9zr,1,0,0,0,0,0,0,0
Lyh2ICLhiac,220.0,230.0,"/m/0463cq4,/m/04rlf,/t/dd00126",0,0,1,0,0,0,0,0
iMfSp9rsA_I,10.0,20.0,"/m/02p3nc,/m/0463cq4",0,0,1,0,0,0,0,0
ef7EjtZAHps,410.0,420.0,"/m/01j3sz,/m/03qc9zr,/m/09x0r",1,0,0,0,0,0,0,0
BeRaTCL7fvw,0.0,9.0,/m/03qc9zr,1,0,0,0,0,0,0,0
zWD_w1puBjc,30.0,40.0,"/m/026t6,/m/02hnl,/m/04rlf,/m/04szw",0,0,0,0,0,0,0,0
i_9uqCl3YZU,180.0,190.0,/m/09x0r,0,0,0,0,0,0,0,0
6iFqjJGXa_E,260.0,270.0,"/m/03qtwd,/m/053hz1,/t/dd00135",0,1,0,0,0,0,0,0
ENRPEE2YDnU,50.0,60.0,"/m/07pp_mv,/m/09x0r",0,0,0,0,0,0,0,1
Cmkq2BgYsUs,60.0,70.0,/m/032s66,0,0,0,0,1,0,0,0
f6dzUTv0VKE,100.0,110.0,"/m/04rlf,/m/09x0r,/m/0g6b5",0,0,0,1,0,0,0,0
S_3qlLVcWss,270.0,280.0,"/m/02v2lh,/m/04rlf",0,0,0,0,0,0,0,0
m0lnBLzQGu8,330.0,340.0,/m/07pp_mv,0,0,0,0,0,0,0,1
F6SCpe7CgPo,100.0,110.0,"/m/015lz1,/m/04rlf,/m/07p6fty,/t/dd00126",0,1,0,0,0,0,0,0
8JYVd2QFFN4,22.0,32.0,"/m/01y3hg,/m/04rlf,/m/09x0r",0,0,0,0,0,0,0,1
kJ9GpZcDeGE,390.0,400.0,"/m/032s66,/m/073cg4",0,0,0,0,1,0,0,0
CHtCrAjPQQc,130.0,140.0,"/m/015lz1,/m/03qtwd,/m/04rlf,/m/07p6fty",0,1,0,0,0,0,0,0
4EK_G7Kn8yU,30.0,40.0,"/m/09x0r,/t/dd00002",0,0,1,0,0,0,0,0
6yfIAUV7fqU,14.0,24.0,/m/014zdl,0,0,0,1,0,0,0,0
KNay-wFSWsk,420.0,430.0,"/m/012n7d,/m/03j1ly,/m/03kmc9,/m/04qvtq",0,0,0,0,0,0,1,0
3C6XFzHg7PU,70.0,80.0,/m/02mfyn,0,0,0,0,0,0,0,1
AAE6xdYft_g,30.0,40.0,/m/04rlf,0,0,0,0,0,0,0,0
NOGtFyk2Uq8,80.0,90.0,"/m/032s66,/m/0_1c",0,0,0,0,1,0,0,0
De02qJsS5WQ,290.0,300.0,"/m/03qtwd,/m/053hz1,/t/dd00135",0,1,0,0,0,0,0,0
HTKLaCdAQB4,30.0,40.0,"/m/09x0r,/m/0c3f7m",0,0,0,0,0,0,0,1
sTrZb8bRWaw,30.0,40.0,/m/04rlf,0,0,0,0,0,0,0,0
bLtfHk5VSHQ,110.0,120.0,"/m/07pp_mv,/m/09x0r",0,0,0,0,0,0,0,1
wMPU1qe9V0A,80.0,90.0,"/m/09x0r,/m/0g6b5,/t/dd00129",0,0,0,1,0,0,0,0
QZ6-Yjm5MjU,10.0,20.0,"/m/032s66,/m/04zjc",0,0,0,0,1,0,0,0
QgpnBzutq1A,70.0,80.0,/m/03qc9zr,1,0,0,0,0,0,0,0
MI0LSoQ6UY0,30.0,40.0,"/m/03kmc9,/m/09x0r",0,0,0,0,0,0,1,0
xdACkRNKOx4,190.0,200.0,"/m/039jq,/m/09x0r",0,0,0,0,0,1,0,0
Ky6SHr_4lxA,40.0,50.0,/m/03kmc9,0,0,0,0,0,0,1,0
Q1kuMi0l1eg,0.0,10.0,"/m/03qc9zr,/m/04rlf,/m/09x0r",1,0,0,0,0,0,0,0
zpdaX8zdAk8,0.0,10.0,"/m/039jq,/m/04rlf,/m/09x0r",0,0,0,0,0,1,0,0
-dW1tcE3KXY,30.0,40.0,"/m/04rlf,/t/dd00038",0,0,0,0,0,0,0,0
MUGlzlasU0A,30.0,40.0,"/m/04rlf,/m/09x0r",0,0,0,0,0,0,0,0
XhdaFQ0rwTQ,0.0,10.0,"/m/015lz1,/m/04rlf,/m/07p6fty,/m/09x0r",0,1,0,0,0,0,0,0
kLODniB0niE,28.0,38.0,"/m/03j1ly,/m/04qvtq,/m/04rlf,/m/07yv9",0,0,0,0,0,0,1,0
ekoAY9e7sbI,400.0,410.0,"/m/0g6b5,/m/0jb2l",0,0,0,1,0,0,0,0
uLmrI89xy58,30.0,40.0,"/m/03j1ly,/m/03kmc9,/m/04qvtq",0,0,0,0,0,0,1,0
3RfiJ803p0A,30.0,40.0,"/m/028sqc,/m/04rlf,/m/07xzm",0,0,0,0,0,0,0,0
vUI_xLPuGyg,30.0,40.0,"/m/01y3hg,/m/030rvx,/m/09x0r,/m/0c3f7m",0,0,0,0,0,0,0,1
mfYq1ISxiaU,10.0,20.0,"/m/012n7d,/m/012ndj,/m/03j1ly,/m/03kmc9,/m/04qvtq",0,0,0,0,0,0,1,0
gqqSZCzm66c,30.0,40.0,/m/032s66,0,0,0,0,1,0,0,0
BL03CnFor4U,90.0,100.0,"/m/07p6fty,/m/09x0r",0,1,0,0,0,0,0,0
LH8Gy8s-IsA,60.0,70.0,/m/032s66,0,0,0,0,1,0,0,0
dsNEIcp_goQ,20.0,30.0,"/m/02lkt,/m/04rlf",0,0,0,0,0,0,0,0
OvuxyhZf_TY,0.0,10.0,/m/09x0r,0,0,0,0,0,0,0,0
Gz2nfs81jOo,30.0,40.0,/m/014zdl,0,0,0,1,0,0,0,0
jZSeTLrmO9U,30.0,40.0,"/m/09x0r,/t/dd00002",0,0,1,0,0,0,0,0
Ac5ijvE-Wao,240.0,250.0,/m/032s66,0,0,0,0,1,0,0,0
uoMU9GUveS0,20.0,30.0,"/m/012ndj,/m/03j1ly,/m/07yv9,/m/0k4j",0,0,0,0,0,0,1,0
mLJPOwsFzhM,60.0,70.0,"/m/01j3sz,/m/09x0r",0,0,0,0,0,0,0,0
NVKKPlh-xCo,140.0,150.0,"/m/04rlf,/m/09x0r,/t/dd00125",0,0,0,0,0,0,0,0
DXgExPb6iXg,30.0,40.0,"/m/03qtwd,/m/053hz1,/t/dd00135",0,1,0,0,0,0,0,0
kUj6fJq5tco,60.0,70.0,"/m/04rlf,/m/09x0r",0,0,0,0,0,0,0,0
rTaWJ4gZ7g0,27.0,37.0,"/m/032s66,/m/0_1c",0,0,0,0,1,0,0,0
9k-LNv2ek0k,90.0,100.0,/m/039jq,0,0,0,0,0,1,0,0
C91U_qUVqmk,0.0,10.0,"/m/07p6fty,/m/09x0r",0,1,0,0,0,0,0,0
ow4PArbrgpg,190.0,200.0,"/m/04rlf,/m/07p6fty",0,1,0,0,0,0,0,0
uN7Hp-Yk8OQ,330.0,340.0,"/m/039jq,/m/09x0r",0,0,0,0,0,1,0,0
1ni3AC2Yux4,0.0,8.0,/m/014zdl,0,0,0,1,0,0,0,0
IB8HGYR871Y,0.0,10.0,"/m/0463cq4,/m/09x0r",0,0,1,0,0,0,0,0
XGV15gn-nOs,100.0,110.0,"/m/03qc9zr,/m/09x0r",1,0,0,0,0,0,0,0
u-GtA9LKJU0,180.0,190.0,"/m/03qc9zr,/m/09x0r",1,0,0,0,0,0,0,0
eFnis4pM1jQ,26.0,36.0,/t/dd00002,0,0,1,0,0,0,0,0
C2oFyI1m-hg,270.0,280.0,/m/03qc9zr,1,0,0,0,0,0,0,0
9nwPHX0NlUQ,30.0,40.0,"/m/09x0r,/t/dd00002",0,0,1,0,0,0,0,0
GPcYAhr-i14,130.0,140.0,"/m/0463cq4,/m/09x0r",0,0,1,0,0,0,0,0
Ai5-3x_azS0,11.0,21.0,"/m/09x0r,/t/dd00002",0,0,1,0,0,0,0,0
smFuOk6dXK0,40.0,50.0,"/m/0395lw,/m/04rlf,/m/0ggq0m",0,0,0,0,0,0,0,0
hw1MDNGC45g,21.0,31.0,/m/04rlf,0,0,0,0,0,0,0,0
O1emL70eTwI,290.0,300.0,"/m/012ndj,/m/04qvtq",0,0,0,0,0,0,1,0
G3L0OK5yflI,10.0,20.0,"/m/03qtwd,/m/053hz1,/t/dd00135",0,1,0,0,0,0,0,0
8fIylsR0Qy8,0.0,6.0,"/m/032s66,/m/09x0r",0,0,0,0,1,0,0,0
L37hC2C65_8,30.0,40.0,/m/0c3f7m,0,0,0,0,0,0,0,1
w1UYIZNN_yk,350.0,360.0,"/m/09x0r,/t/dd00125",0,0,0,0,0,0,0,0
OgC1puIs3tU,50.0,60.0,"/m/09x0r,/m/0g6b5",0,0,0,1,0,0,0,0
E1fmN0IJYh8,30.0,40.0,"/m/03j1ly,/m/03kmc9,/m/04qvtq",0,0,0,0,0,0,1,0
__S4ORUjLFQ,30.0,40.0,"/m/04rlf,/t/dd00126",0,0,0,0,0,0,0,0
YVTXtYjoEts,30.0,40.0,/m/09x0r,0,0,0,0,0,0,0,0
HccVm0HwA6A,16.0,26.0,"/m/014zdl,/m/09x0r",0,0,0,1,0,0,0,0
R2wXZdDnxXk,30.0,40.0,"/m/04rlf,/m/09x0r",0,0,0,0,0,0,0,0
I8WTwbL5trw,80.0,90.0,"/m/07pp_mv,/m/09x0r,/m/0c3f7m",0,0,0,0,0,0,0,1
jToqI27wqFc,90.0,100.0,"/m/015lz1,/m/04rlf,/m/07p6fty",0,1,0,0,0,0,0,0
Nwwld2DW870,10.0,20.0,"/m/032s66,/m/04zjc",0,0,0,0,1,0,0,0
v7DMRHW9meg,120.0,130.0,"/m/039jq,/m/09x0r",0,0,0,0,0,1,0,0
p4U0AtnT0x0,40.0,50.0,"/m/039jq,/m/04rlf",0,0,0,0,0,1,0,0
AH00J1t0A2o,310.0,320.0,"/m/015lz1,/m/04rlf,/m/07p6fty,/m/09x0r,/t/dd00126,/t/dd00127",0,1,0,0,0,0,0,0
llfcZUyTJGA,30.0,40.0,"/m/09x0r,/t/dd00128",0,0,0,0,0,0,0,0
PxVkPmh3Wzs,100.0,110.0,/m/09x0r,0,0,0,0,0,0,0,0
hqZnPXk8vZo,0.0,10.0,/m/07pp_mv,0,0,0,0,0,0,0,1
2FSwHDYFwW8,30.0,40.0,/m/03kmc9,0,0,0,0,0,0,1,0
_fwGazFkNRw,40.0,50.0,"/m/03qtwd,/m/053hz1,/t/dd00135",0,1,0,0,0,0,0,0
E8cbLawGqXM,30.0,40.0,/m/09x0r,0,0,0,0,0,0,0,0
oADTAt6iNZg,10.0,20.0,"/m/032s66,/m/073cg4",0,0,0,0,1,0,0,0
FOGwxDSEgcs,30.0,40.0,"/m/03j1ly,/m/03kmc9,/m/04qvtq",0,0,0,0,0,0,1,0
CXuH2EAf6dM,40.0,50.0,"/m/015lz1,/m/0g6b5",0,0,0,1,0,0,0,0
xi0lWbgXvGA,30.0,40.0,/m/02mfyn,0,0,0,0,0,0,0,1
bakGJxJ4pxY,40.0,50.0,/m/02mfyn,0,0,0,0,0,0,0,1
21xFcVKvHfw,0.0,10.0,/m/039jq,0,0,0,0,0,1,0,0
9_aMPLU2FeU,0.0,10.0,/m/032s66,0,0,0,0,1,0,0,0
sBOb2p6adHo,0.0,10.0,"/m/0283d,/m/02lkt,/m/04rlf,/m/0glt670",0,0,0,0,0,0,0,0
ufqtI1BfT2M,170.0,180.0,"/m/0463cq4,/m/09x0r,/m/0ytgt,/t/dd00126",0,0,1,0,0,0,0,0
ymxV8lesViE,430.0,440.0,"/m/03k3r,/m/04rlf,/m/09x0r,/m/0jbk",0,0,0,0,0,0,0,0
08pTDgI15os,60.0,70.0,/m/03kmc9,0,0,0,0,0,0,1,0
-9A8QbHmPQo,30.0,40.0,/m/04rlf,0,0,0,0,0,0,0,0
CNADjD_4g-s,10.0,20.0,"/m/0463cq4,/m/09x0r,/t/dd00125",0,0,1,0,0,0,0,0
VZ_glJ6TL2k,16.0,26.0,"/m/01y3hg,/m/09x0r",0,0,0,0,0,0,0,1
egjwqftz_kg,260.0,270.0,"/m/039jq,/t/dd00126",0,0,0,0,0,1,0,0
HzuAI4NpLRs,30.0,40.0,"/m/03j1ly,/m/03kmc9,/m/04qvtq",0,0,0,0,0,0,1,0
q5q0lLSHv7c,80.0,90.0,/m/0c3f7m,0,0,0,0,0,0,0,1
qveJOvikqMw,70.0,80.0,"/m/032s66,/m/0_1c",0,0,0,0,1,0,0,0
vq0DJSVa2j0,6.0,16.0,/m/04qvtq,0,0,0,0,0,0,1,0
mGsvlX7ysr8,0.0,10.0,"/m/03j1ly,/m/03kmc9,/m/04qvtq",0,0,0,0,0,0,1,0
p-zBQc1xNFY,90.0,100.0,"/m/032s66,/m/04zjc",0,0,0,0,1,0,0,0
JMv8hOxwhbg,30.0,40.0,/m/04rlf,0,0,0,0,0,0,0,0
v9hj9YVX_Fk,30.0,40.0,"/m/012n7d,/m/03j1ly,/m/03kmc9,/m/04qvtq",0,0,0,0,0,0,1,0
-4pUrlMafww,1.0,11.0,"/m/03qc9zr,/m/09x0r",1,0,0,0,0,0,0,0
9imlJplYDUc,230.0,240.0,"/m/015lz1,/m/04rlf,/m/07p6fty,/t/dd00127",0,1,0,0,0,0,0,0
4_ZZFKjjoL0,250.0,260.0,"/m/03kmc9,/m/09x0r,/m/0dgbq",0,0,0,0,0,0,1,0
NvWIwvrowCE,30.0,40.0,/m/0g6b5,0,0,0,1,0,0,0,0
ewJuQI95FEU,330.0,340.0,/m/0g6b5,0,0,0,1,0,0,0,0
kfvhZzi7GGM,220.0,230.0,"/m/07p6fty,/m/09x0r",0,1,0,0,0,0,0,0
4jSg8JWWDdQ,30.0,40.0,/m/09x0r,0,0,0,0,0,0,0,0
r-2ZHOqgPGw,30.0,40.0,/m/09x0r,0,0,0,0,0,0,0,0
qDqTxmdAiLg,120.0,130.0,/m/032s66,0,0,0,0,1,0,0,0
svh0llkNoyQ,80.0,90.0,"/m/032s66,/m/04zjc,/m/0_1c",0,0,0,0,1,0,0,0
juoyCUNqbf4,30.0,40.0,"/m/03qtwd,/m/053hz1,/t/dd00135",0,1,0,0,0,0,0,0
JzJib8i_kBM,20.0,30.0,"/g/122z_qxw,/m/0g6b5",0,0,0,1,0,0,0,0
4rXhabLHqew,21.0,31.0,/m/01y3hg,0,0,0,0,0,0,0,1
r1_DSA76JSk,20.0,30.0,"/m/03qc9zr,/m/09x0r",1,0,0,0,0,0,0,0
JepLpI6j3Z8,30.0,40.0,/m/014zdl,0,0,0,1,0,0,0,0
WXW_c7FBpqY,30.0,40.0,"/m/032s66,/m/0_1c",0,0,0,0,1,0,0,0
i4IOWbcd6D8,30.0,40.0,"/m/0c3f7m,/t/dd00125",0,0,0,0,0,0,0,1
2iG_e4x7W-k,250.0,260.0,/m/032s66,0,0,0,0,1,0,0,0
9OoT1p2lEPQ,30.0,40.0,"/m/09x0r,/t/dd00002",0,0,1,0,0,0,0,0
gAG_Xlqg8nY,15.0,25.0,"/m/03kmc9,/m/0dgbq",0,0,0,0,0,0,1,0
_IWs_uC7rcU,30.0,40.0,/m/032s66,0,0,0,0,1,0,0,0
k9j9rSAN4hM,340.0,350.0,"/m/032s66,/m/04rlf,/m/09x0r",0,0,0,0,1,0,0,0
xBtM_pu9NWw,570.0,580.0,"/m/032s66,/m/04zjc",0,0,0,0,1,0,0,0
Rc-R1CHI2VU,150.0,160.0,/m/09x0r,0,0,0,0,0,0,0,0
QwaVHeW_P88,340.0,350.0,"/m/039jq,/m/09x0r",0,0,0,0,0,1,0,0
EnGDt-IvQYk,30.0,40.0,/m/04rlf,0,0,0,0,0,0,0,0
F_WfHzBVBdA,110.0,120.0,"/m/0342h,/m/04rlf,/m/07p6fty,/t/dd00126",0,1,0,0,0,0,0,0
DB1fq-GOj3c,30.0,40.0,/m/09x0r,0,0,0,0,0,0,0,0
EPg3VjUSaWA,30.0,40.0,/m/09x0r,0,0,0,0,0,0,0,0
3rgi-AozsLs,30.0,40.0,"/m/03qc9zr,/m/07hvw1,/m/07qfr4h,/m/09x0r",1,0,0,0,0,0,0,0
E7cjHvnJLIk,40.0,50.0,"/m/03qtwd,/m/053hz1,/t/dd00135",0,1,0,0,0,0,0,0
NjI963ltuI4,200.0,210.0,"/m/04rlf,/m/07p6fty",0,1,0,0,0,0,0,0
CeycBVpuKTo,30.0,40.0,/m/04rlf,0,0,0,0,0,0,0,0
2EThfbiXTQ8,100.0,110.0,"/m/039jq,/m/04rlf,/m/04szw,/m/07yv9,/m/09x0r,/m/0k4j,/m/0l14_3",0,0,0,0,0,1,0,0
SWfqud-qKiI,0.0,10.0,/m/02mfyn,0,0,0,0,0,0,0,1
7mxoNmYi22Q,30.0,40.0,/t/dd00002,0,0,1,0,0,0,0,0
OR6oseKUKYQ,530.0,540.0,"/m/07pzfmf,/m/09x0r",0,0,0,0,0,0,0,0
a-fKWcNzamY,0.0,10.0,"/m/014zdl,/m/04rlf,/m/09x0r",0,0,0,1,0,0,0,0
wvUJNFOFMS4,0.0,10.0,"/m/04rlf,/m/07p6fty,/m/09x0r,/t/dd00126,/t/dd00127",0,1,0,0,0,0,0,0
0p3EV-7yE08,30.0,40.0,"/m/04rlf,/m/07qdb04",0,0,0,0,0,0,0,0
A0BhGxGQGpo,0.0,7.0,"/m/014zdl,/m/07pxg6y,/m/07qsvvw",0,0,0,1,0,0,0,0
QXEq7sE7dqg,30.0,40.0,"/m/03j1ly,/m/04qvtq,/m/07yv9,/m/0k4j",0,0,0,0,0,0,1,0
RlOrOeQEC6I,30.0,40.0,/m/09x0r,0,0,0,0,0,0,0,0
8rmvKdgneEk,30.0,40.0,/m/09x0r,0,0,0,0,0,0,0,0
yKAxTKdhrnA,50.0,60.0,"/m/0463cq4,/m/09x0r",0,0,1,0,0,0,0,0
zzvrfnkuEx4,170.0,180.0,"/m/07pp_mv,/m/0c3f7m",0,0,0,0,0,0,0,1
9v22E7mkCnE,30.0,40.0,/m/09x0r,0,0,0,0,0,0,0,0
DeomS-3PyA0,50.0,60.0,"/m/039jq,/m/04rlf",0,0,0,0,0,1,0,0
WgfPPKOz-Tc,1.0,11.0,"/m/03qtwd,/t/dd00135",0,1,0,0,0,0,0,0
R0AHQdnehVs,30.0,40.0,/m/03kmc9,0,0,0,0,0,0,1,0
eMAuCxMzu-I,30.0,40.0,"/m/032s66,/m/0_1c",0,0,0,0,1,0,0,0
zJbozWjdsA0,390.0,400.0,"/m/039jq,/m/09x0r",0,0,0,0,0,1,0,0
Ka5MRFMnbJU,130.0,140.0,"/m/032s66,/m/04zjc",0,0,0,0,1,0,0,0
aO3CKc-ia8c,0.0,10.0,"/m/03qc9zr,/m/0463cq4,/m/09x0r",1,0,1,0,0,0,0,0
7YZTXCzqQYY,0.0,10.0,"/m/01qbl,/m/03qtq,/m/04rlf,/m/09x0r",0,0,0,0,0,0,0,0
XcLID_E_yk4,40.0,50.0,"/m/014zdl,/m/09x0r",0,0,0,1,0,0,0,0
6Ktxe_M-SiQ,70.0,80.0,"/m/012n7d,/m/03j1ly,/m/03kmc9,/m/04qvtq",0,0,0,0,0,0,1,0
rwvlf5E6qDY,30.0,40.0,"/m/026t6,/m/04rlf",0,0,0,0,0,0,0,0
te72_7pxQl0,70.0,80.0,/m/02mfyn,0,0,0,0,0,0,0,1
U05BAZK_Trc,290.0,300.0,"/m/07pp_mv,/m/09x0r",0,0,0,0,0,0,0,1
xrSSArQoFWc,20.0,30.0,"/m/03kmc9,/m/0dgbq",0,0,0,0,0,0,1,0
6JxtSOM9ODE,440.0,450.0,/m/032s66,0,0,0,0,1,0,0,0
0kJPDgJ1q3A,30.0,40.0,/m/04rlf,0,0,0,0,0,0,0,0
FGHUJMP70Gk,20.0,30.0,/m/032s66,0,0,0,0,1,0,0,0
t9Bg-qAbaUQ,220.0,230.0,/m/0g6b5,0,0,0,1,0,0,0,0
LCAuOZNMWPI,10.0,20.0,"/g/122z_qxw,/m/0g6b5",0,0,0,1,0,0,0,0
eZY9W7Tnx1U,20.0,30.0,"/m/039jq,/m/04rlf,/m/0c1dj",0,0,0,0,0,1,0,0
ABGq4mXuV14,10.0,20.0,"/m/03qtwd,/m/053hz1,/t/dd00135",0,1,0,0,0,0,0,0
GPaAbjiyHJ4,20.0,30.0,/m/02mfyn,0,0,0,0,0,0,0,1
LmDCHT1SqGE,30.0,40.0,/m/03qc9zr,1,0,0,0,0,0,0,0
-hLSc9aPOms,13.0,23.0,/m/02mfyn,0,0,0,0,0,0,0,1
HM4VN8g9poY,100.0,110.0,"/m/0463cq4,/m/04rlf,/m/09x0r",0,0,1,0,0,0,0,0
n_iEw0O-wbE,30.0,40.0,"/m/012ndj,/m/07r04,/m/07yv9",0,0,0,0,0,0,1,0
pnCebtSLJdI,30.0,40.0,"/m/01j3sz,/m/0463cq4,/m/09x0r",0,0,1,0,0,0,0,0
_M-Zu7VBFiQ,240.0,250.0,"/m/039jq,/t/dd00125",0,0,0,0,0,1,0,0
YQsxFOezia4,80.0,90.0,/m/03qc9zr,1,0,0,0,0,0,0,0
VCz_4F2UoBw,50.0,60.0,"/m/04rlf,/m/06by7,/m/07p6fty,/m/09x0r",0,1,0,0,0,0,0,0
9trlM-apth8,80.0,90.0,"/m/01kcd,/m/03qtwd,/m/04rlf,/m/04szw,/m/07p6fty",0,1,0,0,0,0,0,0
pZefX1ZK5BE,190.0,200.0,"/m/03lty,/m/04rlf,/m/06by7,/m/07p6fty,/m/0dl5d",0,1,0,0,0,0,0,0
zaCcwDkjIsU,260.0,270.0,"/m/04rlf,/m/04szw",0,0,0,0,0,0,0,0
JcO2TTtiplA,30.0,40.0,"/m/02mfyn,/m/03j1ly,/m/03kmc9,/m/04qvtq,/m/06mb1,/m/0jb2l,/m/0ngt1",0,0,0,0,0,0,1,1
vGb9-f_Tw64,140.0,150.0,/m/07pp_mv,0,0,0,0,0,0,0,1
-Ldxo4M2qBs,50.0,60.0,/m/032s66,0,0,0,0,1,0,0,0
1ftz2rdfaYI,30.0,40.0,/m/09x0r,0,0,0,0,0,0,0,0
YGGjyNocXzs,10.0,20.0,"/m/032s66,/m/09x0r",0,0,0,0,1,0,0,0
Pu0JK2fMGys,0.0,7.0,"/m/02lkt,/m/04rlf,/m/07gxw,/m/09x0r",0,0,0,0,0,0,0,0
GBVtcR1_cCU,16.0,26.0,/t/dd00002,0,0,1,0,0,0,0,0
jOsMYeAmRRM,30.0,40.0,"/m/039jq,/m/04rlf,/m/09x0r",0,0,0,0,0,1,0,0
5Al5Lw4TjNY,10.0,20.0,/m/04rlf,0,0,0,0,0,0,0,0
5C2gKklMuMM,270.0,280.0,/m/032s66,0,0,0,0,1,0,0,0
0xa8pUjSyxg,20.0,30.0,"/m/0463cq4,/m/09x0r",0,0,1,0,0,0,0,0
b2U4uhjshxU,30.0,40.0,"/m/032s66,/m/0_1c",0,0,0,0,1,0,0,0
Ht_IiMEbMJk,70.0,80.0,"/m/03qc9zr,/m/09x0r,/m/0ytgt",1,0,0,0,0,0,0,0
ey-i77xXfYo,20.0,30.0,/m/02mfyn,0,0,0,0,0,0,0,1
lDDP_MAhnYA,300.0,310.0,"/m/039jq,/m/09x0r,/t/dd00125",0,0,0,0,0,1,0,0
FeZPtCPyNxU,100.0,110.0,/m/032s66,0,0,0,0,1,0,0,0
z2dC2PeF00U,50.0,60.0,"/m/015lz1,/m/04rlf,/m/07p6fty,/t/dd00126",0,1,0,0,0,0,0,0
VCZy_eUnpwo,0.0,10.0,"/m/03qc9zr,/m/07r660_,/m/09x0r,/t/dd00125",1,0,0,0,0,0,0,0
jUqN8QYGyIQ,170.0,180.0,"/m/03qtwd,/m/053hz1,/t/dd00135",0,1,0,0,0,0,0,0
PreOQEvSIiE,30.0,40.0,/m/04rlf,0,0,0,0,0,0,0,0
zIpFHzBOoFE,40.0,50.0,"/m/04rlf,/m/07p6fty,/m/09x0r",0,1,0,0,0,0,0,0
N520a99J70Q,30.0,40.0,"/m/04rlf,/m/09x0r",0,0,0,0,0,0,0,0
poUm8Aqm1co,230.0,240.0,"/m/03qtwd,/t/dd00135",0,1,0,0,0,0,0,0
I7nEmk-Ty1M,30.0,40.0,/t/dd00002,0,0,1,0,0,0,0,0
ezWn28s0cXc,30.0,40.0,"/m/09x0r,/t/dd00002",0,0,1,0,0,0,0,0
KpJoFCqfT7o,0.0,7.0,/m/014zdl,0,0,0,1,0,0,0,0
IPL838cX_FI,0.0,10.0,"/m/053hz1,/m/09x0r,/t/dd00128",0,0,0,0,0,0,0,0
AhZzU4pY0TY,30.0,40.0,/m/0c3f7m,0,0,0,0,0,0,0,1
Ijuwt2zVffA,110.0,120.0,"/m/07pp_mv,/m/09x0r",0,0,0,0,0,0,0,1
x6_ehkYq9YE,20.0,30.0,"/m/032s66,/m/04zjc",0,0,0,0,1,0,0,0
IKqiUyF3WU0,0.0,10.0,"/m/012n7d,/m/03j1ly,/m/03kmc9,/m/04qvtq",0,0,0,0,0,0,1,0
QvRdb_eScIk,30.0,40.0,/m/03kmc9,0,0,0,0,0,0,1,0
Co2iMA6_FR8,0.0,10.0,"/m/03kmc9,/m/09x0r",0,0,0,0,0,0,1,0
NgwDCs4SGI0,140.0,150.0,"/m/032s66,/m/04zjc",0,0,0,0,1,0,0,0
KInNG25PnHU,90.0,100.0,"/m/015lz1,/m/04rlf,/m/05pd6,/m/07p6fty,/t/dd00127",0,1,0,0,0,0,0,0
Bhe_KP8wmNo,190.0,200.0,/m/0g6b5,0,0,0,1,0,0,0,0
RENZq0qF0wE,30.0,40.0,/m/032s66,0,0,0,0,1,0,0,0
TpUy60PIpng,80.0,90.0,"/m/015lz1,/m/04rlf,/m/07p6fty,/t/dd00126,/t/dd00127",0,1,0,0,0,0,0,0
3qUbjqwGIx8,50.0,60.0,"/m/0463cq4,/t/dd00002",0,0,1,0,0,0,0,0
-NrFeH-kBSM,0.0,10.0,/m/032s66,0,0,0,0,1,0,0,0
9Rw6ubVIKpE,40.0,50.0,"/m/03qc9zr,/m/09x0r",1,0,0,0,0,0,0,0
FKg-n7ZSD9M,20.0,30.0,/m/04qvtq,0,0,0,0,0,0,1,0
icPBKqFUo_A,220.0,230.0,"/m/01y3hg,/m/04rlf,/m/0c3f7m",0,0,0,0,0,0,0,1
723KuaTtsVc,50.0,60.0,"/m/039jq,/m/09x0r",0,0,0,0,0,1,0,0
gwxo5QpVCAg,22.0,32.0,"/m/012ndj,/m/07r04,/m/07yv9",0,0,0,0,0,0,1,0
wsEYGV_ID7E,10.0,20.0,"/m/03qc9zr,/m/0463cq4,/t/dd00002",1,0,1,0,0,0,0,0
LrQk1sYrCFg,24.0,34.0,/t/dd00002,0,0,1,0,0,0,0,0
EeabJNTmJHQ,20.0,30.0,/m/032s66,0,0,0,0,1,0,0,0
Nh6c44Rt8nk,560.0,570.0,"/m/032s66,/m/073cg4",0,0,0,0,1,0,0,0
JqpBnYq1pnM,130.0,140.0,"/m/032s66,/m/073cg4",0,0,0,0,1,0,0,0
iiI2Qwgl39k,420.0,430.0,/m/03qc9zr,1,0,0,0,0,0,0,0
7ELBoq77Q0w,110.0,120.0,"/g/122z_qxw,/m/0g6b5",0,0,0,1,0,0,0,0
BxZDM450Nac,30.0,40.0,"/m/032s66,/m/04zjc",0,0,0,0,1,0,0,0
6uDsMOHpCK8,30.0,40.0,"/m/04rlf,/m/09x0r",0,0,0,0,0,0,0,0
3qLlVBcYUo4,30.0,40.0,"/m/03kmc9,/m/0dgbq",0,0,0,0,0,0,1,0
-fKLFmdZXiA,20.0,30.0,/m/01y3hg,0,0,0,0,0,0,0,1
kz1KSELgbxA,20.0,30.0,/m/04rlf,0,0,0,0,0,0,0,0
WYYfg7_11kg,30.0,40.0,"/g/122z_qxw,/m/04rlf,/m/0g6b5",0,0,0,1,0,0,0,0
dV4Ne2iBmBE,60.0,70.0,"/m/02rr_,/m/0342h,/m/04rlf,/m/04szw,/m/0fx80y,/m/0g12c5",0,0,0,0,0,0,0,0
KuggB26Gjk0,40.0,50.0,"/m/039jq,/m/04rlf,/m/0m0jc",0,0,0,0,0,1,0,0
ZZXFQtGcdA0,30.0,40.0,"/m/03kmc9,/m/04qvtq",0,0,0,0,0,0,1,0
8jN5OJJLfZ4,230.0,240.0,"/m/03qc9zr,/m/09x0r",1,0,0,0,0,0,0,0
rskUahE5VDE,0.0,10.0,"/m/0g6b5,/t/dd00013,/t/dd00128",0,0,0,1,0,0,0,0
uzGmHPwyLIc,30.0,40.0,"/m/04rlf,/m/09x0r",0,0,0,0,0,0,0,0
JTuQWkosSv4,30.0,40.0,"/m/09x0r,/t/dd00002",0,0,1,0,0,0,0,0
E35wFEkyS_4,540.0,550.0,"/m/032s66,/m/04zjc",0,0,0,0,1,0,0,0
Sk08D2hhY10,20.0,30.0,/m/0g6b5,0,0,0,1,0,0,0,0
7fWc1XYNUnk,21.0,31.0,"/m/014zdl,/m/09x0r",0,0,0,1,0,0,0,0
0snY9mFTLNI,30.0,40.0,/m/09x0r,0,0,0,0,0,0,0,0
DL2-aAEta7A,30.0,40.0,"/m/032s66,/m/0_1c",0,0,0,0,1,0,0,0
9mIN-p8N1jI,30.0,40.0,/m/09x0r,0,0,0,0,0,0,0,0
lNnj9q0oVLY,90.0,100.0,"/m/032s66,/m/073cg4",0,0,0,0,1,0,0,0
NhqtxC6LVl8,2.0,12.0,"/m/04rlf,/m/09x0r",0,0,0,0,0,0,0,0
Rr9ZwOwFQ2I,0.0,10.0,"/m/04rlf,/m/07p6fty,/m/07rwj3x,/m/09x0r,/t/dd00126",0,1,0,0,0,0,0,0
cDGsEFsX4zU,80.0,90.0,"/m/039jq,/m/0838f,/m/09x0r",0,0,0,0,0,1,0,0
dPEgsunpsis,20.0,30.0,/m/032s66,0,0,0,0,1,0,0,0
qN2WeWvBk8Q,10.0,20.0,"/m/012ndj,/m/03j1ly,/m/03kmc9,/m/07yv9,/m/09x0r",0,0,0,0,0,0,1,0
NV2X5ysWJQ4,30.0,40.0,/m/09x0r,0,0,0,0,0,0,0,0
2FBMlK7F8O8,30.0,40.0,"/m/026z9,/m/02x8m,/m/04rlf,/m/06j6l,/m/09x0r,/m/0ggx5q",0,0,0,0,0,0,0,0
PTd_n0WoRyA,11.0,21.0,"/m/032s66,/m/0_1c",0,0,0,0,1,0,0,0
TyX8YrDfR_I,0.0,10.0,/m/0c3f7m,0,0,0,0,0,0,0,1
UxWiTwlMLAk,60.0,70.0,"/m/012n7d,/m/03j1ly,/m/03kmc9",0,0,0,0,0,0,1,0
WUypUDgXF-Y,30.0,40.0,"/m/09x0r,/t/dd00127",0,0,0,0,0,0,0,0
fBDhEkpKTe4,50.0,60.0,"/m/0463cq4,/m/05zppz,/m/09x0r",0,0,1,0,0,0,0,0
IG9BJDW7UBs,30.0,40.0,"/m/04rlf,/m/09x0r",0,0,0,0,0,0,0,0
dQ8XK9vWe84,200.0,210.0,"/m/04rlf,/m/07p6fty,/m/09x0r",0,1,0,0,0,0,0,0
nX-Si6WUpNs,170.0,180.0,"/m/07pp_mv,/m/09x0r",0,0,0,0,0,0,0,1
FZnYwEq8OYA,0.0,10.0,/m/039jq,0,0,0,0,0,1,0,0
b2oD6FerqqI,30.0,40.0,/m/03kmc9,0,0,0,0,0,0,1,0
cj8ZyI_S9gY,6.0,16.0,"/m/04rlf,/m/09x0r",0,0,0,0,0,0,0,0
hZFC7k-u6DE,160.0,170.0,"/m/012n7d,/m/03j1ly,/m/03kmc9",0,0,0,0,0,0,1,0
CI_4RRXG_1w,30.0,40.0,"/m/0_1c,/m/0g6b5",0,0,0,1,0,0,0,0
Q_db0UotL0M,40.0,50.0,"/m/07pp_mv,/m/0c3f7m",0,0,0,0,0,0,0,1
Ur-TlspWK6Y,50.0,60.0,/m/039jq,0,0,0,0,0,1,0,0
JIDLDxxxLR8,20.0,30.0,"/m/01h8n0,/m/09x0r",0,0,0,0,0,0,0,0
W1q1TEJ36Zg,10.0,20.0,"/m/03qc9zr,/m/09x0r",1,0,0,0,0,0,0,0
-sezehWyWng,30.0,40.0,"/m/04rlf,/m/09x0r",0,0,0,0,0,0,0,0
CT1RIngdLQI,30.0,40.0,"/m/03j1ly,/m/03kmc9,/m/04qvtq",0,0,0,0,0,0,1,0
1YGxqpHhMGQ,30.0,40.0,/m/04rlf,0,0,0,0,0,0,0,0
uap7tWPKn3s,80.0,90.0,/m/0g6b5,0,0,0,1,0,0,0,0
-ZtZOcg3s7M,30.0,40.0,"/m/02mfyn,/m/03j1ly,/m/03kmc9,/m/04qvtq",0,0,0,0,0,0,1,1
d-zH-RFj1EU,0.0,10.0,"/m/07pp_mv,/m/09x0r,/t/dd00125",0,0,0,0,0,0,0,1
WDk_ccFHrZw,130.0,140.0,"/m/03kmc9,/m/0dgbq",0,0,0,0,0,0,1,0
8tbm8V9vyMk,120.0,130.0,"/m/039jq,/m/07k1x,/m/09x0r",0,0,0,0,0,1,0,0
B4UQjCnGxks,22.0,32.0,/m/03kmc9,0,0,0,0,0,0,1,0
pvthl9i30TI,30.0,40.0,/m/07pp_mv,0,0,0,0,0,0,0,1
55TPaoyaNCQ,30.0,40.0,"/m/0342h,/m/04rlf,/m/04szw,/m/0fx80y",0,0,0,0,0,0,0,0
Fl1FCMWpRMc,40.0,50.0,"/m/07pp_mv,/m/07yv9,/m/0k4j",0,0,0,0,0,0,0,1
m7veq4U8m60,30.0,40.0,"/m/04rlf,/m/09x0r",0,0,0,0,0,0,0,0
aV-W27Udp0A,250.0,260.0,"/m/028v0c,/m/09x0r",0,0,0,0,0,0,0,0
LQ1yuxtn4dg,10.0,20.0,"/g/122z_qxw,/m/09x0r,/m/0g6b5,/t/dd00128",0,0,0,1,0,0,0,0
09YQukdYVI4,30.0,40.0,"/m/03qc9zr,/m/03qtwd,/m/04rlf,/m/07qfr4h,/m/09x0r",1,0,0,0,0,0,0,0
_hhW1f0zkhU,80.0,90.0,"/m/03j1ly,/m/04qvtq,/m/07yv9,/m/09x0r,/m/0k4j,/t/dd00128",0,0,0,0,0,0,1,0
7PHdCRWYluw,30.0,40.0,/m/09x0r,0,0,0,0,0,0,0,0
8LJdmbVxVqw,230.0,240.0,"/m/03qtwd,/m/053hz1,/t/dd00135",0,1,0,0,0,0,0,0
0pZvbp2X7to,360.0,370.0,"/m/032s66,/m/04zjc",0,0,0,0,1,0,0,0
wA_8eyt8pZ0,140.0,150.0,"/m/039jq,/m/07q7njn,/m/09x0r",0,0,0,0,0,1,0,0
5oQPSGsNhe8,0.0,10.0,/m/014zdl,0,0,0,1,0,0,0,0
VY64l2clKq0,30.0,40.0,"/m/039jq,/m/0838f",0,0,0,0,0,1,0,0
Uv-g-Yo5FRw,40.0,50.0,"/m/039jq,/m/09x0r",0,0,0,0,0,1,0,0
sb6lAMOCtSA,30.0,40.0,"/m/09x0r,/t/dd00125",0,0,0,0,0,0,0,0
aL3hfyfyxh8,110.0,120.0,"/m/032s66,/m/073cg4",0,0,0,0,1,0,0,0
WERZbCb7160,120.0,130.0,/m/09x0r,0,0,0,0,0,0,0,0
Ndn-5RdYXTg,30.0,40.0,"/m/07qz6j3,/m/09x0r,/t/dd00002",0,0,1,0,0,0,0,0
HDr9Fd7tGxk,8.0,18.0,"/m/014zdl,/m/04rlf,/m/09x0r",0,0,0,1,0,0,0,0
VSOOTMe6AqM,30.0,40.0,"/m/014zdl,/m/04rlf,/m/07pjjrj",0,0,0,1,0,0,0,0
FX7m8rS8Ac4,11.0,21.0,"/m/07qz6j3,/t/dd00002",0,0,1,0,0,0,0,0
BTeHUpmCyWs,340.0,350.0,"/m/039jq,/m/09x0r",0,0,0,0,0,1,0,0
JDFoTTtmAGA,5.0,15.0,"/m/032s66,/m/0_1c",0,0,0,0,1,0,0,0
4v_Cy4NpKjM,0.0,5.0,"/m/014zdl,/m/09x0r",0,0,0,1,0,0,0,0
WOBEin8e-PE,340.0,350.0,/m/04rlf,0,0,0,0,0,0,0,0
RuerOXQ75uM,30.0,40.0,"/m/04rlf,/m/07sbbz2,/m/09x0r",0,0,0,0,0,0,0,0
wjpmyeC_RD0,0.0,8.0,/m/03qc9zr,1,0,0,0,0,0,0,0
s235MaSXnHI,120.0,130.0,"/m/015lz1,/m/04rlf,/m/07p6fty,/t/dd00127",0,1,0,0,0,0,0,0
qzj98dxpC4I,30.0,40.0,"/m/012ndj,/m/03j1ly,/m/03kmc9",0,0,0,0,0,0,1,0
8pr6xUafFPQ,320.0,330.0,"/m/03qtwd,/m/04rlf,/m/07p6fty",0,1,0,0,0,0,0,0
yzbfA84qLOg,30.0,40.0,/m/09x0r,0,0,0,0,0,0,0,0
sMjWCcSva2M,2.0,12.0,/t/dd00002,0,0,1,0,0,0,0,0
C9JUApc2XhQ,30.0,40.0,"/m/04rlf,/m/09x0r",0,0,0,0,0,0,0,0
HJ84Jk3WYD0,20.0,30.0,"/m/032s66,/m/073cg4",0,0,0,0,1,0,0,0
9rgoraScw8M,30.0,40.0,/m/0g6b5,0,0,0,1,0,0,0,0
8LYY2pQPd80,100.0,110.0,/m/03qc9zr,1,0,0,0,0,0,0,0
NpD3uEqV5Us,40.0,50.0,"/m/0463cq4,/m/09x0r",0,0,1,0,0,0,0,0
cqX5Crvjivc,30.0,40.0,/m/09x0r,0,0,0,0,0,0,0,0
R4AnnEmjqy0,21.0,31.0,"/m/014zdl,/m/04rlf,/m/07qsvvw,/m/09x0r",0,0,0,1,0,0,0,0
ECGmCRE_QTM,100.0,110.0,"/m/039jq,/m/07q7njn",0,0,0,0,0,1,0,0
QVJ0NATvxHI,50.0,60.0,"/m/09x0r,/m/0c3f7m",0,0,0,0,0,0,0,1
CuDnm77wb0M,17.0,27.0,"/m/09ddx,/m/09x0r",0,0,0,0,0,0,0,0
I-ZTv2iR6T8,150.0,160.0,"/m/04rlf,/m/06by7,/m/07p6fty",0,1,0,0,0,0,0,0
sIo2riMp0cQ,30.0,40.0,"/m/03j1ly,/m/03kmc9,/m/07yv9",0,0,0,0,0,0,1,0
81Md6tkzJPA,160.0,170.0,"/m/015lz1,/m/04rlf,/m/07p6fty,/t/dd00126",0,1,0,0,0,0,0,0
YQZoNZol3C8,0.0,10.0,"/m/04rlf,/m/04szw,/m/06cqb",0,0,0,0,0,0,0,0
eXK2J-oz5h0,30.0,40.0,"/m/014zdl,/m/07qsvvw",0,0,0,1,0,0,0,0
_2SPwrdtL-Q,30.0,40.0,"/m/032s66,/m/04zjc",0,0,0,0,1,0,0,0
jJdoFZDwPMU,160.0,170.0,"/m/039jq,/m/07q7njn,/m/09x0r",0,0,0,0,0,1,0,0
wYPUfTY0W1c,30.0,40.0,/m/032s66,0,0,0,0,1,0,0,0
5rX_j1DR1oQ,50.0,60.0,"/m/015lz1,/m/04rlf,/m/06by7,/m/07p6fty",0,1,0,0,0,0,0,0
S9Dml-ioESk,50.0,60.0,"/m/0463cq4,/m/07r660_,/m/09x0r,/t/dd00002,/t/dd00125",0,0,1,0,0,0,0,0
9-Yp6ovBrW8,100.0,110.0,"/m/02_41,/m/032s66",0,0,0,0,1,0,0,0
SYgw-pkXS6Q,260.0,270.0,"/m/015lz1,/m/04rlf,/m/06by7,/m/07p6fty,/m/09x0r",0,1,0,0,0,0,0,0
lqGtL8sUo_g,30.0,40.0,"/m/03kmc9,/m/0dgbq",0,0,0,0,0,0,1,0
ypiD7L4RZSQ,0.0,8.0,/m/032s66,0,0,0,0,1,0,0,0
2_2efspUwgc,10.0,20.0,"/m/012ndj,/m/03j1ly,/m/07r04,/m/07yv9",0,0,0,0,0,0,1,0
6WVCDuA2BeE,180.0,190.0,/m/0c3f7m,0,0,0,0,0,0,0,1
bjA3gCODpnI,0.0,10.0,"/m/0463cq4,/m/09x0r",0,0,1,0,0,0,0,0
CijGA_NHUlM,10.0,20.0,"/m/015lz1,/m/0342h,/m/04rlf,/m/04szw,/m/07p6fty",0,1,0,0,0,0,0,0
ijwHLDS54mM,200.0,210.0,"/m/09x0r,/m/0c3f7m",0,0,0,0,0,0,0,1
LXos7b2qYj4,30.0,40.0,/m/032s66,0,0,0,0,1,0,0,0
5z4AHK3I1-g,360.0,370.0,"/m/02zsn,/m/09x0r",0,0,0,0,0,0,0,0
zsgxbesTbjM,22.0,32.0,/t/dd00002,0,0,1,0,0,0,0,0
Q-4UAwwVE5c,310.0,320.0,"/m/028ght,/m/09x0r",0,0,0,0,0,0,0,0
JLsyEq_8Pmg,110.0,120.0,"/m/015lz1,/m/04rlf,/m/07p6fty",0,1,0,0,0,0,0,0
bJ6jya23cIQ,20.0,30.0,"/m/039jq,/m/09x0r",0,0,0,0,0,1,0,0
5Pk_lNJ7GPo,30.0,40.0,"/m/039jq,/m/07q7njn,/m/09x0r",0,0,0,0,0,1,0,0
iKivwyKB05k,100.0,110.0,/m/02mfyn,0,0,0,0,0,0,0,1
YDlPqwS813o,30.0,40.0,"/m/01qbl,/m/03qtq,/m/04rlf,/m/09x0r",0,0,0,0,0,0,0,0
AlHqJsWDPrU,110.0,120.0,"/m/04rlf,/m/09x0r",0,0,0,0,0,0,0,0
ovPqn8y3wF0,0.0,10.0,/m/03qc9zr,1,0,0,0,0,0,0,0
UW66QwVxFmQ,0.0,10.0,"/m/03kmc9,/m/0dgbq",0,0,0,0,0,0,1,0
zdA9qFbaWQQ,100.0,110.0,"/m/04rlf,/m/06_fw,/m/09x0r",0,0,0,0,0,0,0,0
g7mspe3h5ko,30.0,40.0,/m/032s66,0,0,0,0,1,0,0,0
zEUVQr3aWGE,320.0,330.0,"/m/015lz1,/m/04rlf,/m/07p6fty,/t/dd00126",0,1,0,0,0,0,0,0
LfV3GlJjbJA,30.0,40.0,/m/04rlf,0,0,0,0,0,0,0,0
zwt0-btmexk,0.0,10.0,"/m/02fs_r,/m/07pp_mv",0,0,0,0,0,0,0,1
5ew7LsoymDo,390.0,400.0,"/m/014zdl,/m/04rlf,/m/07qqyl4,/m/09x0r",0,0,0,1,0,0,0,0
PhmKzxJ0dW4,30.0,40.0,/m/09x0r,0,0,0,0,0,0,0,0
zeglxv4xTWY,0.0,10.0,"/m/04rlf,/m/07p6fty,/m/09x0r,/t/dd00128",0,1,0,0,0,0,0,0
jCePUAKGhuU,10.0,20.0,"/m/039jq,/m/0l14t7",0,0,0,0,0,1,0,0
uOTdkvDy1Yw,60.0,70.0,/m/02mfyn,0,0,0,0,0,0,0,1
cQbpcLTDJBw,50.0,60.0,/m/02mfyn,0,0,0,0,0,0,0,1
P8m4GV1F4Ec,0.0,5.0,"/m/032s66,/m/0c1dj",0,0,0,0,1,0,0,0
AU3WsFtKSc4,30.0,40.0,/m/032s66,0,0,0,0,1,0,0,0
1Hf_1QejY4I,10.0,20.0,/m/07pp_mv,0,0,0,0,0,0,0,1
rVk-w0ZMZqk,160.0,170.0,"/m/04rlf,/m/07p6fty,/m/09x0r",0,1,0,0,0,0,0,0
UszdhyB90Fo,40.0,50.0,/m/04rlf,0,0,0,0,0,0,0,0
26RwzvqsXUM,80.0,90.0,"/m/03m9d0z,/m/09x0r,/m/0g6b5,/t/dd00092",0,0,0,1,0,0,0,0
6V2n63P3m18,30.0,40.0,/m/014zdl,0,0,0,1,0,0,0,0
DptWWXVlKHw,40.0,50.0,"/m/07pp_mv,/m/09x0r,/m/0c3f7m",0,0,0,0,0,0,0,1
CmXA759VLZo,7.0,17.0,"/m/09x0r,/t/dd00002",0,0,1,0,0,0,0,0
rQWLdX5UEJQ,0.0,10.0,"/m/09x0r,/t/dd00128",0,0,0,0,0,0,0,0
Qn0zyQDy3Fk,0.0,5.0,"/m/09x0r,/t/dd00002",0,0,1,0,0,0,0,0
p_wmW_wXXp8,330.0,340.0,"/m/015lz1,/m/04rlf,/m/07p6fty,/t/dd00126",0,1,0,0,0,0,0,0
4QTVyICVXgc,26.0,36.0,/m/03kmc9,0,0,0,0,0,0,1,0
GkjOxHet1HM,150.0,160.0,"/m/04rlf,/m/09x0r,/m/0g6b5",0,0,0,1,0,0,0,0
DItNfmX3jV8,30.0,40.0,/m/09x0r,0,0,0,0,0,0,0,0
tjOt2iRa6kA,90.0,100.0,"/m/03qc9zr,/m/09x0r,/t/dd00125",1,0,0,0,0,0,0,0
hrxUUy7Fir8,0.0,8.0,"/m/032s66,/m/04zjc",0,0,0,0,1,0,0,0
JBYp4H5iwYY,360.0,370.0,/m/0g6b5,0,0,0,1,0,0,0,0
cPvKoxltlP8,50.0,60.0,/m/0c3f7m,0,0,0,0,0,0,0,1
qBeSf86MFyg,20.0,30.0,"/m/03qc9zr,/m/09x0r",1,0,0,0,0,0,0,0
Pd5Ub_tFci8,250.0,260.0,"/m/01y3hg,/m/09x0r,/t/dd00125",0,0,0,0,0,0,0,1
2GghpZZ9U7Q,200.0,210.0,/m/02mfyn,0,0,0,0,0,0,0,1
jSFlBbpBrDo,10.0,20.0,"/m/039jq,/m/07qwdck,/m/09x0r",0,0,0,0,0,1,0,0
-Ic7AXv4hH0,0.0,9.0,"/m/03qc9zr,/t/dd00125",1,0,0,0,0,0,0,0
RPwN3bt8RGU,0.0,6.0,"/m/039jq,/m/07pc8lb",0,0,0,0,0,1,0,0
pNM3XFtRMZs,30.0,35.0,"/m/04rlf,/m/09x0r",0,0,0,0,0,0,0,0
WksEGbwu8P4,150.0,160.0,"/m/039jq,/m/09x0r",0,0,0,0,0,1,0,0
_zzhHu7HwZc,30.0,40.0,"/m/03qc9zr,/m/03qtwd,/m/04rlf",1,0,0,0,0,0,0,0
td0c0qoHDq0,30.0,40.0,"/m/032s66,/m/0_1c",0,0,0,0,1,0,0,0
OcJAdW8E_00,0.0,7.0,"/m/014zdl,/m/07qsvvw",0,0,0,1,0,0,0,0
PWeAO_dCJDw,0.0,10.0,/m/0g6b5,0,0,0,1,0,0,0,0
Yd_2NDxfbnc,70.0,80.0,"/m/039jq,/m/07pb8fc",0,0,0,0,0,1,0,0
wM2MjZgCZho,30.0,40.0,"/m/028ght,/m/04rlf,/m/053hz1,/m/07p6fty,/m/09x0r",0,1,0,0,0,0,0,0
zGqWGTVYYGk,80.0,90.0,"/m/01y3hg,/m/09x0r",0,0,0,0,0,0,0,1
pujqLw22ugA,520.0,530.0,/m/09x0r,0,0,0,0,0,0,0,0
xF1PsFXmzbI,0.0,10.0,/m/02mfyn,0,0,0,0,0,0,0,1
BT6SKPxLC3c,30.0,40.0,/m/09x0r,0,0,0,0,0,0,0,0
9_ZE_cCGbgc,160.0,170.0,/m/032s66,0,0,0,0,1,0,0,0
VPthmDW5lzI,30.0,40.0,/m/04rlf,0,0,0,0,0,0,0,0
I5fDUdH6DEY,14.0,24.0,"/m/03kmc9,/m/04qvtq",0,0,0,0,0,0,1,0
FBoBy_vJwQY,0.0,5.0,"/m/014zdl,/m/07qsvvw",0,0,0,1,0,0,0,0
WOryMIlqkTY,210.0,220.0,"/m/0463cq4,/m/09x0r",0,0,1,0,0,0,0,0
by5dlbUUWoc,60.0,70.0,"/m/015lz1,/m/04rlf,/m/0l14jd",0,0,0,0,0,0,0,0
7mez1SkVSmY,70.0,80.0,"/m/04rlf,/m/09x0r,/m/0y4f8",0,0,0,0,0,0,0,0
pebswdHR2ts,90.0,100.0,"/m/039jq,/m/07yv9",0,0,0,0,0,1,0,0
JOio_mntPcE,0.0,10.0,/m/03qc9zr,1,0,0,0,0,0,0,0
VxuMKb5CKI0,30.0,40.0,/m/03qc9zr,1,0,0,0,0,0,0,0
Yq0uNgi-DBM,0.0,10.0,"/m/03qtwd,/m/053hz1,/t/dd00135",0,1,0,0,0,0,0,0
f7kuQ4sKzQo,120.0,130.0,"/g/122z_qxw,/m/09x0r,/m/0g6b5,/t/dd00128",0,0,0,1,0,0,0,0
9xWCpsfgg1M,30.0,40.0,/m/03qc9zr,1,0,0,0,0,0,0,0
pxBP51p61Ek,90.0,100.0,"/m/03qc9zr,/m/09x0r",1,0,0,0,0,0,0,0
h-yvgtw7Rbs,10.0,20.0,"/m/032s66,/m/04zjc",0,0,0,0,1,0,0,0
3ITCIknUFi4,2.0,12.0,"/m/04rlf,/m/09x0r",0,0,0,0,0,0,0,0
R5FXBT_MEBw,30.0,40.0,/m/09x0r,0,0,0,0,0,0,0,0
54-mSyX4mLs,30.0,40.0,"/m/0342h,/m/042v_gx,/m/04rlf,/m/04szw,/m/07s0s5r,/m/0fx80y",0,0,0,0,0,0,0,0
XwTzGSMIJsY,0.0,10.0,/m/0c3f7m,0,0,0,0,0,0,0,1
QBJOct9zi8w,120.0,130.0,/m/032s66,0,0,0,0,1,0,0,0
pPONx7yp19E,30.0,40.0,"/m/012ndj,/m/07r04,/m/07yv9",0,0,0,0,0,0,1,0
-jCjwUJU0aY,10.0,20.0,"/m/03qtwd,/m/053hz1,/t/dd00135",0,1,0,0,0,0,0,0
XuQCBN2WtjM,240.0,250.0,"/m/09x0r,/m/0c3f7m",0,0,0,0,0,0,0,1
hfzLvct2JgI,30.0,40.0,"/m/03kmc9,/m/0dgbq",0,0,0,0,0,0,1,0
4uELM7HLX3M,30.0,40.0,"/m/01v1d8,/m/04rlf",0,0,0,0,0,0,0,0
SHzg5GBONW8,430.0,440.0,"/m/04rlf,/m/07p6fty,/t/dd00127",0,1,0,0,0,0,0,0
YImX9z4iSS8,30.0,40.0,"/m/09x0r,/t/dd00002",0,0,1,0,0,0,0,0
BcApZzNFy3M,30.0,40.0,"/m/03qtwd,/m/053hz1,/t/dd00135",0,1,0,0,0,0,0,0
HeWFUIAsy0Q,17.0,27.0,"/m/032s66,/m/04zjc",0,0,0,0,1,0,0,0
dO09P7vAAVY,80.0,90.0,"/m/0463cq4,/m/09x0r",0,0,1,0,0,0,0,0
cMetel1RXVo,250.0,260.0,"/m/015lz1,/m/04rlf,/m/064t9,/m/07p6fty,/t/dd00127",0,1,0,0,0,0,0,0
bC2ft36Boow,590.0,600.0,"/m/03qc9zr,/m/09x0r",1,0,0,0,0,0,0,0
bT1AKJQ6q40,120.0,130.0,"/m/032s66,/m/04zjc",0,0,0,0,1,0,0,0
jYs055b_Teo,10.0,20.0,"/m/012f08,/m/03j1ly,/m/04qvtq,/m/07yv9,/m/0k4j",0,0,0,0,0,0,1,0
8GOfJqoCEEw,50.0,60.0,"/m/03qtwd,/t/dd00135",0,1,0,0,0,0,0,0
vRPnjvPlP1s,20.0,30.0,"/m/014zdl,/m/04rlf,/m/09x0r",0,0,0,1,0,0,0,0
Ti3QN4yxDJY,60.0,70.0,"/m/015lz1,/m/04rlf,/m/07p6fty,/t/dd00127",0,1,0,0,0,0,0,0
AFY3Mn_j0e8,30.0,40.0,/m/02mfyn,0,0,0,0,0,0,0,1
22mf1XkVue4,0.0,9.0,"/m/03j1ly,/m/03kmc9,/m/04qvtq",0,0,0,0,0,0,1,0
_RwrgZekCAk,6.0,16.0,/m/012ndj,0,0,0,0,0,0,1,0
DNcsyBseKWQ,30.0,40.0,/m/04rlf,0,0,0,0,0,0,0,0
5_iCivwaKQs,30.0,40.0,"/m/02lkt,/m/04rlf,/m/07s72n",0,0,0,0,0,0,0,0
oWW_40nvK_g,30.0,40.0,/m/09x0r,0,0,0,0,0,0,0,0
NJHxX-r5oHE,30.0,40.0,"/m/012ndj,/m/03j1ly,/m/03kmc9,/m/04qvtq,/m/0dgbq",0,0,0,0,0,0,1,0
jEhy3BudrGU,0.0,10.0,/m/0463cq4,0,0,1,0,0,0,0,0
i4TQmT6h_4I,0.0,10.0,"/m/07pp_mv,/t/dd00125",0,0,0,0,0,0,0,1
Br5Qyd2ZOgY,0.0,7.0,"/m/014zdl,/m/09x0r",0,0,0,1,0,0,0,0
kmiRFMZtLdM,0.0,10.0,"/m/04qvtq,/m/07yv9,/m/09x0r,/m/0k4j",0,0,0,0,0,0,1,0
ZZchMibILHg,10.0,20.0,"/m/03qc9zr,/m/0463cq4,/m/09x0r,/m/0ytgt",1,0,1,0,0,0,0,0
AJGVYfrHgZo,30.0,40.0,/m/032s66,0,0,0,0,1,0,0,0
Rtel5iGCPO8,40.0,50.0,"/m/012n7d,/m/012ndj,/m/03j1ly,/m/03kmc9",0,0,0,0,0,0,1,0
aYV981DLt_A,0.0,10.0,/m/03qc9zr,1,0,0,0,0,0,0,0
8ClpqdlMMTE,50.0,60.0,"/m/0463cq4,/m/068hy,/m/09x0r,/m/0bt9lr,/m/0jbk",0,0,1,0,0,0,0,0
lGybmjt48aQ,80.0,90.0,"/m/014zdl,/m/04rlf,/m/09x0r",0,0,0,1,0,0,0,0
4xf8wsy94EU,0.0,10.0,"/m/03qc9zr,/m/09x0r",1,0,0,0,0,0,0,0
IJv3GeC64po,180.0,190.0,"/m/01y3hg,/m/09x0r",0,0,0,0,0,0,0,1
Waljosxqz0Y,0.0,10.0,/m/039jq,0,0,0,0,0,1,0,0
I560vPeGZo0,12.0,22.0,"/m/030rvx,/m/07pp_mv",0,0,0,0,0,0,0,1
UNadCiXCqZY,30.0,40.0,"/m/03qc9zr,/m/09x0r",1,0,0,0,0,0,0,0
GD4H4KcRnBI,30.0,40.0,/m/03qc9zr,1,0,0,0,0,0,0,0
W8xLvOFUKBc,30.0,40.0,/m/04qvtq,0,0,0,0,0,0,1,0
ZMOOq7ApG0M,30.0,40.0,"/m/03qtwd,/m/053hz1,/t/dd00135",0,1,0,0,0,0,0,0
noMVXZW0nFM,20.0,30.0,"/m/0463cq4,/m/07yv9,/m/09x0r,/m/0k4j,/m/0ytgt,/t/dd00002,/t/dd00129",0,0,1,0,0,0,0,0
0-KeN5sfo-M,21.0,31.0,/m/0g6b5,0,0,0,1,0,0,0,0
uVD9bLC2HUk,570.0,580.0,"/m/032s66,/m/04rlf",0,0,0,0,1,0,0,0
Q5h3QOo851o,30.0,40.0,"/m/014zdl,/m/09x0r",0,0,0,1,0,0,0,0
ryC321HB9Ww,30.0,40.0,"/m/03qc9zr,/m/04rlf,/m/09x0r",1,0,0,0,0,0,0,0
5Ij70k0DbcY,1.0,11.0,"/m/028ght,/m/03qc9zr,/m/03qtwd,/m/053hz1,/m/09x0r",1,0,0,0,0,0,0,0
qfu4_dAlPsw,180.0,190.0,"/m/015lz1,/m/04rlf,/m/07p6fty,/t/dd00126",0,1,0,0,0,0,0,0
BP3tIqdt8QA,10.0,20.0,"/m/0463cq4,/m/09x0r,/m/0ytgt",0,0,1,0,0,0,0,0
77MaqC1UBCI,30.0,40.0,/m/04rlf,0,0,0,0,0,0,0,0
7RLPEEjSShM,0.0,10.0,"/m/012f08,/m/012n7d,/m/03j1ly,/m/07yv9",0,0,0,0,0,0,1,0
9ITs18u_YiI,170.0,180.0,/m/032s66,0,0,0,0,1,0,0,0
gYui-MlyYxM,30.0,40.0,"/m/0463cq4,/m/09x0r,/t/dd00002",0,0,1,0,0,0,0,0
L4u9LOjcXoE,0.0,10.0,/m/0463cq4,0,0,1,0,0,0,0,0
r5PHcPwvnpo,20.0,30.0,"/m/09x0r,/m/0c3f7m",0,0,0,0,0,0,0,1
IvfaKPDWC00,160.0,170.0,"/m/012f08,/m/012ndj,/m/03j1ly,/m/03kmc9,/m/07yv9",0,0,0,0,0,0,1,0
IYrVF4tHN08,20.0,30.0,"/m/07pp_mv,/m/0c3f7m",0,0,0,0,0,0,0,1
csVSp42AeRE,160.0,170.0,"/m/04rlf,/t/dd00032",0,0,0,0,0,0,0,0
L8-mkIPDRQg,6.0,16.0,"/m/014zdl,/m/09x0r",0,0,0,1,0,0,0,0
3xAyd3Esc_Q,390.0,400.0,"/m/032s66,/m/09x0r",0,0,0,0,1,0,0,0
8wJbyW5RhBs,250.0,260.0,/m/039jq,0,0,0,0,0,1,0,0
ESiaA_1QRp8,30.0,40.0,"/m/02lkt,/m/04rlf,/m/09x0r",0,0,0,0,0,0,0,0
pKIvUsMuJKU,10.0,20.0,/m/039jq,0,0,0,0,0,1,0,0
NKMb5_sAkxc,50.0,60.0,"/m/01j3sz,/m/03qc9zr,/m/09x0r",1,0,0,0,0,0,0,0
Szx_bifnnYM,0.0,10.0,"/m/03qc9zr,/m/09x0r",1,0,0,0,0,0,0,0
PPZEfp0z_ks,7.0,17.0,"/m/014zdl,/m/04rlf,/m/07pxg6y,/m/07qsvvw",0,0,0,1,0,0,0,0
WVhyCWO3Y0w,30.0,40.0,"/m/04rlf,/m/09x0r",0,0,0,0,0,0,0,0
KaDNaBWcn-w,210.0,220.0,/m/03qc9zr,1,0,0,0,0,0,0,0
xZVFDWa5SFA,200.0,210.0,"/m/014zdl,/m/04rlf,/m/09x0r",0,0,0,1,0,0,0,0
zBubxmU-cXw,200.0,210.0,/m/032s66,0,0,0,0,1,0,0,0
xSQeMzfaPpY,10.0,20.0,"/m/0463cq4,/m/09x0r",0,0,1,0,0,0,0,0
NJwF2fqwVPw,30.0,40.0,/m/09x0r,0,0,0,0,0,0,0,0
AC3HL_Fkjxw,0.0,10.0,"/m/032s66,/m/09x0r",0,0,0,0,1,0,0,0
8yljsbvshC4,90.0,100.0,"/m/0342h,/m/04rlf,/m/04szw,/m/09x0r",0,0,0,0,0,0,0,0
8_6GulyeejM,30.0,40.0,"/m/039jq,/m/09x0r",0,0,0,0,0,1,0,0
Pdau8nsBqxs,80.0,90.0,"/m/03qc9zr,/m/09x0r,/t/dd00125",1,0,0,0,0,0,0,0
OhKMWfVT06E,100.0,110.0,"/m/0463cq4,/m/09x0r",0,0,1,0,0,0,0,0
LDvqs7GLGMc,20.0,30.0,"/m/02hnl,/m/04rlf,/m/07p6fty",0,1,0,0,0,0,0,0
8xrF-zogXY4,30.0,40.0,"/m/014zdl,/m/07qsvvw,/m/09x0r",0,0,0,1,0,0,0,0
4rTXrsxv1aU,30.0,40.0,/m/04rlf,0,0,0,0,0,0,0,0
dZNNFRXdeu4,20.0,30.0,"/m/04qvtq,/m/07yv9",0,0,0,0,0,0,1,0
aCBbCBb6Zfw,190.0,200.0,/m/032s66,0,0,0,0,1,0,0,0
QYOwueltxmo,30.0,40.0,"/m/03qtwd,/m/053hz1,/t/dd00135",0,1,0,0,0,0,0,0
DJs_bf4pVkk,30.0,40.0,"/m/014zdl,/m/07qsvvw",0,0,0,1,0,0,0,0
F0qwtsWaXSA,360.0,370.0,/m/032s66,0,0,0,0,1,0,0,0
CZxzYR8qGDw,80.0,90.0,/m/032s66,0,0,0,0,1,0,0,0
4JDah6Ckr9k,5.0,15.0,/m/02mfyn,0,0,0,0,0,0,0,1
rRak3os0Qwk,30.0,40.0,/m/09x0r,0,0,0,0,0,0,0,0
1_whs7PIEok,420.0,430.0,"/m/01qbl,/m/02hnl,/m/04rlf,/m/04szw",0,0,0,0,0,0,0,0
LAkjH7jSEVc,80.0,90.0,"/m/03qc9zr,/m/09x0r,/m/0jbk",1,0,0,0,0,0,0,0
yjCOqkNVjCI,0.0,10.0,/m/07pp_mv,0,0,0,0,0,0,0,1
TnuDajT7uOQ,0.0,5.0,/m/014zdl,0,0,0,1,0,0,0,0
TwMn1wTdx9s,30.0,40.0,"/m/07p6fty,/m/09x0r",0,1,0,0,0,0,0,0
ynAAKvWD57c,140.0,150.0,"/m/07pp_mv,/m/09x0r,/m/0c3f7m",0,0,0,0,0,0,0,1
q4PopKRDjZM,160.0,170.0,"/m/07p6fty,/m/09x0r",0,1,0,0,0,0,0,0
-T39ZcNJ_qo,30.0,40.0,"/m/04rlf,/m/07swgks,/m/09x0r",0,0,0,0,0,0,0,0
6vuvHFVTuuc,110.0,120.0,"/m/03qc9zr,/m/09x0r",1,0,0,0,0,0,0,0
ox1eTBgc3OA,20.0,30.0,"/m/04qvtq,/m/09x0r",0,0,0,0,0,0,1,0
-OIY3tRRGwg,10.0,20.0,"/m/0463cq4,/t/dd00002",0,0,1,0,0,0,0,0
UGUs8EfpwGY,30.0,40.0,/t/dd00002,0,0,1,0,0,0,0,0
495SjWHEz7Q,25.0,35.0,"/m/03kmc9,/m/04qvtq,/m/07yv9",0,0,0,0,0,0,1,0
4BDdteu6eBw,70.0,80.0,"/m/04rlf,/m/07p6fty,/m/09x0r",0,1,0,0,0,0,0,0
XMcA14wS-us,310.0,320.0,"/m/03qtwd,/m/053hz1,/t/dd00135",0,1,0,0,0,0,0,0
B_RLJLys5YM,28.0,38.0,/m/02mfyn,0,0,0,0,0,0,0,1
a4WObDe8hm8,30.0,40.0,"/m/09x0r,/t/dd00002",0,0,1,0,0,0,0,0
65V6hq-dgGg,30.0,40.0,"/m/03qc9zr,/m/03qtwd,/m/04rlf,/m/09x0r",1,0,0,0,0,0,0,0
E1eNA27X8pE,30.0,40.0,/m/04rlf,0,0,0,0,0,0,0,0
Cqm9Dh_AHJU,6.0,16.0,"/m/04rlf,/m/09x0r,/t/dd00002",0,0,1,0,0,0,0,0
wS4tr-5zOfE,0.0,10.0,"/m/012ndj,/m/07yv9,/m/0k4j,/t/dd00128",0,0,0,0,0,0,1,0
aoyabvLVO-4,60.0,70.0,/m/032s66,0,0,0,0,1,0,0,0
tnq1qScIcYE,0.0,10.0,"/m/03qc9zr,/m/09x0r",1,0,0,0,0,0,0,0
Tw7O1pY3hmo,30.0,40.0,/m/09x0r,0,0,0,0,0,0,0,0
3YFRCymuYFk,20.0,30.0,/m/04rlf,0,0,0,0,0,0,0,0
rfhieFaZQJw,110.0,120.0,"/m/03kmc9,/m/0dgbq",0,0,0,0,0,0,1,0
ppK5rin-78c,0.0,10.0,"/m/0463cq4,/m/09x0r",0,0,1,0,0,0,0,0
LgS4kbZ4JRc,220.0,230.0,"/m/032s66,/m/04zjc",0,0,0,0,1,0,0,0
O_DFbZStxBI,30.0,40.0,"/m/032s66,/m/0_1c",0,0,0,0,1,0,0,0
lmcPFDI9F5U,30.0,40.0,"/m/04rlf,/t/dd00002",0,0,1,0,0,0,0,0
GncxusIx-3k,30.0,40.0,/m/09x0r,0,0,0,0,0,0,0,0
6NBPiArs2-w,80.0,90.0,/m/032s66,0,0,0,0,1,0,0,0
pBeK9EsM9sc,80.0,90.0,"/m/04rlf,/m/06bxc,/m/0glt670",0,0,0,0,0,0,0,0
wGPpkTFLw_A,0.0,10.0,/m/032s66,0,0,0,0,1,0,0,0
7pUd5gV0De8,30.0,40.0,"/m/03qtwd,/m/053hz1,/t/dd00135",0,1,0,0,0,0,0,0
CZXp6HNV-Cc,190.0,200.0,/m/032s66,0,0,0,0,1,0,0,0
Xb5zQvufEYU,10.0,20.0,/m/032s66,0,0,0,0,1,0,0,0
dBifvIifAnU,40.0,50.0,"/m/04rlf,/t/dd00125",0,0,0,0,0,0,0,0
JGTHhKxzPHQ,30.0,40.0,"/m/01y3hg,/m/04rlf,/t/dd00125",0,0,0,0,0,0,0,1
WRSosU0aACg,0.0,10.0,"/m/039jq,/m/09x0r",0,0,0,0,0,1,0,0
3FpsDKEFykA,20.0,30.0,"/m/07pp_mv,/m/09x0r",0,0,0,0,0,0,0,1
_O-IJMaaUzk,170.0,180.0,/m/02mfyn,0,0,0,0,0,0,0,1
Y-4dtrP-RNo,7.0,17.0,/m/02mfyn,0,0,0,0,0,0,0,1
tt1vv6Il_Es,220.0,230.0,"/m/01y3hg,/m/09x0r,/m/0c3f7m",0,0,0,0,0,0,0,1
ROKWW60fT0g,100.0,110.0,"/m/032s66,/m/04zjc",0,0,0,0,1,0,0,0
71yPKDus3G8,50.0,60.0,/m/03kmc9,0,0,0,0,0,0,1,0
KuTfnV6v1bA,30.0,40.0,/m/03kmc9,0,0,0,0,0,0,1,0
9bxrcu7lY1s,22.0,32.0,"/m/01y3hg,/m/02fs_r,/m/0c3f7m",0,0,0,0,0,0,0,1
BuYhQS4aVdQ,30.0,40.0,"/m/09x0r,/t/dd00002",0,0,1,0,0,0,0,0
Ph9WaEgtlMo,0.0,10.0,"/m/04rlf,/m/07p6fty,/m/09x0r,/t/dd00126",0,1,0,0,0,0,0,0
egpy1Epg_LI,120.0,130.0,"/m/04rlf,/m/07p6fty,/m/0g293",0,1,0,0,0,0,0,0
9pz5PDVz3cE,10.0,20.0,"/m/02lkt,/m/04rlf",0,0,0,0,0,0,0,0
YGwFLhYPtMc,350.0,360.0,"/m/03qc9zr,/m/09x0r",1,0,0,0,0,0,0,0
KrROVq0cdCY,570.0,580.0,/m/09x0r,0,0,0,0,0,0,0,0
wqH6Sj_h948,120.0,130.0,"/m/039jq,/m/07rn7sz,/m/09x0r",0,0,0,0,0,1,0,0
2BaT9AE-8Mo,30.0,40.0,"/m/04rlf,/m/09x0r",0,0,0,0,0,0,0,0
69Yc_vNb1aE,60.0,70.0,"/m/018vs,/m/0342h,/m/04rlf,/m/04szw,/m/0cfdd",0,0,0,0,0,0,0,0
t_vMIL89pNM,40.0,50.0,/m/03qc9zr,1,0,0,0,0,0,0,0
nvRRCvPXBgM,10.0,20.0,"/m/04rlf,/t/dd00125",0,0,0,0,0,0,0,0
vR0O2Ne3K7A,30.0,40.0,"/m/012n7d,/m/03j1ly,/m/03kmc9",0,0,0,0,0,0,1,0
ORAMVQyH5H8,22.0,32.0,/t/dd00002,0,0,1,0,0,0,0,0
59wYZA7ZnhI,0.0,10.0,"/m/0463cq4,/m/09x0r",0,0,1,0,0,0,0,0
rp3cD2jWlVE,560.0,570.0,"/m/032s66,/m/073cg4",0,0,0,0,1,0,0,0
v_xtw_qOwYs,70.0,80.0,"/m/012n7d,/m/03j1ly,/m/03kmc9",0,0,0,0,0,0,1,0
qIcnZQW3CCw,0.0,10.0,/m/03qc9zr,1,0,0,0,0,0,0,0
Okb_qFxgk1w,25.0,35.0,"/m/014zdl,/m/04rlf,/m/07qsvvw,/m/09x0r",0,0,0,1,0,0,0,0
ccxFWwVTzK0,170.0,180.0,"/m/03qc9zr,/m/09x0r,/t/dd00125",1,0,0,0,0,0,0,0
hvXK2jg8IGo,30.0,40.0,"/m/09x0r,/t/dd00002",0,0,1,0,0,0,0,0
dSGNm7UlHt0,20.0,30.0,/m/02mfyn,0,0,0,0,0,0,0,1
QMPLW6CT99E,40.0,50.0,"/m/015lz1,/m/0342h,/m/04rlf,/m/04szw,/m/0fx80y",0,0,0,0,0,0,0,0
1I-T8AzkZyQ,90.0,100.0,"/m/03kmc9,/m/0dgbq",0,0,0,0,0,0,1,0
G0PsTTr9K0w,0.0,10.0,"/m/04rlf,/m/07pp_mv,/t/dd00125",0,0,0,0,0,0,0,1
iNaZbzNIPLM,300.0,310.0,"/m/03qc9zr,/m/09x0r",1,0,0,0,0,0,0,0
GsLm9WWsN8M,30.0,40.0,"/m/026t6,/m/02hnl,/m/04rlf,/m/04szw,/m/0bm02",0,0,0,0,0,0,0,0
H4PEQcFpchI,30.0,40.0,/m/09x0r,0,0,0,0,0,0,0,0
Seb-Eo8HsSg,70.0,80.0,"/m/04rlf,/m/07p6fty",0,1,0,0,0,0,0,0
cESnsniN0n4,52.0,62.0,/m/0c3f7m,0,0,0,0,0,0,0,1
H0EqEDPrXzM,10.0,20.0,"/m/03qtwd,/t/dd00135",0,1,0,0,0,0,0,0
MuvuZhHeM3s,490.0,500.0,/m/0g6b5,0,0,0,1,0,0,0,0
ZgysQ3P6y18,80.0,90.0,"/m/032s66,/m/04rlf",0,0,0,0,1,0,0,0
utrlD8tJT9k,30.0,40.0,"/m/02z32qm,/m/032s66,/m/09x0r",0,0,0,0,1,0,0,0
X3NCNgqghGQ,70.0,80.0,"/m/039jq,/m/09x0r",0,0,0,0,0,1,0,0
BndL6EeqFao,0.0,9.0,"/m/014zdl,/m/07qsvvw",0,0,0,1,0,0,0,0
Inm6OBa0kaA,0.0,10.0,"/m/01y3hg,/m/09x0r",0,0,0,0,0,0,0,1
rnT0xAZwzqI,40.0,50.0,"/m/09x0r,/t/dd00129",0,0,0,0,0,0,0,0
LpdXD1zX7kQ,420.0,430.0,"/m/02z32qm,/m/032s66,/m/04rlf",0,0,0,0,1,0,0,0
QRZe02o4Cg8,30.0,40.0,/m/04rlf,0,0,0,0,0,0,0,0
G5lZeJF0rF8,300.0,310.0,"/m/012ndj,/m/03j1ly,/m/03kmc9,/m/07r04,/m/07yv9",0,0,0,0,0,0,1,0
Fa_gd9TQrrg,530.0,540.0,"/m/039jq,/m/09x0r,/t/dd00125",0,0,0,0,0,1,0,0
9AZZncb_yek,0.0,7.0,"/m/03qc9zr,/m/07bgp,/m/0ch8v,/m/0jbk",1,0,0,0,0,0,0,0
SRfPeoGh8R8,20.0,30.0,/m/0g6b5,0,0,0,1,0,0,0,0
mMuMvwqrUbU,50.0,60.0,/m/039jq,0,0,0,0,0,1,0,0
g2zJHg_wcTw,1.0,11.0,/m/07pp_mv,0,0,0,0,0,0,0,1
-CEOFD6jat8,30.0,40.0,/m/04rlf,0,0,0,0,0,0,0,0
Eb03vQmXqKg,30.0,40.0,"/m/03qc9zr,/m/04rlf",1,0,0,0,0,0,0,0
xNYkbCXO9fE,30.0,40.0,/m/0c3f7m,0,0,0,0,0,0,0,1
hdYTEqwRu9c,40.0,50.0,/m/032s66,0,0,0,0,1,0,0,0
EF6tf-DDVdQ,360.0,370.0,"/m/032s66,/m/073cg4",0,0,0,0,1,0,0,0
VK9NOkGCdHo,30.0,40.0,"/m/0192l,/m/04rlf",0,0,0,0,0,0,0,0
-0Zb56jXKGI,30.0,40.0,"/m/09x0r,/t/dd00002",0,0,1,0,0,0,0,0
nW8W0YnTtLU,0.0,10.0,"/m/0463cq4,/m/04rlf",0,0,1,0,0,0,0,0
qEGtqEKDkTY,230.0,240.0,/m/09x0r,0,0,0,0,0,0,0,0
r1Z5_gSxMpA,0.0,10.0,/m/03qc9zr,1,0,0,0,0,0,0,0
7PZpesC0mE0,0.0,10.0,"/m/039jq,/m/04k94",0,0,0,0,0,1,0,0
3enexxFJdDI,90.0,100.0,/m/032s66,0,0,0,0,1,0,0,0
LSEgax1QMg4,100.0,110.0,/m/09x0r,0,0,0,0,0,0,0,0
I1X_Nmn83L8,90.0,100.0,"/m/012n7d,/m/03kmc9,/m/07r04,/m/07yv9,/m/09x0r,/t/dd00128",0,0,0,0,0,0,1,0
fIZYuHgtyvU,80.0,90.0,"/m/03kmc9,/m/0dgbq",0,0,0,0,0,0,1,0
E4rg5AzXUIc,10.0,20.0,"/m/01jt3m,/m/09x0r",0,0,0,0,0,0,0,0
-E9o4ywIoj8,10.0,20.0,/m/0c3f7m,0,0,0,0,0,0,0,1
8LJoxGTTnp0,18.0,28.0,"/m/03qc9zr,/m/09x0r",1,0,0,0,0,0,0,0
w0c4fedh2rM,30.0,40.0,/m/03kmc9,0,0,0,0,0,0,1,0
nL2gkiwtFo8,80.0,90.0,/m/07pp_mv,0,0,0,0,0,0,0,1
qvQVhWS4meA,30.0,40.0,"/m/04rlf,/m/09x0r",0,0,0,0,0,0,0,0
F63X7zFUZCA,30.0,40.0,"/m/02dgv,/m/09x0r",0,0,0,0,0,0,0,0
s2njqYe1d6Q,10.0,20.0,"/m/03j1ly,/m/03kmc9,/m/07yv9",0,0,0,0,0,0,1,0
h_ZEjyB9s24,200.0,210.0,"/m/03m9d0z,/m/0g6b5,/t/dd00092",0,0,0,1,0,0,0,0
vq9iIe3z7S0,360.0,370.0,"/m/07pp_mv,/m/09x0r",0,0,0,0,0,0,0,1
yaBYiflMWrU,30.0,40.0,/m/01y3hg,0,0,0,0,0,0,0,1
4aNtZ8cbFzI,30.0,40.0,"/m/03qc9zr,/m/04rlf",1,0,0,0,0,0,0,0
TTv8BFC0j3k,30.0,40.0,/m/014zdl,0,0,0,1,0,0,0,0
nxcIiBj4OL8,70.0,80.0,/m/032s66,0,0,0,0,1,0,0,0
Be5QfGlNGN4,40.0,50.0,"/m/0463cq4,/t/dd00002",0,0,1,0,0,0,0,0
RjEOQsRx6kU,0.0,9.0,"/m/09x0r,/t/dd00002",0,0,1,0,0,0,0,0
lrhnFGHwbrA,12.0,22.0,"/m/012n7d,/m/03j1ly,/m/03kmc9,/m/04qvtq",0,0,0,0,0,0,1,0
4P2ElFqZQKI,30.0,40.0,/m/04rlf,0,0,0,0,0,0,0,0
gUj1SwkQ9VI,560.0,570.0,"/m/09x0r,/t/dd00125",0,0,0,0,0,0,0,0
7ccJwDfxYyI,190.0,200.0,/m/09x0r,0,0,0,0,0,0,0,0
PihCFwhKuG8,280.0,290.0,"/m/032s66,/m/04rlf,/m/09x0r",0,0,0,0,1,0,0,0
_KT78WdM2a0,30.0,40.0,"/m/03j1ly,/m/03kmc9,/m/04qvtq",0,0,0,0,0,0,1,0
TZAKKDacAIM,160.0,170.0,"/m/039jq,/m/04rlf",0,0,0,0,0,1,0,0
nhAismtQmkY,30.0,40.0,"/m/032s66,/m/04zjc,/m/0c1dj",0,0,0,0,1,0,0,0
VNyrY-eHzDU,5.0,15.0,/m/09x0r,0,0,0,0,0,0,0,0
d1pHnowFDV4,120.0,130.0,"/m/03qc9zr,/m/0463cq4,/m/07qz6j3,/m/09x0r,/m/0ytgt",1,0,1,0,0,0,0,0
3t2KP170ux0,10.0,20.0,"/m/04rlf,/m/07p6fty",0,1,0,0,0,0,0,0
gA6cquyj3LY,100.0,110.0,"/m/032s66,/m/04rlf,/m/09x0r",0,0,0,0,1,0,0,0
-7T1vQ2CgdQ,10.0,20.0,"/m/05tny_,/m/068hy,/m/07pp_mv,/m/0bt9lr,/m/0jbk",0,0,0,0,0,0,0,1
y2Vtor2sgGs,30.0,40.0,/m/01y3hg,0,0,0,0,0,0,0,1
IIWE3piniI8,180.0,190.0,"/m/015lz1,/m/04rlf,/m/07p6fty,/m/09x0r",0,1,0,0,0,0,0,0
G4T4OJIhwtc,30.0,40.0,"/m/03kmc9,/m/0dgbq",0,0,0,0,0,0,1,0
ejo6Gy6VL4k,0.0,10.0,/m/03qc9zr,1,0,0,0,0,0,0,0
TDpNiRuXDVs,26.0,36.0,/m/032s66,0,0,0,0,1,0,0,0
OmcWBowAAY8,30.0,40.0,"/m/025rv6n,/m/032s66,/m/07qwf61,/m/0dbvp",0,0,0,0,1,0,0,0
ZLFhH1CyKhE,90.0,100.0,"/m/04rlf,/m/07xzm",0,0,0,0,0,0,0,0
wam3KWQHzGQ,30.0,40.0,"/m/09x0r,/t/dd00126",0,0,0,0,0,0,0,0
S4PXVFu4yg4,30.0,40.0,"/m/039jq,/m/07pc8lb,/m/09x0r",0,0,0,0,0,1,0,0
t92Uer2IdzU,0.0,7.0,"/m/04rlf,/m/09x0r,/m/0g6b5",0,0,0,1,0,0,0,0
woECMzKDCM0,100.0,110.0,"/m/015lz1,/m/04rlf,/m/07p6fty,/t/dd00127",0,1,0,0,0,0,0,0
8knK23pvkqs,120.0,130.0,"/m/03qc9zr,/m/09x0r",1,0,0,0,0,0,0,0
RaWpqtw4Jig,0.0,10.0,/m/0c3f7m,0,0,0,0,0,0,0,1
83fUi_GIqCY,50.0,60.0,"/m/03qtwd,/m/053hz1,/t/dd00135",0,1,0,0,0,0,0,0
J159xm1TTTk,320.0,330.0,"/m/03qtwd,/t/dd00135",0,1,0,0,0,0,0,0
GZRALFBgAUw,450.0,460.0,"/m/032s66,/m/073cg4",0,0,0,0,1,0,0,0
8d5awyc_ZQ8,30.0,40.0,/m/09x0r,0,0,0,0,0,0,0,0
A437a4Y_xag,230.0,240.0,/m/02mfyn,0,0,0,0,0,0,0,1
U4i0lmrNQaI,170.0,180.0,"/m/04rlf,/m/07p6fty,/m/09x0r,/t/dd00126",0,1,0,0,0,0,0,0
YN2pWQATSbs,50.0,60.0,"/m/09x0r,/m/0c3f7m",0,0,0,0,0,0,0,1
jGwO_n05nXU,30.0,40.0,/m/03kmc9,0,0,0,0,0,0,1,0
ln_UfjGE5a8,40.0,50.0,/m/0463cq4,0,0,1,0,0,0,0,0
B9Iot6VGtao,30.0,40.0,"/m/012ndj,/m/03j1ly,/m/07yv9",0,0,0,0,0,0,1,0
8PDsogXkGnw,6.0,16.0,"/m/03qc9zr,/m/04rlf,/m/07qfr4h",1,0,0,0,0,0,0,0
r95S7Nk2QrY,300.0,310.0,"/m/07pp_mv,/m/09x0r,/m/0c3f7m",0,0,0,0,0,0,0,1
XahBEaqakJk,50.0,60.0,"/m/04rlf,/m/064t9,/m/07p6fty",0,1,0,0,0,0,0,0
dueIGAEtnGw,130.0,140.0,"/m/04rlf,/m/07p6fty",0,1,0,0,0,0,0,0
4_rueoF7gbM,180.0,190.0,/m/032s66,0,0,0,0,1,0,0,0
9xEsReDCwSM,12.0,22.0,"/m/032s66,/m/0_1c",0,0,0,0,1,0,0,0
KCzAIgTK2iA,30.0,40.0,"/m/07rv9rh,/m/09x0r",0,0,0,0,0,0,0,0
OHJDtmjrCYM,250.0,260.0,/m/032s66,0,0,0,0,1,0,0,0
QNQVmbGQDEw,50.0,60.0,"/m/03qc9zr,/m/04rlf,/m/09x0r",1,0,0,0,0,0,0,0
K5lM-PsH458,540.0,550.0,/m/0g6b5,0,0,0,1,0,0,0,0
FtLBDTW2ezg,10.0,20.0,/m/0463cq4,0,0,1,0,0,0,0,0
oLumfoz-qQ4,8.0,18.0,/m/09x0r,0,0,0,0,0,0,0,0
_8gTs5mMbEo,30.0,40.0,"/m/03kmc9,/m/04qvtq,/m/09x0r",0,0,0,0,0,0,1,0
82LJz_kTyC8,260.0,270.0,"/m/09x0r,/m/0g6b5",0,0,0,1,0,0,0,0
nhFMCROyO8g,80.0,90.0,"/m/04rlf,/m/09x0r,/t/dd00125",0,0,0,0,0,0,0,0
Pku9fG6h3MY,150.0,160.0,/m/04rlf,0,0,0,0,0,0,0,0
27Y70wmCSRo,14.0,24.0,"/m/012ndj,/m/03j1ly,/m/07q2z82,/m/07yv9",0,0,0,0,0,0,1,0
KG872oPU5v8,40.0,50.0,/m/01y3hg,0,0,0,0,0,0,0,1
3cugy18s-PI,30.0,40.0,/m/02mfyn,0,0,0,0,0,0,0,1
uueoIgCPtfs,100.0,110.0,/m/039jq,0,0,0,0,0,1,0,0
8Ib8Fk7qALY,30.0,40.0,"/m/026t6,/m/02hnl,/m/04rlf,/m/04szw,/m/0bm02",0,0,0,0,0,0,0,0
6SyahR_NS5w,60.0,70.0,/m/02mfyn,0,0,0,0,0,0,0,1
zM0rvbLUzwk,10.0,20.0,"/m/09x0r,/t/dd00038",0,0,0,0,0,0,0,0
RvQGRHNibr8,10.0,20.0,"/m/01j3sz,/m/04rlf,/m/07p6fty,/m/09x0r",0,1,0,0,0,0,0,0
GQp_q1wY2zo,14.0,24.0,"/m/09x0r,/m/0c3f7m",0,0,0,0,0,0,0,1
0d3qg8us_1A,30.0,40.0,"/m/018vs,/m/0342h,/m/04rlf,/m/04szw,/m/07s0s5r,/m/0fx80y",0,0,0,0,0,0,0,0
Ni7pLXZpSKI,280.0,290.0,"/m/039jq,/m/07k1x,/m/09x0r",0,0,0,0,0,1,0,0
1P9x_rCAlvc,160.0,170.0,/m/0463cq4,0,0,1,0,0,0,0,0
lmohBJzllKQ,30.0,40.0,"/m/012ndj,/m/09x0r",0,0,0,0,0,0,1,0
Vd1X3m1Wuq0,220.0,230.0,"/m/015lz1,/m/04rlf,/m/07p6fty",0,1,0,0,0,0,0,0
FVYHq5Nst9M,20.0,30.0,"/m/02mfyn,/m/09x0r",0,0,0,0,0,0,0,1
j15Ldqb_XVw,20.0,30.0,/m/0g6b5,0,0,0,1,0,0,0,0
xuyWb2meSnA,30.0,40.0,"/m/07qz6j3,/m/09x0r,/t/dd00002",0,0,1,0,0,0,0,0
tJ53bTKR0h4,100.0,110.0,"/m/04rlf,/m/07p6fty",0,1,0,0,0,0,0,0
ykceg00mjR4,0.0,10.0,"/m/039jq,/m/07q7njn,/m/09x0r",0,0,0,0,0,1,0,0
xdDEZmu6OrI,30.0,40.0,/m/07pp_mv,0,0,0,0,0,0,0,1
P6rGj7QlWw0,180.0,190.0,"/m/015lz1,/m/04rlf,/m/07p6fty",0,1,0,0,0,0,0,0
nP0niWyEXp4,30.0,40.0,"/m/04cvmfc,/m/09x0r,/t/dd00126",0,0,0,0,0,0,0,0
3YAp1LXFCT8,30.0,40.0,/m/09x0r,0,0,0,0,0,0,0,0
JhAFW4m9PK0,0.0,10.0,"/m/028v0c,/m/04rlf,/m/09x0r",0,0,0,0,0,0,0,0
1DOYARo3Dwc,30.0,40.0,"/m/028ght,/m/03qc9zr,/m/04rlf,/m/07s8j8t,/m/0l15bq",1,0,0,0,0,0,0,0
K2cppUzU2xg,30.0,40.0,"/m/01c194,/m/09x0r",0,0,0,0,0,0,0,0
1gka64shet4,140.0,150.0,"/m/04rlf,/m/07p6fty,/t/dd00126",0,1,0,0,0,0,0,0
fGnnYZkiZMA,10.0,20.0,"/m/032s66,/m/09x0r",0,0,0,0,1,0,0,0
JtsvZPhUC4E,10.0,20.0,"/m/02mfyn,/m/03j1ly,/m/03kmc9,/m/04qvtq",0,0,0,0,0,0,1,1
YaBdgoI926o,20.0,30.0,/m/032s66,0,0,0,0,1,0,0,0
AQpmpzgr6cI,220.0,230.0,"/m/01y3hg,/m/0c3f7m",0,0,0,0,0,0,0,1
JKTtYJioDzg,70.0,80.0,"/m/0463cq4,/m/09x0r,/t/dd00125",0,0,1,0,0,0,0,0
hVXaWkX_KOw,430.0,440.0,"/m/032s66,/m/073cg4",0,0,0,0,1,0,0,0
QgUBkOTCM4E,130.0,140.0,"/m/039jq,/m/04rlf,/m/07r67yg",0,0,0,0,0,1,0,0
DZPKuPYqFKA,3.0,13.0,"/m/09x0r,/t/dd00002",0,0,1,0,0,0,0,0
ttv1lguf0Pc,110.0,120.0,"/g/122z_qxw,/m/0g6b5",0,0,0,1,0,0,0,0
wKwHvMMsjOU,11.0,21.0,/t/dd00002,0,0,1,0,0,0,0,0
1V_wmHuk6x0,30.0,40.0,"/m/014zdl,/m/07qsvvw",0,0,0,1,0,0,0,0
2KmS4JKFBy4,300.0,310.0,"/m/012n7d,/m/03j1ly,/m/03kmc9",0,0,0,0,0,0,1,0
VICRPkhC4BY,60.0,70.0,"/m/03qc9zr,/m/09x0r,/m/0ytgt",1,0,0,0,0,0,0,0
CQ0s_9DzR68,30.0,40.0,"/m/09x0r,/t/dd00002",0,0,1,0,0,0,0,0
MwSmTbhaKgU,0.0,9.0,"/m/032s66,/m/0_1c",0,0,0,0,1,0,0,0
nHThIfbfsmI,230.0,240.0,"/m/01lyv,/m/04rlf,/m/06by7,/m/07p6fty,/m/0dls3",0,1,0,0,0,0,0,0
XV-6bqc2xzI,10.0,20.0,"/m/02dgv,/m/09x0r",0,0,0,0,0,0,0,0
HoNE5HB9UEk,30.0,40.0,/m/014zdl,0,0,0,1,0,0,0,0
VBNnGF_8OHs,0.0,10.0,"/m/03j1ly,/m/03kmc9,/m/04qvtq",0,0,0,0,0,0,1,0
uauewjC7YfE,290.0,300.0,/m/032s66,0,0,0,0,1,0,0,0
vOrMB_WrlH4,380.0,390.0,"/m/032s66,/m/04zjc",0,0,0,0,1,0,0,0
6a_O2UxTPnQ,30.0,40.0,"/m/03qtwd,/m/053hz1,/t/dd00135",0,1,0,0,0,0,0,0
404cD3bVXDc,30.0,40.0,"/m/09x0r,/t/dd00002",0,0,1,0,0,0,0,0
oThV7hjNJaQ,90.0,100.0,/m/03qc9zr,1,0,0,0,0,0,0,0
ZyOnjgHroWY,30.0,40.0,"/m/015lz1,/m/04rlf,/m/07xzm,/t/dd00126",0,0,0,0,0,0,0,0
rXTKL0vTyIo,30.0,40.0,"/m/04rlf,/m/09x0r",0,0,0,0,0,0,0,0
kjaaZgdws80,30.0,40.0,"/m/03qc9zr,/m/09x0r,/m/0ytgt",1,0,0,0,0,0,0,0
GsMEflY0O2w,9.0,19.0,"/m/09x0r,/t/dd00002",0,0,1,0,0,0,0,0
MkjV5nNbT78,30.0,40.0,"/m/07qz6j3,/t/dd00002",0,0,1,0,0,0,0,0
x8URklG1pL0,0.0,10.0,/m/0463cq4,0,0,1,0,0,0,0,0
wupwesfLliE,0.0,10.0,/m/032s66,0,0,0,0,1,0,0,0
SsctOCSeWzU,0.0,10.0,/m/04rlf,0,0,0,0,0,0,0,0
T9RRpG2ymCI,28.0,38.0,"/m/032s66,/m/0_1c",0,0,0,0,1,0,0,0
B3QvUcsHgUM,30.0,40.0,"/m/03kmc9,/m/0dgbq",0,0,0,0,0,0,1,0
QpCh7ksBnCw,140.0,150.0,/m/04rlf,0,0,0,0,0,0,0,0
rTM4NcTt4VI,0.0,10.0,"/m/03qtwd,/m/04rlf,/m/07p6fty,/m/09x0r",0,1,0,0,0,0,0,0
EGEMuH50qco,30.0,40.0,"/m/039jq,/m/07q7njn",0,0,0,0,0,1,0,0
721c2axfPxw,30.0,40.0,"/m/03qc9zr,/m/04rlf,/m/09x0r",1,0,0,0,0,0,0,0
1N-qcpSphew,260.0,270.0,"/m/032s66,/m/04zjc",0,0,0,0,1,0,0,0
AFVTjGxrIV4,30.0,40.0,/m/09x0r,0,0,0,0,0,0,0,0
nuubXUkKmug,110.0,120.0,"/m/020bb7,/m/04rlf,/m/06_y0by,/m/07pggtn,/t/dd00129",0,0,0,0,0,0,0,0
stOX77s1Hvw,460.0,470.0,"/m/03qc9zr,/m/04rlf,/m/09x0r",1,0,0,0,0,0,0,0
7_MjnPGZb3g,30.0,40.0,"/m/09x0r,/m/0c3f7m",0,0,0,0,0,0,0,1
xWfYh7-y7CA,110.0,120.0,"/m/032s66,/m/073cg4",0,0,0,0,1,0,0,0
odwDF0sPhes,18.0,28.0,"/m/09x0r,/m/0g6b5,/t/dd00128",0,0,0,1,0,0,0,0
oezuCzZ1sbw,0.0,6.0,/m/014zdl,0,0,0,1,0,0,0,0
QWt_YzpcRLg,80.0,90.0,/m/0g6b5,0,0,0,1,0,0,0,0
IpMWBR4a3q0,30.0,40.0,"/m/012n7d,/m/012ndj",0,0,0,0,0,0,1,0
h8KIbHK_5Og,10.0,20.0,"/m/032s66,/m/04zjc",0,0,0,0,1,0,0,0
YJyd_EAqPqU,30.0,40.0,"/m/03qc9zr,/m/04rlf",1,0,0,0,0,0,0,0
py7fdK-fpyU,10.0,20.0,/m/0463cq4,0,0,1,0,0,0,0,0
mYPA0T27Nks,40.0,50.0,/m/07pp_mv,0,0,0,0,0,0,0,1
Vg9duYqZD5U,30.0,40.0,"/m/032s66,/m/0_1c",0,0,0,0,1,0,0,0
YAl7d8jJJaU,340.0,350.0,/m/03qc9zr,1,0,0,0,0,0,0,0
YRxhBnOHh5g,150.0,160.0,"/m/012n7d,/m/012ndj,/m/03j1ly,/m/03kmc9,/m/04qvtq",0,0,0,0,0,0,1,0
RwXuFLI_DM4,30.0,40.0,"/m/04qvtq,/m/04rlf,/m/07yv9,/m/0k4j",0,0,0,0,0,0,1,0
Pdfv6_nCXlg,490.0,500.0,/m/0g6b5,0,0,0,1,0,0,0,0
2nNebbZocYA,60.0,70.0,"/m/03qtwd,/m/04rlf,/m/07p6fty",0,1,0,0,0,0,0,0
Kk4QXpPbd0k,20.0,30.0,"/m/03qtwd,/m/053hz1,/t/dd00135",0,1,0,0,0,0,0,0
tEWpmd_I-ok,22.0,32.0,"/m/012ndj,/m/02mk9,/m/03j1ly,/m/07q2z82,/m/07yv9,/m/09x0r",0,0,0,0,0,0,1,0
w-FtqvCb2Ig,30.0,40.0,/m/09x0r,0,0,0,0,0,0,0,0
YfF7T4GfrnQ,330.0,340.0,/m/03qc9zr,1,0,0,0,0,0,0,0
GM60-yP5nxk,30.0,40.0,"/m/03qc9zr,/m/07qfr4h,/m/09x0r",1,0,0,0,0,0,0,0
jRjZQ5VbBvo,30.0,40.0,"/m/032s66,/m/04zjc",0,0,0,0,1,0,0,0
J4LQOe12Zwg,30.0,40.0,"/m/032s66,/m/0_1c",0,0,0,0,1,0,0,0
8QOCOi3sm-E,30.0,40.0,/m/032s66,0,0,0,0,1,0,0,0
8UWYe4dMcmw,30.0,40.0,"/m/014zdl,/m/09x0r",0,0,0,1,0,0,0,0
NsQ88hkfVSI,30.0,40.0,"/m/04rlf,/m/07p6fty,/m/09x0r,/m/0y4f8",0,1,0,0,0,0,0,0
N4HQyYYgd0c,350.0,360.0,"/m/0463cq4,/m/09x0r",0,0,1,0,0,0,0,0
jF3MujbSJt0,30.0,40.0,/m/03qc9zr,1,0,0,0,0,0,0,0
SM40JQTsQR8,0.0,8.0,/m/03qc9zr,1,0,0,0,0,0,0,0
wRqFPCfHQ6A,20.0,30.0,"/m/039jq,/m/04rlf,/m/0l14t7",0,0,0,0,0,1,0,0
Adb4qapm8QI,30.0,40.0,"/m/03qc9zr,/m/04rlf,/m/07qfr4h,/m/09x0r",1,0,0,0,0,0,0,0
7tfWhQGSnrE,0.0,10.0,"/m/07pp_mv,/m/09x0r",0,0,0,0,0,0,0,1
IA6cgt_dp10,40.0,50.0,"/m/04rlf,/m/07p6fty,/m/09x0r,/t/dd00126",0,1,0,0,0,0,0,0
9VJszLM1lv4,10.0,20.0,"/m/0140xf,/m/039jq,/m/04rlf",0,0,0,0,0,1,0,0
mymn1bgyZwY,360.0,370.0,/m/03qc9zr,1,0,0,0,0,0,0,0
WlEfdsx0teM,70.0,80.0,"/m/01y3hg,/m/09x0r,/t/dd00125",0,0,0,0,0,0,0,1
-nJoxcmxz5g,30.0,40.0,"/m/03qc9zr,/m/03r5q_,/m/04rlf",1,0,0,0,0,0,0,0
3DluVaKuwmg,30.0,40.0,/m/09x0r,0,0,0,0,0,0,0,0
Y0uKInfYJYc,40.0,50.0,"/m/039jq,/m/09x0r",0,0,0,0,0,1,0,0
LT5wHi8Atmg,70.0,80.0,"/m/039jq,/m/09x0r",0,0,0,0,0,1,0,0
NF_ddEkzpYM,30.0,40.0,"/m/03qc9zr,/m/09x0r",1,0,0,0,0,0,0,0
2-Ms_OcZRv0,30.0,40.0,"/m/03qc9zr,/m/03qtwd,/m/04rlf,/m/053hz1,/m/09x0r",1,0,0,0,0,0,0,0
5IQGfpXGAbg,60.0,70.0,"/m/03qc9zr,/m/09x0r",1,0,0,0,0,0,0,0
IQmE6bCma80,30.0,40.0,"/m/0261r1,/m/0463cq4,/t/dd00002",0,0,1,0,0,0,0,0
9Hm7RgouiOE,0.0,10.0,"/m/04rlf,/m/07p6fty,/m/09x0r",0,1,0,0,0,0,0,0
DAWjXKiqEKM,30.0,40.0,/m/014zdl,0,0,0,1,0,0,0,0
T00gQX3pQs8,30.0,40.0,"/m/04rlf,/m/09x0r",0,0,0,0,0,0,0,0
avNk7U0I8L8,30.0,40.0,"/m/09x0r,/t/dd00002",0,0,1,0,0,0,0,0
Bm19EYKJFNE,30.0,40.0,"/m/0261r1,/m/0463cq4,/m/0ytgt",0,0,1,0,0,0,0,0
F56O-IXyI2k,550.0,560.0,"/m/032s66,/m/04zjc",0,0,0,0,1,0,0,0
QotJpRI2Co8,310.0,320.0,"/m/09x0r,/m/0c3f7m",0,0,0,0,0,0,0,1
r87XomJvc88,130.0,140.0,"/m/012ndj,/m/07yv9",0,0,0,0,0,0,1,0
SNrwSjGGtUI,30.0,40.0,"/m/0463cq4,/t/dd00002",0,0,1,0,0,0,0,0
pWQwgHZgnqo,0.0,10.0,"/g/122z_qxw,/m/09x0r,/m/0g6b5",0,0,0,1,0,0,0,0
iKvpK4HtufA,30.0,40.0,/m/09x0r,0,0,0,0,0,0,0,0
50UkIXNt9M8,30.0,40.0,"/m/03kmc9,/m/04qvtq,/m/07yv9",0,0,0,0,0,0,1,0
DRagaMJEOOQ,30.0,40.0,"/m/09x0r,/m/0ytgt",0,0,0,0,0,0,0,0
HjcoNkqKu3E,10.0,20.0,"/m/03qtwd,/m/04rlf,/m/07p6fty,/m/09x0r",0,1,0,0,0,0,0,0
7R6jElUD6Zw,110.0,120.0,"/m/032s66,/m/07yv9,/m/0k4j",0,0,0,0,1,0,0,0
AxKHptPCdCg,30.0,40.0,"/m/03kmc9,/m/0dgbq",0,0,0,0,0,0,1,0
sW0LgWx5mcQ,30.0,40.0,/m/032s66,0,0,0,0,1,0,0,0
nMNi4WsLx2g,220.0,230.0,"/m/04rlf,/m/07p6fty",0,1,0,0,0,0,0,0
5On3XFQHg0U,240.0,250.0,/m/039jq,0,0,0,0,0,1,0,0
F4ZhRnRVc7A,560.0,570.0,"/m/03qtwd,/m/053hz1,/t/dd00135",0,1,0,0,0,0,0,0
l5sqQrkCPuo,50.0,60.0,"/m/04rlf,/m/0cfdd",0,0,0,0,0,0,0,0
OE7o0y7o_QA,0.0,5.0,"/m/012n7d,/m/03j1ly,/m/03kmc9",0,0,0,0,0,0,1,0
8u1-JILEx5Y,0.0,6.0,/m/032s66,0,0,0,0,1,0,0,0
FvGDFZFIn9U,20.0,30.0,/m/07pp_mv,0,0,0,0,0,0,0,1
4VlA7l462I4,30.0,40.0,"/m/09x0r,/t/dd00003",0,0,0,0,0,0,0,0
vzDYy27-O04,0.0,10.0,/m/0463cq4,0,0,1,0,0,0,0,0
_E6LHY-EMIY,4.0,14.0,"/m/014zdl,/m/07qsvvw,/m/09x0r",0,0,0,1,0,0,0,0
XwVgF6HV6d8,20.0,30.0,"/m/0463cq4,/m/09x0r",0,0,1,0,0,0,0,0
2AtiN0FduIc,2.0,12.0,"/m/09x0r,/m/0c3f7m",0,0,0,0,0,0,0,1
m1CZBLvZdtk,240.0,250.0,"/m/015p6,/m/09x0r,/t/dd00129",0,0,0,0,0,0,0,0
CemzBvXmwxo,590.0,600.0,/m/0g6b5,0,0,0,1,0,0,0,0
TRuWw52s8k4,430.0,440.0,/m/03qc9zr,1,0,0,0,0,0,0,0
wIirouK6kH4,30.0,40.0,"/m/09x0r,/t/dd00002",0,0,1,0,0,0,0,0
hUtSgKZxS10,30.0,40.0,"/m/04rlf,/m/0c1dj",0,0,0,0,0,0,0,0
s08AVdXIgwA,0.0,9.0,"/m/09x0r,/t/dd00002",0,0,1,0,0,0,0,0
A-cpP8O6NJM,30.0,40.0,"/m/04rlf,/m/04szw",0,0,0,0,0,0,0,0
9mNyK87SgWk,30.0,40.0,"/m/03qc9zr,/m/03qtwd,/m/09x0r",1,0,0,0,0,0,0,0
-bX-ZihsRtQ,13.0,23.0,/m/014zdl,0,0,0,1,0,0,0,0
_xzUXg6CWBM,30.0,40.0,"/m/04rlf,/m/07p6fty,/m/09x0r",0,1,0,0,0,0,0,0
5vpXiK2P_44,70.0,80.0,"/m/0463cq4,/m/07rgt08,/m/07sq110",0,0,1,0,0,0,0,0
K-v24Te5aQI,30.0,40.0,/m/04rlf,0,0,0,0,0,0,0,0
82-cdmncXf4,30.0,40.0,"/m/07yv9,/m/09x0r",0,0,0,0,0,0,0,0
VQcPSrr8-lc,180.0,190.0,"/m/03qtwd,/m/053hz1,/t/dd00135",0,1,0,0,0,0,0,0
LPof5sUB0XY,30.0,40.0,"/m/0463cq4,/m/09x0r",0,0,1,0,0,0,0,0
2Iwz5Koeoao,10.0,20.0,"/m/012n7d,/m/03j1ly,/m/07yv9",0,0,0,0,0,0,1,0
2LocaIJaA1I,30.0,40.0,/m/04rlf,0,0,0,0,0,0,0,0
k-Nw_eNZ5LQ,260.0,270.0,/m/032s66,0,0,0,0,1,0,0,0
Jcl2eWmWLJY,300.0,310.0,"/m/039jq,/m/09x0r",0,0,0,0,0,1,0,0
R5m2gagMn1Y,150.0,160.0,"/m/012n7d,/m/03j1ly,/m/03kmc9",0,0,0,0,0,0,1,0
N2ttrM3FlcQ,0.0,3.0,/m/03qc9zr,1,0,0,0,0,0,0,0
o6leDJX-xWc,21.0,31.0,/m/01y3hg,0,0,0,0,0,0,0,1
xonmofc601I,30.0,40.0,"/m/039jq,/m/09x0r",0,0,0,0,0,1,0,0
7Il2HsE6Wzc,30.0,40.0,"/m/04rlf,/m/04szw,/m/07y_7",0,0,0,0,0,0,0,0
7EfgCbHl0so,2.0,12.0,"/m/014zdl,/m/07qsvvw,/m/09x0r",0,0,0,1,0,0,0,0
NTFPgBw8PlU,18.0,28.0,/t/dd00002,0,0,1,0,0,0,0,0
OxwsRQpTdnk,30.0,40.0,"/m/012ndj,/m/07yv9,/m/0k4j,/t/dd00128",0,0,0,0,0,0,1,0
x2ZyKE89nzw,0.0,10.0,"/m/01b_21,/m/0463cq4",0,0,1,0,0,0,0,0
SYxnk2WHtH4,10.0,20.0,/m/0g6b5,0,0,0,1,0,0,0,0
VZau90L6Ii8,30.0,40.0,"/m/04rlf,/m/07s72n,/m/09x0r",0,0,0,0,0,0,0,0
Edh-Z_jrxb0,90.0,100.0,"/m/01j3sz,/m/07p6fty,/m/09x0r",0,1,0,0,0,0,0,0
aIb5AGqrmlg,30.0,40.0,/m/09x0r,0,0,0,0,0,0,0,0
vZvsJkDm9aQ,10.0,20.0,"/m/032s66,/m/04rlf,/m/09x0r",0,0,0,0,1,0,0,0
HwRueOrKD2c,30.0,40.0,/m/09x0r,0,0,0,0,0,0,0,0
8P-psJ8v8ZA,30.0,40.0,/m/04rlf,0,0,0,0,0,0,0,0
RSo_EFbrVtw,17.0,27.0,"/m/01y3hg,/m/030rvx,/m/0c3f7m",0,0,0,0,0,0,0,1
6aMIgFDt2uk,210.0,220.0,"/m/032s66,/m/09x0r",0,0,0,0,1,0,0,0
-B68bRDzQi8,230.0,240.0,"/m/03kmc9,/m/07kc_",0,0,0,0,0,0,1,0
9V1CyZ_I9R0,20.0,30.0,"/g/122z_qxw,/m/014zdl,/m/02_41,/m/07qsvvw",0,0,0,1,0,0,0,0
q86kTdT_ons,150.0,160.0,/m/032s66,0,0,0,0,1,0,0,0
I4WiBU53TWc,110.0,120.0,"/m/02z32qm,/m/032s66",0,0,0,0,1,0,0,0
CX5KaQtSrdA,30.0,40.0,/m/09x0r,0,0,0,0,0,0,0,0
lbGLrq6nNjA,0.0,10.0,"/m/012f08,/m/04qvtq,/m/07yv9,/m/09x0r",0,0,0,0,0,0,1,0
rR50aKuISiU,90.0,100.0,"/m/032s66,/m/04zjc",0,0,0,0,1,0,0,0
qxYza2J9NYA,210.0,220.0,"/m/04rlf,/m/07p6fty,/t/dd00126",0,1,0,0,0,0,0,0
isaRxrBEx2c,170.0,180.0,"/m/0463cq4,/m/09x0r,/t/dd00125",0,0,1,0,0,0,0,0
2LSdwiqy44E,40.0,50.0,/m/03qc9zr,1,0,0,0,0,0,0,0
2OUbGecBSYs,30.0,40.0,"/m/03kmc9,/m/0dgbq",0,0,0,0,0,0,1,0
gvijbZwt58A,10.0,20.0,"/m/04rlf,/m/0g6b5",0,0,0,1,0,0,0,0
3Qaw02kGV44,90.0,100.0,/m/07pp_mv,0,0,0,0,0,0,0,1
vIdQxyarVRw,430.0,440.0,"/m/032s66,/m/073cg4",0,0,0,0,1,0,0,0
l_rixIyDUUY,30.0,40.0,"/m/04rlf,/m/04szw,/m/07y_7",0,0,0,0,0,0,0,0
i5lDs44sbPc,30.0,40.0,/t/dd00002,0,0,1,0,0,0,0,0
Zk435Fd5TMA,210.0,220.0,"/m/03qc9zr,/m/09x0r,/t/dd00125",1,0,0,0,0,0,0,0
2sSDVIV7kdA,210.0,220.0,"/m/03qc9zr,/m/04rlf,/m/09x0r",1,0,0,0,0,0,0,0
GNTwCrn9-qA,150.0,160.0,"/m/039jq,/m/04rlf",0,0,0,0,0,1,0,0
WcIkgyCUmPQ,100.0,110.0,"/m/07p6fty,/m/09x0r",0,1,0,0,0,0,0,0
OBvvyAAyZzM,30.0,40.0,"/m/013y1f,/m/01s0ps,/m/04rlf,/m/04szw,/m/05148p4,/m/09x0r",0,0,0,0,0,0,0,0
n9OoBCORKNI,20.0,30.0,"/m/04rlf,/m/07p6fty",0,1,0,0,0,0,0,0
K4VzXzZ7Ooo,30.0,40.0,"/m/030rvx,/m/0c3f7m",0,0,0,0,0,0,0,1
jX6NUqEq6Ok,80.0,90.0,"/m/03qc9zr,/m/09x0r",1,0,0,0,0,0,0,0
NQoTBmetkhI,30.0,40.0,/m/04rlf,0,0,0,0,0,0,0,0
WHggQaVDbSU,11.0,21.0,"/m/032s66,/m/0_1c",0,0,0,0,1,0,0,0
uZ0-pw5zPkA,290.0,300.0,"/m/012n7d,/m/03j1ly,/m/03kmc9,/m/04qvtq",0,0,0,0,0,0,1,0
NQIcjBDtllc,90.0,100.0,"/m/032s66,/m/09x0r",0,0,0,0,1,0,0,0
Mbm8o505SPM,30.0,40.0,/m/09x0r,0,0,0,0,0,0,0,0
1sKVKhs98iA,40.0,50.0,/m/09x0r,0,0,0,0,0,0,0,0
WgPOve-i1HE,30.0,40.0,/m/0463cq4,0,0,1,0,0,0,0,0
27Ia83p6rA4,6.0,16.0,/m/014zdl,0,0,0,1,0,0,0,0
F-MuhMAmYGM,30.0,40.0,/m/03kmc9,0,0,0,0,0,0,1,0
PvVIHStwS1o,220.0,230.0,"/m/09x0r,/m/0c3f7m",0,0,0,0,0,0,0,1
vTXFM2m7NIk,110.0,120.0,/m/032s66,0,0,0,0,1,0,0,0
p89SdlZw0jc,10.0,20.0,"/m/012n7d,/m/03j1ly,/m/03kmc9,/m/04qvtq",0,0,0,0,0,0,1,0
gJG2c6v3wqg,80.0,90.0,"/m/028v0c,/m/09x0r",0,0,0,0,0,0,0,0
YG1xGvAFdb4,23.0,33.0,"/m/07qz6j3,/t/dd00002",0,0,1,0,0,0,0,0
fdRCZmMC_hU,120.0,130.0,"/m/03qtwd,/m/053hz1,/t/dd00135",0,1,0,0,0,0,0,0
C3qZuY0JRXY,40.0,50.0,"/m/07pp_mv,/m/09x0r,/m/0c3f7m",0,0,0,0,0,0,0,1
1TO3lx66-us,70.0,80.0,"/m/039jq,/m/04rlf,/m/04szw",0,0,0,0,0,1,0,0
VJjNx2jltIA,40.0,50.0,"/m/03qc9zr,/m/04rlf",1,0,0,0,0,0,0,0
3tTxyvY8em8,30.0,40.0,/m/09x0r,0,0,0,0,0,0,0,0
lQBVy7hg_hI,200.0,210.0,"/m/0463cq4,/m/09x0r",0,0,1,0,0,0,0,0
GKen9uPvoVY,130.0,140.0,"/m/039jq,/m/04rlf,/m/09x0r",0,0,0,0,0,1,0,0
wM9BUXkg7bM,180.0,190.0,/m/032s66,0,0,0,0,1,0,0,0
Wp0ErfcttuM,0.0,10.0,"/m/012f08,/m/012ndj,/m/03j1ly,/m/07r04,/m/07yv9",0,0,0,0,0,0,1,0
Wvt0Mvl3vLc,30.0,40.0,"/m/04rlf,/t/dd00034",0,0,0,0,0,0,0,0
E__SrkG0dvQ,190.0,200.0,"/m/012n7d,/m/02_41,/m/02mfyn,/m/03j1ly,/m/03kmc9,/m/03m9d0z,/t/dd00092",0,0,0,0,0,0,1,1
tSCyEOYr31A,370.0,380.0,"/m/012ndj,/m/07yv9,/m/09x0r,/t/dd00128",0,0,0,0,0,0,1,0
mujlMSXdaPs,30.0,40.0,"/m/04rlf,/m/07p6fty",0,1,0,0,0,0,0,0
qVZI7yKR6eo,10.0,20.0,"/m/012ndj,/m/07yv9",0,0,0,0,0,0,1,0
Mm2ZZkdxq_I,10.0,20.0,/m/04rlf,0,0,0,0,0,0,0,0
0arArYUpJ28,580.0,590.0,"/m/04rlf,/m/09x0r",0,0,0,0,0,0,0,0
B7Ym3NkedXc,0.0,10.0,"/m/07pzfmf,/m/0g6b5",0,0,0,1,0,0,0,0
P7GivPkGxxg,20.0,30.0,"/m/0463cq4,/m/09x0r",0,0,1,0,0,0,0,0
0HUtP_TTOfw,330.0,340.0,/m/0g6b5,0,0,0,1,0,0,0,0
nurzND8Dn8s,200.0,210.0,"/m/032s66,/m/09x0r",0,0,0,0,1,0,0,0
6-FJjggpSoo,210.0,220.0,/m/0g6b5,0,0,0,1,0,0,0,0
cY8FnfiernM,0.0,10.0,/m/0g6b5,0,0,0,1,0,0,0,0
uiEV5wtrlLU,30.0,40.0,/m/03kmc9,0,0,0,0,0,0,1,0
SZQkChEN6vw,30.0,40.0,/m/09x0r,0,0,0,0,0,0,0,0
oDV4itS7Ubw,30.0,40.0,/m/09x0r,0,0,0,0,0,0,0,0
dq3kTvN48g4,0.0,10.0,"/m/039jq,/m/09x0r",0,0,0,0,0,1,0,0
TDTsXaTxqJM,60.0,70.0,"/m/03qtwd,/m/053hz1,/t/dd00135",0,1,0,0,0,0,0,0
lOKQavDZXJs,0.0,10.0,"/m/046dlr,/m/07pp_mv",0,0,0,0,0,0,0,1
V3ZgQnYuAcA,10.0,20.0,"/m/09x0r,/m/0ytgt,/t/dd00125",0,0,0,0,0,0,0,0
ukY2hvNUICg,150.0,160.0,"/m/015lz1,/m/04rlf,/m/07p6fty,/t/dd00126",0,1,0,0,0,0,0,0
c0lCWYckP2o,20.0,30.0,"/m/03qc9zr,/m/09x0r",1,0,0,0,0,0,0,0
28nnYYOPZ0s,22.0,32.0,"/m/04rlf,/m/09x0r",0,0,0,0,0,0,0,0
Werch1AIKnE,400.0,410.0,/m/039jq,0,0,0,0,0,1,0,0
VLcLq4531tc,10.0,20.0,/m/03qc9zr,1,0,0,0,0,0,0,0
nxDRz7ZMfuY,30.0,40.0,"/m/09x0r,/t/dd00002",0,0,1,0,0,0,0,0
FYZYktcA4M4,30.0,40.0,"/m/09x0r,/t/dd00002",0,0,1,0,0,0,0,0
Wqn38dNWFsc,180.0,190.0,"/m/03j1ly,/m/03kmc9,/m/04qvtq",0,0,0,0,0,0,1,0
4zLU4Hf8_VY,30.0,40.0,"/m/03qc9zr,/m/04rlf,/m/07qfr4h",1,0,0,0,0,0,0,0
PqyK60mxsys,11.0,21.0,/m/09x0r,0,0,0,0,0,0,0,0
BlU3CyIZN44,26.0,36.0,/t/dd00002,0,0,1,0,0,0,0,0
-37-iYmoANo,30.0,40.0,/m/09x0r,0,0,0,0,0,0,0,0
lF5v3O8zS5Y,50.0,60.0,"/m/07pp_mv,/m/0c3f7m",0,0,0,0,0,0,0,1
6-ibVOZw7eg,320.0,330.0,"/m/039jq,/m/04rlf,/m/07pc8lb",0,0,0,0,0,1,0,0
f0J9Y29GWGo,28.0,38.0,"/m/014zdl,/m/09x0r",0,0,0,1,0,0,0,0
izQUCKFHMI0,10.0,20.0,"/m/012n7d,/m/09x0r,/t/dd00128",0,0,0,0,0,0,1,0
zSuPg57blt8,50.0,60.0,"/m/03kmc9,/m/09x0r",0,0,0,0,0,0,1,0
ZWA9dMXS1wo,30.0,40.0,"/m/04rlf,/m/07pp_mv",0,0,0,0,0,0,0,1
HhwbgeftMSk,70.0,80.0,/m/0g6b5,0,0,0,1,0,0,0,0
lqnCj6qh7Ug,30.0,40.0,/m/09x0r,0,0,0,0,0,0,0,0
sT6ZISqsSfA,28.0,38.0,/m/03kmc9,0,0,0,0,0,0,1,0
3FYFAeVoEkM,30.0,40.0,"/m/01y3hg,/m/09x0r,/m/0c3f7m",0,0,0,0,0,0,0,1
2Vtak7T92Rc,10.0,20.0,"/m/03qc9zr,/m/09x0r,/m/0ytgt",1,0,0,0,0,0,0,0
u_DOT7tVbjU,0.0,10.0,/m/032s66,0,0,0,0,1,0,0,0
W0WWmhwWbZs,70.0,80.0,"/m/05tny_,/m/068hy,/m/07rc7d9,/m/09x0r,/m/0bt9lr,/m/0jbk,/m/0ytgt",0,0,0,0,0,0,0,0
Q5w-SEdbSPQ,280.0,290.0,/m/03qc9zr,1,0,0,0,0,0,0,0
7ieIuvHFbDw,100.0,110.0,/m/01y3hg,0,0,0,0,0,0,0,1
ofvLJYiWlmo,30.0,40.0,"/m/04rlf,/m/09x0r",0,0,0,0,0,0,0,0
4qoeYzF9-0E,330.0,340.0,"/m/03qtwd,/m/053hz1,/t/dd00135",0,1,0,0,0,0,0,0
h6SVgVpH5h4,150.0,160.0,"/m/09x0r,/m/0g6b5",0,0,0,1,0,0,0,0
JdaGYq1BrnI,30.0,40.0,/m/09x0r,0,0,0,0,0,0,0,0
Y511zwVd2lg,70.0,80.0,"/m/032s66,/m/073cg4",0,0,0,0,1,0,0,0
6s1Vv5U_O-U,30.0,40.0,"/m/03lty,/m/04rlf,/m/05r6t",0,0,0,0,0,0,0,0
uZQYyxhMol8,120.0,130.0,"/m/0283d,/m/02lkt,/m/04rlf",0,0,0,0,0,0,0,0
PlpeNtiYH7U,60.0,70.0,"/m/039jq,/m/04rlf",0,0,0,0,0,1,0,0
hNLDg3rOkEI,30.0,40.0,/m/09x0r,0,0,0,0,0,0,0,0
OaEVzIzkKSI,20.0,30.0,/m/032s66,0,0,0,0,1,0,0,0
0A-jRMtiSGI,30.0,40.0,/m/03qc9zr,1,0,0,0,0,0,0,0
k-TIfxFPUfk,0.0,10.0,/m/0g6b5,0,0,0,1,0,0,0,0
mBgyoaGCXAQ,30.0,40.0,"/m/04rlf,/m/04szw,/m/05pd6",0,0,0,0,0,0,0,0
yI1v7JpKavo,30.0,40.0,/m/0g6b5,0,0,0,1,0,0,0,0
-8BxHlsjtxg,30.0,40.0,"/m/0342h,/m/04rlf,/m/04szw,/m/0fx80y",0,0,0,0,0,0,0,0
0WtxL3m2HWY,10.0,20.0,"/m/04rlf,/m/04rzd",0,0,0,0,0,0,0,0
isFPH-6_eSY,30.0,40.0,"/m/032s66,/m/0_1c",0,0,0,0,1,0,0,0
ebAgNSsrFx0,570.0,580.0,"/m/09x0r,/m/0c3f7m",0,0,0,0,0,0,0,1
BqdJpN-0XqA,30.0,40.0,"/m/012ndj,/m/03j1ly,/m/07qv_d5,/m/07yv9,/m/0912c9",0,0,0,0,0,0,1,0
SoboLyeZfjY,270.0,280.0,"/m/039jq,/m/09x0r",0,0,0,0,0,1,0,0
GJbTRr4XPh4,0.0,10.0,"/m/03qc9zr,/m/09x0r",1,0,0,0,0,0,0,0
SDH0sOVkwzY,80.0,90.0,"/m/02sgy,/m/0342h,/m/04rlf,/m/04szw,/m/0fx80y",0,0,0,0,0,0,0,0
RJL0Lx2KcRw,30.0,40.0,/m/0c3f7m,0,0,0,0,0,0,0,1
fEZeb5lKPkk,180.0,190.0,/m/032s66,0,0,0,0,1,0,0,0
maLZduUY4xo,170.0,180.0,"/m/015lz1,/m/04rlf,/m/07p6fty,/t/dd00126",0,1,0,0,0,0,0,0
hnoKqFuJhu0,30.0,40.0,/m/09x0r,0,0,0,0,0,0,0,0
cv7DDeoT1IQ,100.0,110.0,"/m/039jq,/m/09x0r",0,0,0,0,0,1,0,0
SiLpuP61cms,30.0,40.0,"/m/04qvtq,/m/07yv9,/m/09x0r,/m/0k4j",0,0,0,0,0,0,1,0
mssebLWf0Fc,0.0,10.0,/m/04rlf,0,0,0,0,0,0,0,0
qE3aLqLv-hY,170.0,180.0,"/m/032s66,/m/073cg4",0,0,0,0,1,0,0,0
WNueW-3FF6g,30.0,40.0,"/m/0463cq4,/m/04rlf,/m/09x0r",0,0,1,0,0,0,0,0
9lkBdLgjFoE,10.0,20.0,"/m/032s66,/m/073cg4",0,0,0,0,1,0,0,0
B9XntQCc-CY,150.0,160.0,"/m/01y3hg,/m/09x0r,/t/dd00125",0,0,0,0,0,0,0,1
YsVb538PXHs,30.0,40.0,/m/09x0r,0,0,0,0,0,0,0,0
OBiVY-WotRc,30.0,40.0,"/m/01y3hg,/m/09x0r",0,0,0,0,0,0,0,1
CWTy4-27yUc,360.0,370.0,/m/09x0r,0,0,0,0,0,0,0,0
qHt84mKYh34,140.0,150.0,/m/04rlf,0,0,0,0,0,0,0,0
FGAg5PGzfu8,6.0,16.0,"/m/09x0r,/t/dd00002",0,0,1,0,0,0,0,0
uB1J3q5setw,60.0,70.0,"/m/039jq,/m/09x0r",0,0,0,0,0,1,0,0
7eC-wuYuebE,390.0,400.0,"/m/07pp_mv,/m/0c3f7m",0,0,0,0,0,0,0,1
bAQWxQh8j_Q,30.0,40.0,"/m/012n7d,/m/012ndj,/m/03j1ly,/m/03kmc9",0,0,0,0,0,0,1,0
f5ePdJKOr4E,30.0,40.0,"/m/03qtwd,/m/053hz1,/t/dd00135",0,1,0,0,0,0,0,0
Z82VBw8_alA,80.0,90.0,/m/07pp_mv,0,0,0,0,0,0,0,1
38ztfJOvbIw,110.0,120.0,"/m/04rlf,/m/0g293",0,0,0,0,0,0,0,0
vybhW44VVks,160.0,170.0,"/m/03qc9zr,/m/09x0r",1,0,0,0,0,0,0,0
_olMBq9ihZU,30.0,40.0,/t/dd00002,0,0,1,0,0,0,0,0
Fc9RX597K4c,40.0,50.0,"/m/039jq,/m/09x0r",0,0,0,0,0,1,0,0
k40CdhThz1w,30.0,40.0,"/m/012ndj,/m/03j1ly,/m/03kmc9",0,0,0,0,0,0,1,0
tyeUOKCrarI,0.0,10.0,"/m/03qc9zr,/m/09x0r",1,0,0,0,0,0,0,0
wtDxN_q06m8,120.0,130.0,"/m/039jq,/m/04rlf,/m/07q7njn,/m/09x0r",0,0,0,0,0,1,0,0
5WoC-7w6z98,30.0,40.0,"/m/03qc9zr,/m/03qtwd,/m/04rlf,/m/09x0r",1,0,0,0,0,0,0,0
cxzLyLvb5K8,28.0,38.0,"/m/07qz6j3,/m/09x0r",0,0,0,0,0,0,0,0
jU4TKzBOzw4,30.0,40.0,"/m/04rlf,/m/09x0r",0,0,0,0,0,0,0,0
X6yjmPJUowI,16.0,26.0,/m/0c3f7m,0,0,0,0,0,0,0,1
eT-EO492bVU,20.0,30.0,"/m/053hz1,/m/0g6b5",0,0,0,1,0,0,0,0
vh2cBHQJbsM,20.0,30.0,/m/02mfyn,0,0,0,0,0,0,0,1
XEel1Kleb6k,0.0,10.0,"/m/04rlf,/m/07p6fty",0,1,0,0,0,0,0,0
FWjtExP57RE,30.0,40.0,/m/02mfyn,0,0,0,0,0,0,0,1
eolV-u0q5PU,280.0,290.0,"/m/04rlf,/m/07p6fty,/m/09x0r",0,1,0,0,0,0,0,0
RIchHve7_20,120.0,130.0,"/m/015lz1,/m/04rlf,/m/07p6fty",0,1,0,0,0,0,0,0
nLS9-JaS5yk,30.0,40.0,"/m/03qc9zr,/m/04rlf,/m/06rqw",1,0,0,0,0,0,0,0
yo-qYdY2aY8,0.0,9.0,"/m/03qc9zr,/m/04rlf",1,0,0,0,0,0,0,0
ZEPPbYGaBoI,26.0,36.0,"/m/03j1ly,/m/03kmc9,/m/04qvtq",0,0,0,0,0,0,1,0
DbaGhZj6lAM,4.0,14.0,"/m/03qc9zr,/m/09x0r,/m/0jbk",1,0,0,0,0,0,0,0
BonsBPRPtek,50.0,60.0,"/m/018vs,/m/0342h,/m/04rlf,/m/04szw,/m/0fx80y",0,0,0,0,0,0,0,0
yiTOBP4gmMY,0.0,10.0,/m/032s66,0,0,0,0,1,0,0,0
Ux0ewAp42Oc,30.0,40.0,/m/032s66,0,0,0,0,1,0,0,0
Kb6Mo2fDiFE,30.0,40.0,"/m/03qc9zr,/m/0463cq4,/m/09x0r,/m/0ytgt",1,0,1,0,0,0,0,0
15P9-z_ruWI,50.0,60.0,/m/039jq,0,0,0,0,0,1,0,0
u912j7JoOyw,10.0,20.0,"/m/03qtwd,/t/dd00135",0,1,0,0,0,0,0,0
P4cy0GQJYnk,0.0,10.0,"/m/032s66,/m/04zjc",0,0,0,0,1,0,0,0
3Uuz8uckuZI,150.0,160.0,"/m/015lz1,/m/04rlf,/m/0z9c",0,0,0,0,0,0,0,0
tR2SF1LdMuk,30.0,40.0,"/m/046dlr,/m/07pp_mv",0,0,0,0,0,0,0,1
5qn1g7q88-w,10.0,20.0,/m/07pp_mv,0,0,0,0,0,0,0,1
yT6iyY8ke2w,20.0,30.0,/m/0c3f7m,0,0,0,0,0,0,0,1
o2CmtHNUrXg,30.0,40.0,/m/02mfyn,0,0,0,0,0,0,0,1
HFqbt3uscig,30.0,40.0,/m/09x0r,0,0,0,0,0,0,0,0
4iBps8Q0Ovc,30.0,40.0,"/m/04rlf,/m/09x0r",0,0,0,0,0,0,0,0
-WfQBr42ymw,30.0,40.0,"/m/03qc9zr,/m/04rlf,/m/07s72n",1,0,0,0,0,0,0,0
1MIMMJTFqY8,340.0,350.0,"/m/04rlf,/m/07p6fty,/t/dd00126",0,1,0,0,0,0,0,0
GLRsurjWgyc,5.0,15.0,/m/014zdl,0,0,0,1,0,0,0,0
jWz0eTsH3Lc,10.0,20.0,/m/0g6b5,0,0,0,1,0,0,0,0
BfVcHcorGS8,0.0,10.0,"/m/03qc9zr,/m/04rlf",1,0,0,0,0,0,0,0
xe26Gmetjco,500.0,510.0,"/m/07qqyl4,/m/09x0r,/m/0g6b5",0,0,0,1,0,0,0,0
IxyLK6xKJx8,170.0,180.0,"/m/09x0r,/m/0c3f7m",0,0,0,0,0,0,0,1
__k0Bws6Zv0,30.0,40.0,"/m/032s66,/m/0_1c",0,0,0,0,1,0,0,0
vJgQ6SZA-_E,120.0,130.0,"/m/03qtwd,/m/053hz1,/t/dd00135",0,1,0,0,0,0,0,0
-9Oa2jvNCeY,30.0,40.0,"/m/014zdl,/m/04rlf,/m/09x0r",0,0,0,1,0,0,0,0
NdGX3ycEybc,20.0,30.0,/m/039jq,0,0,0,0,0,1,0,0
WKpHrYNQXto,0.0,10.0,"/m/032s66,/m/04rlf",0,0,0,0,1,0,0,0
Ynv4XOnAS1Q,180.0,190.0,"/m/04rlf,/m/0g293",0,0,0,0,0,0,0,0
FAxp_rtSWy4,50.0,60.0,"/m/0463cq4,/m/07qw_06,/m/09x0r",0,0,1,0,0,0,0,0
lM6dXcxgiUg,190.0,200.0,/m/0g6b5,0,0,0,1,0,0,0,0
0ox5P4Rqhqk,30.0,40.0,"/m/09x0r,/t/dd00002",0,0,1,0,0,0,0,0
8o8LyEIy5UA,30.0,40.0,"/m/03qc9zr,/m/04rlf",1,0,0,0,0,0,0,0
lbl1wM1tl_s,150.0,160.0,"/m/04rlf,/m/07p6fty,/t/dd00127",0,1,0,0,0,0,0,0
cVelr4TEKuA,150.0,160.0,"/m/015lz1,/m/04rlf,/m/064t9,/m/07p6fty",0,1,0,0,0,0,0,0
eI0kMXz6c1s,0.0,10.0,"/m/07p6fty,/m/09x0r",0,1,0,0,0,0,0,0
_q08ssAaHsk,30.0,40.0,"/m/04rlf,/m/09x0r",0,0,0,0,0,0,0,0
1HRCHKszOtY,7.0,17.0,"/m/02mfyn,/m/03j1ly,/m/03kmc9,/m/04qvtq",0,0,0,0,0,0,1,1
gimvqfBU8ko,240.0,250.0,"/m/07yv9,/m/09x0r,/m/0k4j,/m/0ltv,/t/dd00128",0,0,0,0,0,0,0,0
DNW57w21iHs,30.0,40.0,"/m/04qvtq,/m/09x0r,/m/0k4j",0,0,0,0,0,0,1,0
loDwJXeyFsk,170.0,180.0,"/m/09x0r,/m/0c3f7m",0,0,0,0,0,0,0,1
2AV4wDGL4U4,30.0,40.0,"/m/01v1d8,/m/04rlf",0,0,0,0,0,0,0,0
1rxsXvj5hQc,80.0,90.0,/m/03qc9zr,1,0,0,0,0,0,0,0
rls_bxVpWsI,10.0,20.0,/m/014zdl,0,0,0,1,0,0,0,0
8Uip3YiRu2g,210.0,220.0,"/m/032s66,/m/04zjc",0,0,0,0,1,0,0,0
aQlLu0JvsOI,0.0,10.0,"/m/03qc9zr,/m/09x0r",1,0,0,0,0,0,0,0
rzqJL2UepBg,80.0,90.0,"/m/039jq,/m/04brg2",0,0,0,0,0,1,0,0
x9X_XcZo8H0,10.0,20.0,/m/039jq,0,0,0,0,0,1,0,0
BkoU2ugNoXE,5.0,15.0,"/m/03qc9zr,/m/05zppz",1,0,0,0,0,0,0,0
-nPhg6Eu4b4,30.0,40.0,"/m/012ndj,/m/03j1ly,/m/03kmc9",0,0,0,0,0,0,1,0
UqEy9MVtqqA,110.0,120.0,"/m/032s66,/m/0_1c",0,0,0,0,1,0,0,0
6cw44lbHPvw,0.0,10.0,"/m/03kmc9,/m/03qtwd,/t/dd00135",0,1,0,0,0,0,1,0
fKu2d54SN2c,29.0,39.0,"/m/03kmc9,/m/04qvtq,/m/07yv9,/m/09x0r,/m/0k4j",0,0,0,0,0,0,1,0
HUx-lC8Eiqc,150.0,160.0,/m/032s66,0,0,0,0,1,0,0,0
2MPj4OvD3JI,300.0,310.0,"/m/03qc9zr,/m/09x0r",1,0,0,0,0,0,0,0
VA6FBXluaxY,80.0,90.0,"/m/015p6,/m/0463cq4",0,0,1,0,0,0,0,0
W17a0IZlXkM,0.0,6.0,"/m/014zdl,/m/07qsvvw",0,0,0,1,0,0,0,0
3MdIBClLH7U,30.0,40.0,"/m/04rlf,/m/07bgp,/m/09x0r",0,0,0,0,0,0,0,0
3-6HWdAWWjU,30.0,40.0,/m/04rlf,0,0,0,0,0,0,0,0
oUq7_wa-Tk4,0.0,10.0,/m/014zdl,0,0,0,1,0,0,0,0
3t1wI_-qgnI,30.0,40.0,/m/04rlf,0,0,0,0,0,0,0,0
kZ-DhBeVZAY,40.0,50.0,"/m/0463cq4,/m/09x0r",0,0,1,0,0,0,0,0
oBFWJilXqow,10.0,20.0,"/m/012ndj,/m/03j1ly,/m/03kmc9",0,0,0,0,0,0,1,0
hcM00ze-WtE,30.0,40.0,"/m/04rlf,/m/0l14gg",0,0,0,0,0,0,0,0
2uWb1RrmMQk,30.0,40.0,"/m/03kmc9,/m/0dgbq",0,0,0,0,0,0,1,0
ZKpznpXEv3w,90.0,100.0,"/m/015lz1,/m/04rlf,/m/07p6fty,/m/09x0r,/t/dd00127",0,1,0,0,0,0,0,0
67XfgnCJia0,20.0,30.0,/t/dd00002,0,0,1,0,0,0,0,0
RKd9GY4XW4M,13.0,23.0,"/m/07qz6j3,/m/09x0r,/t/dd00002",0,0,1,0,0,0,0,0
LKpANGTc10M,30.0,40.0,/m/03kmc9,0,0,0,0,0,0,1,0
BlaKmrnxPhk,30.0,40.0,/m/04rlf,0,0,0,0,0,0,0,0
-yPSgCn9AWo,30.0,40.0,"/m/012n7d,/m/03j1ly,/m/03kmc9",0,0,0,0,0,0,1,0
fPkFSgTVV_8,10.0,20.0,/m/03kmc9,0,0,0,0,0,0,1,0
DE4bCkOXGQ8,22.0,32.0,"/m/03qc9zr,/m/09x0r",1,0,0,0,0,0,0,0
m3262E2VWYk,0.0,10.0,"/m/0463cq4,/m/04rlf,/m/09x0r",0,0,1,0,0,0,0,0
PKK7T49Wy-c,0.0,10.0,"/m/03q5t,/m/04rlf",0,0,0,0,0,0,0,0
pcRhhSdpbqg,30.0,40.0,"/m/01y3hg,/m/09x0r,/m/0c3f7m",0,0,0,0,0,0,0,1
5zQDGQX6abA,6.0,16.0,"/m/07r04,/m/07yv9,/m/09x0r",0,0,0,0,0,0,0,0
UwKZjRosLdE,90.0,100.0,"/m/015lz1,/m/04rlf,/m/07p6fty,/t/dd00126",0,1,0,0,0,0,0,0
VAe9SgVTxp0,30.0,40.0,/m/09x0r,0,0,0,0,0,0,0,0
okemvHZmXm8,40.0,50.0,/m/032s66,0,0,0,0,1,0,0,0
xpu2AcRFbMg,260.0,270.0,"/m/09x0r,/m/0c3f7m",0,0,0,0,0,0,0,1
T3bTk9uApps,30.0,40.0,/m/04rlf,0,0,0,0,0,0,0,0
Dcyl6G_CtJs,30.0,40.0,"/m/032s66,/m/04zjc",0,0,0,0,1,0,0,0
CeWTge-nY-0,30.0,40.0,"/m/012ndj,/m/03j1ly,/m/03kmc9",0,0,0,0,0,0,1,0
OZWsvU0kBPw,30.0,40.0,"/m/09x0r,/t/dd00002",0,0,1,0,0,0,0,0
QS6Kl46EbBI,10.0,20.0,/m/03kmc9,0,0,0,0,0,0,1,0
MA0psxF6EAY,0.0,8.0,"/m/012n7d,/m/03j1ly,/m/03kmc9,/m/04qvtq",0,0,0,0,0,0,1,0
Sbt9Obv13q4,40.0,50.0,/m/032s66,0,0,0,0,1,0,0,0
a3cBLHK4its,18.0,28.0,"/m/014zdl,/m/09x0r",0,0,0,1,0,0,0,0
4cMIkyP0R78,0.0,10.0,"/m/0463cq4,/m/09x0r",0,0,1,0,0,0,0,0
tTNZ9K424e4,30.0,40.0,"/m/04rlf,/m/09x0r,/t/dd00002",0,0,1,0,0,0,0,0
8uxPpiwTmoM,1.0,11.0,"/m/032s66,/m/0_1c",0,0,0,0,1,0,0,0
Gd3STcwZSY4,30.0,40.0,/m/09x0r,0,0,0,0,0,0,0,0
HSFgO8TzxVs,480.0,490.0,"/m/02_41,/m/039jq",0,0,0,0,0,1,0,0
BiMDEXx8G78,30.0,40.0,"/g/122z_qxw,/m/0g6b5",0,0,0,1,0,0,0,0
0auYBHbx9HA,170.0,180.0,/m/0c3f7m,0,0,0,0,0,0,0,1
K1AftsL-Eq8,30.0,40.0,/m/04rlf,0,0,0,0,0,0,0,0
2fmJC4oVkmo,50.0,60.0,"/m/04rlf,/m/07p6fty",0,1,0,0,0,0,0,0
xqAr3Jat5J8,90.0,100.0,"/m/02dgv,/m/039jq",0,0,0,0,0,1,0,0
Nt6NelIfpzA,10.0,20.0,/m/0463cq4,0,0,1,0,0,0,0,0
H7yAEo6tEvo,200.0,210.0,"/m/032s66,/m/073cg4",0,0,0,0,1,0,0,0
AXAiyKge6Ow,510.0,520.0,"/m/032s66,/m/04zjc",0,0,0,0,1,0,0,0
cqnF3x2zgGU,30.0,40.0,/m/09x0r,0,0,0,0,0,0,0,0
o7aU9SgLC-s,90.0,100.0,/m/07pp_mv,0,0,0,0,0,0,0,1
5RgFrMHSvbk,30.0,40.0,/m/09x0r,0,0,0,0,0,0,0,0
gjroPMQJ3M8,0.0,10.0,"/m/012n7d,/m/02mfyn,/m/03j1ly,/m/03kmc9,/m/04qvtq",0,0,0,0,0,0,1,1
eu-H6zjN7sE,70.0,80.0,"/m/0463cq4,/m/09x0r,/t/dd00002",0,0,1,0,0,0,0,0
CDZOiLXIy-w,0.0,10.0,/m/02mfyn,0,0,0,0,0,0,0,1
B2Y_y9JmqGs,150.0,160.0,"/m/039jq,/m/04rlf,/m/04szw,/m/06ncr",0,0,0,0,0,1,0,0
MdgQ5YmB1u8,160.0,170.0,/m/03kmc9,0,0,0,0,0,0,1,0
yopv5d3qE58,150.0,160.0,"/m/03kmc9,/m/0dgbq",0,0,0,0,0,0,1,0
TF0GOg463JA,16.0,26.0,/m/03qc9zr,1,0,0,0,0,0,0,0
-iCHDAh0AOw,40.0,50.0,"/m/039jq,/m/04rlf,/m/09x0r",0,0,0,0,0,1,0,0
17Pts1F8JGs,0.0,10.0,"/m/03qtwd,/t/dd00135",0,1,0,0,0,0,0,0
iYHrDtF6k34,180.0,190.0,"/m/02z32qm,/m/032s66",0,0,0,0,1,0,0,0
hpMacFSodMI,30.0,40.0,"/m/04rlf,/m/07pkxdp",0,0,0,0,0,0,0,0
_rtx3ZMAoKQ,40.0,50.0,"/m/039jq,/m/04k94",0,0,0,0,0,1,0,0
1LpAnxQYI-Q,30.0,40.0,/m/09x0r,0,0,0,0,0,0,0,0
dS0aYFNUdYs,30.0,40.0,/m/09x0r,0,0,0,0,0,0,0,0
WZVpF1r2NOk,20.0,30.0,"/m/02mfyn,/m/03j1ly,/m/03kmc9,/m/04qvtq",0,0,0,0,0,0,1,1
3mAXlfal8qg,30.0,40.0,"/m/04rlf,/t/dd00004",0,0,0,0,0,0,0,0
3Ua-Y63E7fw,30.0,40.0,"/m/03qc9zr,/m/09x0r",1,0,0,0,0,0,0,0
mDw-b6zCQu8,30.0,40.0,/m/04rlf,0,0,0,0,0,0,0,0
-IDihN35iqQ,30.0,40.0,"/m/04rlf,/t/dd00003",0,0,0,0,0,0,0,0
VEMeAi8sB0Y,30.0,40.0,"/m/03qc9zr,/m/04rlf",1,0,0,0,0,0,0,0
vI5BrQ3R79A,14.0,24.0,"/m/04rlf,/t/dd00002",0,0,1,0,0,0,0,0
nRRjKdRX-Ko,50.0,60.0,"/m/01y3hg,/m/09x0r",0,0,0,0,0,0,0,1
Ic7fuVg9qf0,40.0,50.0,"/m/032s66,/m/073cg4",0,0,0,0,1,0,0,0
HIhcuUsl88Q,250.0,260.0,"/m/032s66,/m/04zjc",0,0,0,0,1,0,0,0
9TyOGOFIQ6c,220.0,230.0,/m/032s66,0,0,0,0,1,0,0,0
3WDaHYBMUuk,470.0,480.0,"/m/032s66,/m/09x0r",0,0,0,0,1,0,0,0
rIiOauUqimw,320.0,330.0,"/m/04rlf,/m/0jbk",0,0,0,0,0,0,0,0
iIP2pJgyHns,10.0,20.0,"/m/03kmc9,/m/0dgbq",0,0,0,0,0,0,1,0
F5LabJFPBSk,15.0,25.0,"/m/09x0r,/t/dd00002",0,0,1,0,0,0,0,0
S0pyiZ836zc,30.0,40.0,/m/09x0r,0,0,0,0,0,0,0,0
JRO-Kfamaww,10.0,20.0,/m/02mfyn,0,0,0,0,0,0,0,1
_0OTlXMOt0g,110.0,120.0,"/t/dd00002,/t/dd00125",0,0,1,0,0,0,0,0
8bAaAIVBC9k,30.0,40.0,"/m/0463cq4,/m/09x0r,/t/dd00002",0,0,1,0,0,0,0,0
P-f5jCowr7g,10.0,20.0,/m/07pp_mv,0,0,0,0,0,0,0,1
A_3aoVi8eHE,30.0,40.0,/m/09x0r,0,0,0,0,0,0,0,0
AvEyT-RkJOc,30.0,40.0,"/m/012n7d,/m/03j1ly,/m/03kmc9",0,0,0,0,0,0,1,0
ZL5de5rdWm0,0.0,10.0,"/m/032s66,/m/04zjc",0,0,0,0,1,0,0,0
1HkTVq22i10,10.0,20.0,"/m/09x0r,/t/dd00128",0,0,0,0,0,0,0,0
76tO6RFbDWo,5.0,15.0,"/m/012n7d,/m/03j1ly,/m/03kmc9,/m/04qvtq",0,0,0,0,0,0,1,0
s6hR7qOUJt4,8.0,18.0,"/m/09x0r,/t/dd00002",0,0,1,0,0,0,0,0
-FQdooVDq2M,30.0,40.0,"/m/04rlf,/m/09x0r",0,0,0,0,0,0,0,0
PKpE4bjfbbg,0.0,7.0,/t/dd00002,0,0,1,0,0,0,0,0
7Z10MvgEo68,6.0,16.0,"/m/09x0r,/m/0c3f7m",0,0,0,0,0,0,0,1
DlVUUtUXECc,30.0,40.0,/t/dd00002,0,0,1,0,0,0,0,0
3bxDI9zfcVM,320.0,330.0,"/m/04rlf,/m/06w87",0,0,0,0,0,0,0,0
Y2tpeOoycZ8,200.0,210.0,"/m/032s66,/m/04zjc",0,0,0,0,1,0,0,0
3KnomsL4BnA,130.0,140.0,/m/0c3f7m,0,0,0,0,0,0,0,1
mhiaBYOC3IM,180.0,190.0,"/m/015lz1,/m/03qtwd,/m/04rlf,/m/06by7,/m/07p6fty,/m/0dls3",0,1,0,0,0,0,0,0
6A4qFXy9q-Q,0.0,10.0,"/m/03j1ly,/m/03kmc9,/m/04qvtq",0,0,0,0,0,0,1,0
vvuh5Utt8zg,60.0,70.0,/m/039jq,0,0,0,0,0,1,0,0
iiSx5bLo7ac,30.0,40.0,"/m/012n7d,/m/02mfyn,/m/03j1ly,/m/03kmc9,/m/04qvtq",0,0,0,0,0,0,1,1
52PL2nDXkII,140.0,150.0,"/m/015lz1,/m/04rlf",0,0,0,0,0,0,0,0
g29Du2Ix5f8,0.0,8.0,/m/0g6b5,0,0,0,1,0,0,0,0
dWCZbj3QfhU,30.0,40.0,"/m/032s66,/m/0_1c",0,0,0,0,1,0,0,0
Fp7J19WtTKw,360.0,370.0,"/m/07yv9,/m/09x0r,/m/0k4j,/t/dd00129",0,0,0,0,0,0,0,0
80I5VL3eqo8,20.0,30.0,"/m/04rlf,/m/07p6fty,/m/09x0r",0,1,0,0,0,0,0,0
QHoilZkGhD0,8.0,18.0,/m/0c3f7m,0,0,0,0,0,0,0,1
5Mepf6JTIOw,140.0,150.0,/m/03qc9zr,1,0,0,0,0,0,0,0
7HB07_FYDfo,310.0,320.0,/m/032s66,0,0,0,0,1,0,0,0
sZJ9WumE1PA,150.0,160.0,"/m/04qvtq,/m/09x0r",0,0,0,0,0,0,1,0
Xg9wr9gIkTU,420.0,430.0,"/m/039jq,/m/04rlf,/m/09x0r",0,0,0,0,0,1,0,0
ffDWNI5gLSA,90.0,100.0,/m/039jq,0,0,0,0,0,1,0,0
DznW5blSVu0,190.0,200.0,/m/09x0r,0,0,0,0,0,0,0,0
NRjKcw-JjY8,390.0,400.0,/m/09x0r,0,0,0,0,0,0,0,0
AMPMwenOUTg,30.0,40.0,"/m/02qldy,/m/05zppz,/m/09x0r",0,0,0,0,0,0,0,0
5dtPG1PhDAM,70.0,80.0,"/m/015p6,/m/07r_25d,/m/09x0r,/m/0h0rv",0,0,0,0,0,0,0,0
LwYz8M9vM5E,30.0,40.0,"/m/03kmc9,/m/0dgbq",0,0,0,0,0,0,1,0
XWKA5N0v1PU,0.0,10.0,/m/03qc9zr,1,0,0,0,0,0,0,0
jIUgUDETNn8,10.0,20.0,"/m/012ndj,/m/03j1ly,/m/07yv9,/t/dd00128",0,0,0,0,0,0,1,0
vEym8Hg1-Cs,220.0,230.0,"/m/015lz1,/m/04rlf,/m/07p6fty,/t/dd00126",0,1,0,0,0,0,0,0
oN3v_AZaT0M,0.0,10.0,"/m/0463cq4,/t/dd00002,/t/dd00125",0,0,1,0,0,0,0,0
jS2Ud6bs4Pc,0.0,7.0,"/m/01y3hg,/m/0c3f7m",0,0,0,0,0,0,0,1
TAK6Z4aVRpo,60.0,70.0,"/m/03qc9zr,/m/09x0r",1,0,0,0,0,0,0,0
YTapjEIgzkI,21.0,31.0,/m/01y3hg,0,0,0,0,0,0,0,1
AbSQdnCRhUs,30.0,40.0,"/m/04rlf,/m/04rmv,/m/09x0r",0,0,0,0,0,0,0,0
AjqFXqkBJ7U,0.0,10.0,/m/02mfyn,0,0,0,0,0,0,0,1
aGrrX4pFIMY,0.0,10.0,"/m/03qc9zr,/m/09x0r",1,0,0,0,0,0,0,0
OmA8-D6CM6M,130.0,140.0,/m/032s66,0,0,0,0,1,0,0,0
7gRAYc5qz0Q,30.0,40.0,/m/09x0r,0,0,0,0,0,0,0,0
xkYI-tb3tLQ,80.0,90.0,/m/039jq,0,0,0,0,0,1,0,0
AOQbRAKPYPU,30.0,40.0,"/m/04rlf,/m/04szw,/m/07y_7",0,0,0,0,0,0,0,0
jRilyM83XgU,20.0,30.0,/m/0g6b5,0,0,0,1,0,0,0,0
EVuvZVcAlRU,26.0,36.0,"/m/014zdl,/m/07qsvvw,/m/09x0r",0,0,0,1,0,0,0,0
pfg4xDn7WPI,30.0,40.0,"/m/032s66,/m/0_1c",0,0,0,0,1,0,0,0
psYKRBSXylk,40.0,50.0,"/m/012ndj,/m/03j1ly,/m/03kmc9,/m/04qvtq",0,0,0,0,0,0,1,0
iP9812ZdG_A,0.0,10.0,/m/032s66,0,0,0,0,1,0,0,0
tLhdH2Mp3x4,20.0,30.0,"/m/09x0r,/m/0g6b5",0,0,0,1,0,0,0,0
K0korwnQLa0,10.0,20.0,"/m/03qc9zr,/m/04rlf,/m/09x0r",1,0,0,0,0,0,0,0
OOy9jSAT0S4,30.0,40.0,/m/09x0r,0,0,0,0,0,0,0,0
UHvAxu2y98M,170.0,180.0,"/m/02rr_,/m/0342h,/m/04rlf,/m/04szw,/m/0fx80y,/t/dd00125",0,0,0,0,0,0,0,0
8GfCC0H1Yzc,50.0,60.0,"/m/0342h,/m/04rlf,/m/04szw,/m/0fx80y",0,0,0,0,0,0,0,0
G_TrD7F1FXc,20.0,30.0,"/m/0463cq4,/m/09x0r",0,0,1,0,0,0,0,0
Xmwt7nLRa6w,110.0,120.0,"/m/07pp_mv,/m/09x0r,/m/0c3f7m",0,0,0,0,0,0,0,1
uVEigrfOg4U,320.0,330.0,"/m/04rlf,/m/07rknqz,/m/07yv9,/m/09x0r,/m/0k4j,/m/0ltv",0,0,0,0,0,0,0,0
jSafY5wewGU,10.0,20.0,"/m/0463cq4,/m/09x0r,/m/0ytgt",0,0,1,0,0,0,0,0
5t62vM18K28,20.0,30.0,"/m/03qtwd,/m/053hz1,/t/dd00135",0,1,0,0,0,0,0,0
L-DgNKthZX8,17.0,27.0,"/m/014zdl,/m/07pxg6y,/m/09x0r",0,0,0,1,0,0,0,0
uELcPDZiw50,30.0,40.0,/m/04rlf,0,0,0,0,0,0,0,0
Am_3C-CgqjY,6.0,16.0,"/m/012ndj,/m/02mk9,/m/03j1ly,/m/07q2z82,/m/07yv9,/m/09x0r,/t/dd00067",0,0,0,0,0,0,1,0
--1nnAww5MY,170.0,180.0,/m/09x0r,0,0,0,0,0,0,0,0
W3lYymcdfy4,30.0,40.0,/m/09x0r,0,0,0,0,0,0,0,0
nlrLqZdK-QU,0.0,10.0,"/m/02lkt,/m/04rlf,/m/07p6fty,/m/0m0jc",0,1,0,0,0,0,0,0
d0n8dpb7Vvk,14.0,24.0,"/m/014zdl,/m/04rlf,/m/09x0r",0,0,0,1,0,0,0,0
SPKV__WlLtM,21.0,31.0,"/m/04rlf,/m/09x0r",0,0,0,0,0,0,0,0
m6gS7Fhm5BA,360.0,370.0,"/m/0342h,/m/04rlf,/m/04szw,/m/0fx80y,/t/dd00125",0,0,0,0,0,0,0,0
UvWgiA2s4FA,30.0,40.0,"/m/0463cq4,/m/09x0r",0,0,1,0,0,0,0,0
lvWU3jvaKUM,250.0,260.0,"/m/09x0r,/m/0c3f7m",0,0,0,0,0,0,0,1
3jH_pyOhBPk,30.0,40.0,"/m/012n7d,/m/02mfyn,/m/03j1ly,/m/03kmc9,/m/04qvtq",0,0,0,0,0,0,1,1
TrsGJXPUNTs,0.0,10.0,"/m/03kmc9,/m/07yv9",0,0,0,0,0,0,1,0
CPxSuSe9fFI,2.0,12.0,"/m/04qvtq,/m/0k4j",0,0,0,0,0,0,1,0
RqigMgkEmHw,170.0,180.0,/m/0c3f7m,0,0,0,0,0,0,0,1
rLEi1aEzMd0,260.0,270.0,"/m/04rlf,/m/07p6fty,/t/dd00126",0,1,0,0,0,0,0,0
8guASCeupec,180.0,190.0,"/m/01y3hg,/m/09x0r",0,0,0,0,0,0,0,1
W5CjgLG8AX0,60.0,70.0,/m/0g6b5,0,0,0,1,0,0,0,0
SUJHjuahbnM,12.0,22.0,/t/dd00002,0,0,1,0,0,0,0,0
vGm_PbUfq_o,10.0,20.0,/m/03qc9zr,1,0,0,0,0,0,0,0
M2QIAWAXZvQ,60.0,70.0,/m/0c3f7m,0,0,0,0,0,0,0,1
2LeNQBxo4xo,30.0,40.0,"/m/02qldy,/m/05zppz,/m/09x0r",0,0,0,0,0,0,0,0
9AjwZM05WyI,30.0,40.0,"/m/03qc9zr,/m/04rlf",1,0,0,0,0,0,0,0
UnyMSrmNSrs,30.0,40.0,"/m/012ndj,/m/07r04,/m/07yv9",0,0,0,0,0,0,1,0
L1dXSCUe7w4,20.0,30.0,"/m/0463cq4,/m/09x0r,/t/dd00002",0,0,1,0,0,0,0,0
nPXOKgvGCrg,30.0,40.0,/m/0g6b5,0,0,0,1,0,0,0,0
tn3klWz00HI,27.0,37.0,"/m/07qz6j3,/m/09x0r,/t/dd00002",0,0,1,0,0,0,0,0
eJYA09WkIFg,0.0,10.0,"/m/04rlf,/m/07pp_mv",0,0,0,0,0,0,0,1
1W-yspM_mns,30.0,40.0,"/m/03kmc9,/m/04qvtq,/m/09x0r",0,0,0,0,0,0,1,0
Cku3o85HRMg,0.0,10.0,"/m/032s66,/m/04zjc",0,0,0,0,1,0,0,0
PO8Nu3F8mkA,30.0,40.0,"/m/014zdl,/m/07qsvvw",0,0,0,1,0,0,0,0
cC7eImNGPaQ,50.0,60.0,/m/032s66,0,0,0,0,1,0,0,0
_pFeL_Uzg10,30.0,40.0,/m/04rlf,0,0,0,0,0,0,0,0
y9DiBHrnUO0,16.0,26.0,/m/04rlf,0,0,0,0,0,0,0,0
lhqmKIuXywI,280.0,290.0,"/m/012n7d,/m/02mfyn,/m/03j1ly,/m/03kmc9,/m/04qvtq",0,0,0,0,0,0,1,1
4g3Qdd8RvTM,30.0,40.0,"/m/01j3sz,/m/0463cq4,/m/09x0r",0,0,1,0,0,0,0,0
HwT8RSwCfEk,290.0,300.0,/m/07pp_mv,0,0,0,0,0,0,0,1
hQL9iS_Kcac,30.0,40.0,"/m/03kmc9,/m/0dgbq",0,0,0,0,0,0,1,0
FDxZWo6MUcg,360.0,370.0,"/m/09x0r,/m/0c2wf",0,0,0,0,0,0,0,0
7iuYTlYToW4,30.0,40.0,/m/09x0r,0,0,0,0,0,0,0,0
UAfKq-nkbvQ,50.0,60.0,/m/03kmc9,0,0,0,0,0,0,1,0
RkvdtqudYb8,30.0,40.0,"/m/04rlf,/m/09x0r,/t/dd00002",0,0,1,0,0,0,0,0
RJCh94zadf4,60.0,70.0,"/m/039jq,/m/09x0r",0,0,0,0,0,1,0,0
MBRkygg-Dwc,20.0,30.0,/m/032s66,0,0,0,0,1,0,0,0
8Y5eRa1itWw,30.0,40.0,/m/09x0r,0,0,0,0,0,0,0,0
HG4fK0njXwk,250.0,260.0,"/m/039jq,/m/09x0r",0,0,0,0,0,1,0,0
j8DtrjYZ02I,30.0,40.0,/m/04rlf,0,0,0,0,0,0,0,0
j0MYK7yNXKk,0.0,10.0,"/m/03kmc9,/m/0dgbq",0,0,0,0,0,0,1,0
7xFuctmuXoU,30.0,40.0,"/m/02qldy,/m/04rlf,/m/05zppz,/m/09x0r",0,0,0,0,0,0,0,0
ySJsCDY-JaQ,550.0,560.0,"/m/02z32qm,/m/032s66,/m/04rlf,/m/09x0r",0,0,0,0,1,0,0,0
IxADrhzIXjo,70.0,80.0,"/m/015lz1,/m/04rlf,/m/07p6fty,/m/07rwj3x",0,1,0,0,0,0,0,0
R2MSnjisxw4,15.0,25.0,/m/07pp_mv,0,0,0,0,0,0,0,1
fG1MTPUKxyA,280.0,290.0,/m/01y3hg,0,0,0,0,0,0,0,1
CCCauwMZ038,110.0,120.0,"/m/015lz1,/m/04rlf,/m/07p6fty,/t/dd00126",0,1,0,0,0,0,0,0
NnIZECcyj28,100.0,110.0,"/g/122z_qxw,/m/0g6b5,/t/dd00129",0,0,0,1,0,0,0,0
4nPwg37Vrg4,30.0,40.0,"/m/03qc9zr,/m/03qtwd,/m/04rlf,/m/053hz1,/m/09x0r",1,0,0,0,0,0,0,0
uOW3MWNoy3g,40.0,50.0,/m/03kmc9,0,0,0,0,0,0,1,0
8Gm6JPyHNe8,30.0,40.0,"/m/025td0t,/m/02cjck,/m/039jq,/m/04rlf",0,0,0,0,0,1,0,0
hHsHLC6m-QE,10.0,20.0,"/m/09x0r,/m/0jbk",0,0,0,0,0,0,0,0
X7weoQRFmc0,100.0,110.0,"/m/039jq,/m/05zppz,/m/09x0r",0,0,0,0,0,1,0,0
dTUQatFy7Vs,30.0,40.0,"/m/04rlf,/m/04szw,/m/07y_7",0,0,0,0,0,0,0,0
Ebhtspf0Ikg,110.0,120.0,"/m/07r04,/m/07yv9,/m/09x0r",0,0,0,0,0,0,0,0
YvceWiZ3_dQ,30.0,40.0,"/m/03mb9,/m/04rlf,/m/0ggx5q",0,0,0,0,0,0,0,0
ht2MQZSZ8C0,30.0,40.0,/m/01y3hg,0,0,0,0,0,0,0,1
wcnZcOtdFjU,20.0,30.0,/m/07pp_mv,0,0,0,0,0,0,0,1
EVhCKTFDnpM,100.0,110.0,"/m/04rlf,/m/07p6fty,/m/09x0r,/t/dd00126",0,1,0,0,0,0,0,0
39KEKb-8qVA,0.0,10.0,/m/032s66,0,0,0,0,1,0,0,0
6xPvWSrMY4Y,30.0,40.0,/m/09x0r,0,0,0,0,0,0,0,0
09F7JI0QEME,0.0,10.0,"/m/04rlf,/m/07pp_mv,/t/dd00125",0,0,0,0,0,0,0,1
MJg3FHRLAGo,170.0,180.0,"/m/04rlf,/m/04szw,/m/05pd6,/m/09x0r,/m/0ln16",0,0,0,0,0,0,0,0
hQyKExZluNM,220.0,230.0,"/m/015lz1,/m/04rlf,/m/07p6fty",0,1,0,0,0,0,0,0
ioF2iqbWBnE,12.0,22.0,"/m/04rlf,/t/dd00002",0,0,1,0,0,0,0,0
_G2z66tyqys,50.0,60.0,"/m/0463cq4,/m/0ytgt",0,0,1,0,0,0,0,0
2-XB3gfGWPU,330.0,340.0,"/m/09x0r,/m/0g6b5",0,0,0,1,0,0,0,0
8lr3b4nwCFQ,180.0,190.0,"/m/04rlf,/m/04szw,/m/06by7,/m/06ncr,/m/07p6fty,/m/09x0r",0,1,0,0,0,0,0,0
KCOeGhINjGk,60.0,70.0,"/m/032s66,/m/0_1c",0,0,0,0,1,0,0,0
6Aff8PmbR9E,0.0,10.0,"/m/04rlf,/m/0c1dj",0,0,0,0,0,0,0,0
_BZkDX4K1vg,90.0,100.0,"/m/0283d,/m/04rlf",0,0,0,0,0,0,0,0
1hQfWYFjrTE,140.0,150.0,"/m/03qc9zr,/m/09x0r,/m/0ytgt",1,0,0,0,0,0,0,0
7ag2YQ1Kn2c,0.0,7.0,"/m/02rtxlg,/m/03qc9zr,/m/09x0r",1,0,0,0,0,0,0,0
RTZz14LJ6Qc,0.0,10.0,"/m/015lz1,/m/0463cq4,/m/09x0r",0,0,1,0,0,0,0,0
8455AtIQh9k,30.0,40.0,"/m/03j1ly,/m/03kmc9,/m/04qvtq,/m/09x0r",0,0,0,0,0,0,1,0
HUdneXvZWGA,10.0,20.0,"/m/03j1ly,/m/03kmc9,/m/04qvtq",0,0,0,0,0,0,1,0
DeNCHPXfMhM,30.0,40.0,"/m/02qldy,/m/0463cq4,/m/05zppz,/m/09x0r",0,0,1,0,0,0,0,0
Ct08Qb3-TtQ,12.0,22.0,"/m/012ndj,/m/03j1ly,/m/07r04,/m/07yv9",0,0,0,0,0,0,1,0
8BMP10rXheA,30.0,40.0,"/m/03kmc9,/m/0dgbq",0,0,0,0,0,0,1,0
C6Eqp9o-JBE,80.0,90.0,"/m/04rlf,/m/07p6fty,/m/09x0r",0,1,0,0,0,0,0,0
7dYQ4sq0UWw,400.0,410.0,"/m/04rlf,/m/0y4f8",0,0,0,0,0,0,0,0
mtJZXDx1yqY,30.0,40.0,/m/09x0r,0,0,0,0,0,0,0,0
gpaifNZrKJU,30.0,40.0,"/m/012ndj,/m/03j1ly,/m/07r04,/m/07yv9,/m/09x0r",0,0,0,0,0,0,1,0
960quLbAZE0,30.0,40.0,"/m/02qldy,/m/05zppz,/m/09x0r",0,0,0,0,0,0,0,0
9-_31iAArCg,140.0,150.0,"/m/015lz1,/m/04rlf,/m/04szw,/m/07p6fty",0,1,0,0,0,0,0,0
S0esz-PasS0,0.0,4.0,/m/014zdl,0,0,0,1,0,0,0,0
v6PXm3CKyXs,60.0,70.0,"/m/03qc9zr,/m/09x0r",1,0,0,0,0,0,0,0
-XHotSY1Eq8,50.0,60.0,"/m/039jq,/m/07pc8lb,/m/09x0r",0,0,0,0,0,1,0,0
DTCcy7Al-Ag,10.0,20.0,"/m/09x0r,/m/0g6b5,/t/dd00128",0,0,0,1,0,0,0,0
FGmnvI-0VNw,10.0,20.0,"/m/03qc9zr,/m/09x0r",1,0,0,0,0,0,0,0
FXJ_-K1J-zI,30.0,40.0,"/m/019jd,/m/04rlf,/m/056ks2,/m/07yv9",0,0,0,0,0,0,0,0
XYlDvtkgy-0,30.0,40.0,"/m/09x0r,/t/dd00002",0,0,1,0,0,0,0,0
F75hHT33bu8,30.0,40.0,/m/04rlf,0,0,0,0,0,0,0,0
lUYrjlc5z2E,60.0,70.0,"/m/04rlf,/m/07p6fty",0,1,0,0,0,0,0,0
KuYnSQdcsss,30.0,40.0,"/m/09x0r,/t/dd00002",0,0,1,0,0,0,0,0
lKjxCQ8qO5w,0.0,10.0,"/m/09x0r,/t/dd00126",0,0,0,0,0,0,0,0
1sPez7oFF1Q,220.0,230.0,"/m/015lz1,/m/04rlf,/m/07p6fty,/m/09x0r,/t/dd00127",0,1,0,0,0,0,0,0
g1GM3tTisYg,0.0,10.0,"/m/03qc9zr,/m/05tny_,/m/068hy,/m/0bt9lr,/m/0jbk",1,0,0,0,0,0,0,0
TZlUo0lh1kI,40.0,50.0,/m/032s66,0,0,0,0,1,0,0,0
EAf80_xn86Q,30.0,40.0,/m/09x0r,0,0,0,0,0,0,0,0
Ul_kp-9KrPs,21.0,31.0,"/m/04rlf,/m/09x0r",0,0,0,0,0,0,0,0
LcsfTpDDYkA,0.0,10.0,/m/0463cq4,0,0,1,0,0,0,0,0
WvGPMxROQ0A,30.0,40.0,"/m/014zdl,/m/07qsvvw,/m/09x0r",0,0,0,1,0,0,0,0
Lb2eI4GApc4,30.0,40.0,"/m/02mfyn,/m/03kmc9",0,0,0,0,0,0,1,1
-_niCjjLkps,30.0,40.0,"/m/0342h,/m/04rlf,/m/04szw,/m/07s0s5r,/m/0fx80y",0,0,0,0,0,0,0,0
PG1jl8Dt1ZQ,30.0,40.0,"/m/04rlf,/m/09x0r,/t/dd00002",0,0,1,0,0,0,0,0
LZCwM1dk4lE,60.0,70.0,"/m/04rlf,/m/07yv9,/m/09x0r,/t/dd00128",0,0,0,0,0,0,0,0
JGTy9Fs3vUE,280.0,290.0,/m/0g6b5,0,0,0,1,0,0,0,0
EW0pwQDD2TM,30.0,40.0,/m/09x0r,0,0,0,0,0,0,0,0
385OLsVRaAU,10.0,20.0,/m/02mfyn,0,0,0,0,0,0,0,1
WhJS9D0qx5g,500.0,510.0,/m/032s66,0,0,0,0,1,0,0,0
nQhjNvRpj84,30.0,40.0,"/m/04rlf,/m/09x0r",0,0,0,0,0,0,0,0
Y1qoE4r1Gf8,40.0,50.0,"/m/04qvtq,/m/0h9mv",0,0,0,0,0,0,1,0
CHWtJ5ngGUs,580.0,590.0,"/m/03qtwd,/t/dd00135",0,1,0,0,0,0,0,0
ycxaFileSl4,10.0,20.0,"/m/039jq,/m/09x0r",0,0,0,0,0,1,0,0
chEgVE8NJbk,60.0,70.0,"/m/04rlf,/m/07p6fty,/m/09x0r",0,1,0,0,0,0,0,0
A36x4yvrSvk,30.0,40.0,/m/09x0r,0,0,0,0,0,0,0,0
-pEkOBGWRe0,0.0,10.0,/m/0g6b5,0,0,0,1,0,0,0,0
3oLvoYMm6Hw,30.0,40.0,"/m/014zdl,/m/07pxg6y,/m/07qsvvw",0,0,0,1,0,0,0,0
Uaw3Am1MLyM,60.0,70.0,"/m/0342h,/m/042v_gx,/m/04rlf,/m/04szw,/m/0fx80y",0,0,0,0,0,0,0,0
Fbaq5LqEZUY,30.0,40.0,/m/09x0r,0,0,0,0,0,0,0,0
W-tKQRqCVS0,30.0,40.0,/m/0c3f7m,0,0,0,0,0,0,0,1
3NbMgA6R5T0,18.0,28.0,"/m/03qc9zr,/m/0c1dj",1,0,0,0,0,0,0,0
mh7rDFB3DMw,210.0,220.0,"/m/09x0r,/m/0c3f7m,/t/dd00125",0,0,0,0,0,0,0,1
fOJHXXW5f5c,290.0,300.0,"/m/03qc9zr,/m/09x0r",1,0,0,0,0,0,0,0
Wa0-csIfOg4,30.0,40.0,/m/04rlf,0,0,0,0,0,0,0,0
2ttHHf7-cRM,6.0,16.0,"/m/032s66,/m/073cg4",0,0,0,0,1,0,0,0
s6fBS-i3QZ4,130.0,140.0,"/m/01y3hg,/m/09x0r",0,0,0,0,0,0,0,1
BD4lWYz0j5k,30.0,40.0,/m/04rlf,0,0,0,0,0,0,0,0
OjsCExseVOU,230.0,240.0,"/m/03qc9zr,/m/09x0r",1,0,0,0,0,0,0,0
QKCTsRcU77A,30.0,40.0,/m/032s66,0,0,0,0,1,0,0,0
tIZT2wLzpm4,260.0,270.0,"/m/09x0r,/m/0g6b5",0,0,0,1,0,0,0,0
bn_b1qHARdg,270.0,280.0,"/m/03kmc9,/t/dd00125",0,0,0,0,0,0,1,0
iWGZ4DwITA8,100.0,110.0,/m/03qc9zr,1,0,0,0,0,0,0,0
xdU1qRLu0tw,60.0,70.0,"/m/039jq,/m/04rlf",0,0,0,0,0,1,0,0
ju1vxHq0KaE,100.0,110.0,"/g/122z_qxw,/m/0g6b5,/t/dd00129",0,0,0,1,0,0,0,0
2VMfJymq_lY,30.0,40.0,"/m/046dlr,/m/09x0r,/m/0c3f7m",0,0,0,0,0,0,0,1
JPSJDg6r19Y,20.0,30.0,/t/dd00002,0,0,1,0,0,0,0,0
QlV9A41DGsc,0.0,10.0,"/m/03qtwd,/m/053hz1,/t/dd00135",0,1,0,0,0,0,0,0
r6WLIEpXqD0,80.0,90.0,"/m/032s66,/m/073cg4",0,0,0,0,1,0,0,0
2lXyUsQZ5Bo,10.0,20.0,"/m/039jq,/m/04rlf",0,0,0,0,0,1,0,0
bPcU2e209io,0.0,10.0,"/m/03qc9zr,/m/04rlf",1,0,0,0,0,0,0,0
mzF4qvBu_Jo,200.0,210.0,"/m/015lz1,/m/04rlf,/m/04szw,/m/07p6fty,/t/dd00126",0,1,0,0,0,0,0,0
35t3MVCE160,30.0,40.0,"/m/03j1ly,/m/03kmc9,/m/04qvtq,/m/07yv9,/m/0k4j",0,0,0,0,0,0,1,0
10zsi0R7jTk,80.0,90.0,"/m/015lz1,/m/04rlf,/m/07p6fty,/t/dd00127",0,1,0,0,0,0,0,0
xCUDDVSlyvs,10.0,20.0,"/m/03qc9zr,/m/03qtwd,/m/09x0r",1,0,0,0,0,0,0,0
FzFDASPJtLE,0.0,10.0,"/m/07pp_mv,/m/09x0r",0,0,0,0,0,0,0,1
VFoPFFSbiTU,100.0,110.0,/m/03kmc9,0,0,0,0,0,0,1,0
FaYQcP0hKmU,330.0,340.0,"/m/03qc9zr,/m/04rlf,/t/dd00125",1,0,0,0,0,0,0,0
_VLO8sN1oaI,0.0,10.0,"/m/03qtwd,/m/053hz1,/t/dd00135",0,1,0,0,0,0,0,0
Vti_4wct144,30.0,40.0,"/m/04rlf,/m/04szw,/m/07y_7",0,0,0,0,0,0,0,0
KSgGhiu_gik,100.0,110.0,/m/0g6b5,0,0,0,1,0,0,0,0
UkZT7iX9yuI,80.0,90.0,/m/03qc9zr,1,0,0,0,0,0,0,0
9LvnbealML8,190.0,200.0,"/m/03lty,/m/04rlf,/m/06by7,/m/07p6fty",0,1,0,0,0,0,0,0
73phKdahss8,30.0,40.0,"/m/0463cq4,/m/07r660_,/m/09x0r,/m/0ytgt,/t/dd00002",0,0,1,0,0,0,0,0
KOePTJ9eSkQ,30.0,40.0,"/m/014zdl,/m/07qsvvw,/m/09x0r",0,0,0,1,0,0,0,0
k3cBwNkDNso,10.0,20.0,"/m/03qtwd,/m/04rlf,/m/07p6fty,/m/09x0r",0,1,0,0,0,0,0,0
nVl-VfUlHO0,30.0,40.0,"/m/012ndj,/m/03j1ly,/m/07r04,/m/07yv9",0,0,0,0,0,0,1,0
W88lcPE7fac,30.0,40.0,"/m/07pp_mv,/m/09x0r",0,0,0,0,0,0,0,1
LQlRTjufnO8,30.0,40.0,/m/014zdl,0,0,0,1,0,0,0,0
rJsfh3dWIMY,60.0,70.0,"/m/0463cq4,/m/09x0r",0,0,1,0,0,0,0,0
lAU3se96Y9w,170.0,180.0,/m/039jq,0,0,0,0,0,1,0,0
wFwQ6sQWdD8,150.0,160.0,"/m/03qtwd,/m/053hz1,/t/dd00135",0,1,0,0,0,0,0,0
YlhZ_IUesV0,110.0,120.0,/m/09x0r,0,0,0,0,0,0,0,0
ET_ReejWJgI,0.0,5.0,"/m/012n7d,/m/03j1ly,/m/03kmc9,/m/07yv9",0,0,0,0,0,0,1,0
ogS5yUU5LvE,50.0,60.0,"/m/04zjc,/m/09x0r",0,0,0,0,0,0,0,0
7aSr3YI7L4I,30.0,40.0,/m/09x0r,0,0,0,0,0,0,0,0
I3tsPWybQRI,30.0,40.0,"/m/03qc9zr,/m/09x0r",1,0,0,0,0,0,0,0
0ng703aLhXs,17.0,27.0,/m/07pp_mv,0,0,0,0,0,0,0,1
4yBWQ0Z5c1I,30.0,40.0,"/m/03qc9zr,/m/04rlf,/m/0c1dj",1,0,0,0,0,0,0,0
f-c315u24YM,80.0,90.0,"/m/04rlf,/m/0l14jd,/m/0y4f8,/m/0z9c",0,0,0,0,0,0,0,0
jrNfp37BkmY,180.0,190.0,"/m/03qtwd,/m/053hz1,/t/dd00135",0,1,0,0,0,0,0,0
KDN-h5yVWRw,25.0,35.0,/t/dd00002,0,0,1,0,0,0,0,0
WPnTxPCMRjg,30.0,40.0,"/m/09x0r,/t/dd00002",0,0,1,0,0,0,0,0
CagYyzDAHu0,200.0,210.0,"/m/03j1ly,/m/04qvtq,/m/09x0r",0,0,0,0,0,0,1,0
Crk6v6qyDEA,60.0,70.0,/m/0463cq4,0,0,1,0,0,0,0,0
zWPtqxwvB1k,310.0,320.0,"/m/03qc9zr,/m/09x0r",1,0,0,0,0,0,0,0
l4EpQEa2ftc,270.0,280.0,"/m/03lty,/m/04rlf,/m/06by7,/m/07p6fty",0,1,0,0,0,0,0,0
BxxdjdH7xvk,10.0,20.0,"/m/015p6,/m/01x3z,/m/046dlr,/m/07pp_mv,/m/0jbk",0,0,0,0,0,0,0,1
jr-W3ma9aBc,0.0,10.0,"/m/03qc9zr,/m/09x0r",1,0,0,0,0,0,0,0
ECho4B844wg,50.0,60.0,"/m/015lz1,/m/04rlf,/m/07p6fty,/t/dd00126,/t/dd00127",0,1,0,0,0,0,0,0
Di9ok9ySkjs,0.0,10.0,"/m/09x0r,/m/0jbk,/t/dd00002",0,0,1,0,0,0,0,0
eHClmnsLzdI,30.0,40.0,"/m/032s66,/m/0_1c",0,0,0,0,1,0,0,0
YfA4OGMxUcw,30.0,40.0,"/m/011k_j,/m/026t6,/m/02hnl,/m/04rlf,/m/04szw,/m/0l14md",0,0,0,0,0,0,0,0
OARErIWutmg,0.0,7.0,"/m/014zdl,/m/07qsvvw",0,0,0,1,0,0,0,0
tQGB42DbPIE,130.0,140.0,"/m/09x0r,/m/0c3f7m",0,0,0,0,0,0,0,1
BjaWFeMj6TE,24.0,34.0,"/m/09x0r,/t/dd00128",0,0,0,0,0,0,0,0
1ZvCbhKx1vw,29.0,39.0,/m/0g6b5,0,0,0,1,0,0,0,0
LQjnFYfwi-M,30.0,40.0,/m/04rlf,0,0,0,0,0,0,0,0
aYtQnj6V3LE,10.0,20.0,"/m/04rlf,/m/07p6fty,/t/dd00126",0,1,0,0,0,0,0,0
LY90s5AgkWM,2.0,12.0,/m/03qc9zr,1,0,0,0,0,0,0,0
3tnQ98HvfKE,120.0,130.0,"/m/09x0r,/t/dd00129",0,0,0,0,0,0,0,0
zI_OwLUiR7Y,10.0,20.0,"/m/0463cq4,/m/09x0r",0,0,1,0,0,0,0,0
Lzs_5R5_Rk0,8.0,18.0,"/m/07qz6j3,/t/dd00002",0,0,1,0,0,0,0,0
KMixx_7pW8Y,520.0,530.0,"/m/02cz_7,/m/03qc9zr,/m/09x0r,/m/0y4f8",1,0,0,0,0,0,0,0
AzYvywSpUlg,310.0,320.0,"/m/04rlf,/m/0jtg0",0,0,0,0,0,0,0,0
ASOCUYKTMEw,30.0,40.0,"/m/03qtwd,/m/053hz1,/t/dd00135",0,1,0,0,0,0,0,0
RHiZ_L7-Lkc,30.0,40.0,"/m/04rlf,/m/04szw,/m/07y_7",0,0,0,0,0,0,0,0
__wNQdYtH8g,30.0,40.0,/m/032s66,0,0,0,0,1,0,0,0
ffBwCxkcUFg,30.0,40.0,"/m/04rlf,/m/0m0jc",0,0,0,0,0,0,0,0
lTnBd2ZuWuE,80.0,90.0,"/m/01y3hg,/m/09x0r,/t/dd00125",0,0,0,0,0,0,0,1
L0Oxu55Kxmk,0.0,10.0,"/m/03qc9zr,/m/09x0r",1,0,0,0,0,0,0,0
MUxgODQd7Ck,290.0,300.0,"/m/039jq,/m/04rlf",0,0,0,0,0,1,0,0
dqJWTzC3s8I,190.0,200.0,"/m/032s66,/m/073cg4",0,0,0,0,1,0,0,0
SdeI-KMJCIc,30.0,40.0,/m/09x0r,0,0,0,0,0,0,0,0
ZPAY71_lrEk,0.0,10.0,"/m/03qc9zr,/m/04rlf,/m/07yv9,/m/0k4j",1,0,0,0,0,0,0,0
8qt_S4K3i_w,510.0,520.0,"/m/04k94,/m/09x0r",0,0,0,0,0,0,0,0
IEOUYu9Vmyk,20.0,30.0,/m/032s66,0,0,0,0,1,0,0,0
a701SAZyJF4,40.0,50.0,"/m/04rlf,/m/07p6fty",0,1,0,0,0,0,0,0
JxIFYhhW1yw,60.0,70.0,/m/03kmc9,0,0,0,0,0,0,1,0
x_lTdv3WwHI,25.0,35.0,/t/dd00002,0,0,1,0,0,0,0,0
JshpkM-DuoY,20.0,30.0,"/m/03qc9zr,/m/09x0r",1,0,0,0,0,0,0,0
HUKywJMAmQQ,30.0,40.0,"/m/04rlf,/m/0gg8l",0,0,0,0,0,0,0,0
TNLHRKm72zk,30.0,40.0,/m/09x0r,0,0,0,0,0,0,0,0
xJtrXUGylvo,30.0,40.0,"/m/030rvx,/m/09x0r",0,0,0,0,0,0,0,0
XvXuzQDItJ8,20.0,30.0,"/m/04rlf,/m/07p6fty,/m/09x0r",0,1,0,0,0,0,0,0
_92FQfjiQXw,17.0,27.0,"/m/03kmc9,/m/04qvtq",0,0,0,0,0,0,1,0
uQfkLcq-hFI,30.0,40.0,"/m/012ndj,/m/07r04,/m/07yv9,/m/09x0r,/m/0k4j",0,0,0,0,0,0,1,0
5FiUKC97TSo,30.0,40.0,/m/02mfyn,0,0,0,0,0,0,0,1
NRJurd3tOvo,24.0,34.0,"/m/014zdl,/m/04rlf,/m/07qsvvw",0,0,0,1,0,0,0,0
qFG0-JlodDw,150.0,160.0,"/m/039jq,/m/09x0r",0,0,0,0,0,1,0,0
Mw0WRNg29Jo,30.0,40.0,"/m/01v1d8,/m/04rlf",0,0,0,0,0,0,0,0
t_slDWe1w0M,70.0,80.0,/m/0c3f7m,0,0,0,0,0,0,0,1
F22yAKUY2Xc,30.0,40.0,"/m/04rlf,/m/04szw,/m/07y_7",0,0,0,0,0,0,0,0
XrkAD7Ws8xY,50.0,60.0,"/m/04rlf,/m/0ggx5q",0,0,0,0,0,0,0,0
Ex2ucfMwrmQ,90.0,100.0,"/m/04rlf,/m/07qnq_y,/m/09x0r,/m/0g6b5",0,0,0,1,0,0,0,0
RA9Wjb0ZOtk,20.0,30.0,"/m/03gvt,/m/04rlf,/m/04szw,/m/05r5c",0,0,0,0,0,0,0,0
PK6oyEHpR-4,220.0,230.0,/m/03qc9zr,1,0,0,0,0,0,0,0
4ESUGcbspSc,300.0,310.0,/m/032s66,0,0,0,0,1,0,0,0
jNfxDQ2jX0s,0.0,8.0,/m/04rlf,0,0,0,0,0,0,0,0
ODf6HspCt8k,470.0,480.0,"/m/039jq,/m/09x0r",0,0,0,0,0,1,0,0
bZZPr34mmGI,10.0,20.0,/m/07pp_mv,0,0,0,0,0,0,0,1
JQAHxD3NiV8,10.0,20.0,"/m/039jq,/m/09x0r",0,0,0,0,0,1,0,0
6V9P2w4sJSE,30.0,40.0,"/m/09x0r,/t/dd00003",0,0,0,0,0,0,0,0
0SchXNwH9P0,80.0,90.0,"/m/03kmc9,/m/0dgbq",0,0,0,0,0,0,1,0
6rWzZe3u_wg,30.0,40.0,/m/09x0r,0,0,0,0,0,0,0,0
CIDLvXz84L0,0.0,8.0,/m/03qc9zr,1,0,0,0,0,0,0,0
cBq6mI7aGyY,160.0,170.0,"/m/03qc9zr,/m/09x0r",1,0,0,0,0,0,0,0
lvmREonvUpc,580.0,590.0,/m/04rlf,0,0,0,0,0,0,0,0
nuXh9rGtJks,30.0,40.0,"/m/04rlf,/m/0l14md",0,0,0,0,0,0,0,0
ZlbfwIuR5uQ,10.0,20.0,"/m/039jq,/m/04rlf",0,0,0,0,0,1,0,0
zYw6Vkb1uuU,180.0,190.0,/m/0463cq4,0,0,1,0,0,0,0,0
YmsNoKDfWUE,120.0,130.0,"/m/01y3hg,/m/07pp_mv,/m/09x0r",0,0,0,0,0,0,0,1
4TIY5zdVugI,30.0,40.0,/m/04rlf,0,0,0,0,0,0,0,0
LkQKh0VGYtY,70.0,80.0,"/m/09x0r,/t/dd00125",0,0,0,0,0,0,0,0
jEuDlf-K6w8,80.0,90.0,"/m/04rlf,/m/07p6fty,/m/09x0r",0,1,0,0,0,0,0,0
oFq2o38n7bI,0.0,10.0,"/m/09x0r,/t/dd00125",0,0,0,0,0,0,0,0
bL1PLzvNCCo,140.0,150.0,"/m/04rlf,/m/05148p4",0,0,0,0,0,0,0,0
74UgFzo_HUk,320.0,330.0,/m/032s66,0,0,0,0,1,0,0,0
huMiII9S-f4,0.0,10.0,"/m/03qtwd,/t/dd00135",0,1,0,0,0,0,0,0
w87EDuT5vy8,210.0,220.0,"/m/04rlf,/m/07p6fty",0,1,0,0,0,0,0,0
i4k67QcNq-o,150.0,160.0,"/g/122z_qxw,/m/0g6b5",0,0,0,1,0,0,0,0
LV8e43K2zCI,0.0,10.0,/m/039jq,0,0,0,0,0,1,0,0
mW6ZxHyMX5w,230.0,240.0,"/m/04rlf,/t/dd00034",0,0,0,0,0,0,0,0
013tVBuTrkE,23.0,33.0,/m/01y3hg,0,0,0,0,0,0,0,1
XV6TJSY6bYM,10.0,20.0,/m/03qc9zr,1,0,0,0,0,0,0,0
WQm8LbikNSs,30.0,40.0,/m/09x0r,0,0,0,0,0,0,0,0
iMQ1K2V9x4k,110.0,120.0,"/m/09x0r,/m/0c3f7m",0,0,0,0,0,0,0,1
sCb2fXh8GXU,30.0,40.0,"/m/04rlf,/m/07pp_mv",0,0,0,0,0,0,0,1
W3hmHCYWBlU,10.0,20.0,"/m/02_41,/m/0g6b5",0,0,0,1,0,0,0,0
pAhCC_dTkyM,0.0,10.0,"/m/09x0r,/t/dd00002",0,0,1,0,0,0,0,0
NhS7-3EfGPQ,160.0,170.0,"/m/01m2v,/m/0316dw,/m/09x0r",0,0,0,0,0,0,0,0
nHHH590VRyY,10.0,20.0,/m/032s66,0,0,0,0,1,0,0,0
UKQJAmbNBTI,480.0,490.0,"/m/09x0r,/t/dd00126",0,0,0,0,0,0,0,0
0g6pwbvWJ-E,140.0,150.0,"/m/03lty,/m/04rlf,/m/06by7,/m/07p6fty",0,1,0,0,0,0,0,0
AmBiJNawejI,30.0,40.0,"/m/015p6,/m/09x0r,/m/0h0rv,/t/dd00129",0,0,0,0,0,0,0,0
xjGWXP0VQS0,80.0,90.0,"/m/07pp_mv,/m/09x0r",0,0,0,0,0,0,0,1
RfLOrROPIMg,0.0,10.0,"/m/028v0c,/m/04rlf,/t/dd00129",0,0,0,0,0,0,0,0
xvsx8TDb8zE,80.0,90.0,/m/032s66,0,0,0,0,1,0,0,0
xNEe8HNowYY,20.0,30.0,"/m/03qc9zr,/m/09x0r",1,0,0,0,0,0,0,0
kwO_Lhcj-m8,280.0,290.0,"/m/04rlf,/m/07p6fty",0,1,0,0,0,0,0,0
6H3MUryE568,30.0,40.0,"/m/03qc9zr,/m/04rlf,/m/09x0r",1,0,0,0,0,0,0,0
v8jaOvddUas,80.0,90.0,"/m/09x0r,/t/dd00125",0,0,0,0,0,0,0,0
XiAYv1Q5CmI,20.0,30.0,"/m/014zdl,/m/04rlf,/m/07qsvvw,/m/09x0r",0,0,0,1,0,0,0,0
1c8T2DBbmDU,30.0,40.0,"/m/04rlf,/m/09x0r",0,0,0,0,0,0,0,0
_6F5bJVyCsY,70.0,80.0,/m/09x0r,0,0,0,0,0,0,0,0
1VfSVvblPoU,30.0,40.0,"/m/04rlf,/m/09x0r",0,0,0,0,0,0,0,0
SufzWVHK694,30.0,40.0,"/m/04rlf,/m/07r660_",0,0,0,0,0,0,0,0
VAwdceQLaSA,50.0,60.0,"/m/04rlf,/m/07p6fty,/m/07sr1lc",0,1,0,0,0,0,0,0
wBxdxy9nTkg,20.0,30.0,"/m/012n7d,/m/02mfyn,/m/03j1ly,/m/03kmc9,/m/04qvtq",0,0,0,0,0,0,1,1
cH9n1WZLmZM,190.0,200.0,"/m/015lz1,/m/04rlf,/m/07p6fty,/m/0l14jd,/t/dd00126",0,1,0,0,0,0,0,0
lja-QDfRRcc,30.0,40.0,/m/04rlf,0,0,0,0,0,0,0,0
We_UOwmiLTQ,0.0,10.0,/m/039jq,0,0,0,0,0,1,0,0
uXAWF_owbKo,0.0,10.0,"/m/03qtwd,/m/053hz1,/t/dd00135",0,1,0,0,0,0,0,0
Vv12ue-R-HE,25.0,35.0,"/m/03kmc9,/m/09x0r",0,0,0,0,0,0,1,0
1AwsIZGX48U,30.0,40.0,/m/04rlf,0,0,0,0,0,0,0,0
pVeQ3ZQOQ2A,10.0,20.0,"/m/012ndj,/m/03j1ly,/m/07yv9",0,0,0,0,0,0,1,0
kyR89Lp7vSc,220.0,230.0,"/m/012n7d,/m/03j1ly,/m/03kmc9,/m/04qvtq",0,0,0,0,0,0,1,0
E6_lX8usp1Q,100.0,110.0,"/m/04rlf,/m/07p6fty",0,1,0,0,0,0,0,0
viB7-87WT2U,160.0,170.0,/m/0g6b5,0,0,0,1,0,0,0,0
49xSNN5s9BM,180.0,190.0,"/m/09x0r,/m/0c3f7m",0,0,0,0,0,0,0,1
3PGk_NqInRs,0.0,5.0,/m/03qc9zr,1,0,0,0,0,0,0,0
7XNPMJV06Dw,0.0,10.0,/m/03qc9zr,1,0,0,0,0,0,0,0
CBVbQ1yCG8o,220.0,230.0,"/m/04rlf,/m/05r6t,/m/06by7,/m/07p6fty",0,1,0,0,0,0,0,0
EyblM9PNy_c,70.0,80.0,"/m/09x0r,/t/dd00129",0,0,0,0,0,0,0,0
AJ_mGBOoBaE,13.0,23.0,"/m/039jq,/m/07yv9,/m/09x0r",0,0,0,0,0,1,0,0
2d7nmoSPyRA,10.0,20.0,/m/032s66,0,0,0,0,1,0,0,0
f4opnTS-8cM,3.0,13.0,"/m/09x0r,/m/0g6b5,/t/dd00128",0,0,0,1,0,0,0,0
4V3TFiHFqDc,120.0,130.0,"/m/0463cq4,/m/07r660_,/m/09x0r,/t/dd00002,/t/dd00125",0,0,1,0,0,0,0,0
QCdTxRi-FQk,9.0,19.0,"/m/012n7d,/m/03j1ly,/m/03kmc9",0,0,0,0,0,0,1,0
YimViZvrGFc,30.0,40.0,/m/09x0r,0,0,0,0,0,0,0,0
k4XNyPVMWmY,30.0,40.0,/m/09x0r,0,0,0,0,0,0,0,0
p_mIooOCNmU,80.0,90.0,"/m/07rkbfh,/m/09x0r,/m/0g6b5",0,0,0,1,0,0,0,0
1DHcsuOeMgE,70.0,80.0,"/m/03qc9zr,/m/09x0r",1,0,0,0,0,0,0,0
58TZGR3k9Dc,510.0,520.0,"/m/032s66,/m/04zjc",0,0,0,0,1,0,0,0
TZPvM_twOqw,30.0,40.0,/m/014zdl,0,0,0,1,0,0,0,0
GVrspqytLM0,100.0,110.0,"/m/012ndj,/m/03j1ly,/m/03kmc9",0,0,0,0,0,0,1,0
YTRts8VNYKc,30.0,40.0,/t/dd00002,0,0,1,0,0,0,0,0
3cgTmBhiJLg,160.0,170.0,"/m/015lz1,/m/03qtwd,/m/04rlf,/m/06by7,/m/07p6fty",0,1,0,0,0,0,0,0
X_RAZHrw4iU,10.0,20.0,"/m/04rlf,/m/09x0r",0,0,0,0,0,0,0,0
RjQeUpz_nMk,350.0,360.0,"/m/032s66,/m/09x0r",0,0,0,0,1,0,0,0
6vvM8_RUyMc,10.0,20.0,/m/039jq,0,0,0,0,0,1,0,0
Equy84gh9o8,20.0,30.0,/m/0g6b5,0,0,0,1,0,0,0,0
tkjri7ji2ZM,20.0,30.0,"/m/04rlf,/m/068hy,/m/0jbk",0,0,0,0,0,0,0,0
FfB6S32t7QQ,120.0,130.0,"/m/04rlf,/m/06_fw",0,0,0,0,0,0,0,0
_fPyNEp9KMY,30.0,40.0,"/m/0342h,/m/04rlf,/m/04rzd,/m/04szw,/m/0fx80y",0,0,0,0,0,0,0,0
0macH9rhrvw,30.0,40.0,/m/03kmc9,0,0,0,0,0,0,1,0
GYyis5uyMxk,30.0,40.0,/m/03kmc9,0,0,0,0,0,0,1,0
HVvbva5XxHk,10.0,20.0,/m/09x0r,0,0,0,0,0,0,0,0
VNQmUR801O4,20.0,30.0,"/m/03qtwd,/m/053hz1,/t/dd00135",0,1,0,0,0,0,0,0
7NHSuHBhLWw,80.0,90.0,"/m/07p6fty,/m/09x0r",0,1,0,0,0,0,0,0
uVuBIB6gHa4,260.0,270.0,/m/032s66,0,0,0,0,1,0,0,0
D17tiwzq_X0,30.0,40.0,"/m/09x0r,/m/0ytgt",0,0,0,0,0,0,0,0
F2uEhp2FXnU,0.0,10.0,"/m/04rlf,/m/07p6fty",0,1,0,0,0,0,0,0
uLAv5TD1WQM,30.0,40.0,/m/03kmc9,0,0,0,0,0,0,1,0
MrCCScXdd6M,90.0,100.0,"/m/032s66,/m/04zjc",0,0,0,0,1,0,0,0
UzE4ilJ0Tj0,30.0,40.0,"/m/04rlf,/m/07qz6j3,/m/09x0r,/t/dd00002",0,0,1,0,0,0,0,0
RgSCP3DCyds,0.0,10.0,/m/07pp_mv,0,0,0,0,0,0,0,1
5t4vQjw30_A,80.0,90.0,"/m/03qc9zr,/m/04rlf,/m/07qnq_y",1,0,0,0,0,0,0,0
oAZyfKu7-nY,320.0,330.0,/m/032s66,0,0,0,0,1,0,0,0
r1sQS0_7YQM,30.0,40.0,"/m/03kmc9,/m/04qvtq,/m/07yv9",0,0,0,0,0,0,1,0
Ydntzg8oN1M,30.0,40.0,"/m/03lty,/m/04rlf,/m/05r6t,/m/07sbbz2,/m/0ggx5q",0,0,0,0,0,0,0,0
Sfly3pDGZJQ,30.0,40.0,"/m/032s66,/m/0_1c",0,0,0,0,1,0,0,0
xbSNJZo4-TI,30.0,40.0,/m/04rlf,0,0,0,0,0,0,0,0
GYTMBRhtj10,60.0,70.0,"/m/03qc9zr,/m/0ytgt",1,0,0,0,0,0,0,0
pUaJQXrt2tg,0.0,10.0,"/m/015lz1,/m/04rlf,/m/07p6fty,/m/09x0r,/t/dd00126",0,1,0,0,0,0,0,0
0QzC8ORgZlM,30.0,40.0,/t/dd00002,0,0,1,0,0,0,0,0
NtQxJ9Bsz6I,40.0,50.0,"/m/012ndj,/m/03j1ly,/m/03kmc9",0,0,0,0,0,0,1,0
fqBWAEgkm0c,0.0,10.0,"/m/03qc9zr,/m/09x0r",1,0,0,0,0,0,0,0
VCqyez_cbh0,60.0,70.0,"/m/032s66,/m/04zjc",0,0,0,0,1,0,0,0
KmILmsDpwgA,30.0,40.0,"/m/032s66,/m/0_1c",0,0,0,0,1,0,0,0
yhbRtqBOAEo,30.0,40.0,"/m/03qtwd,/t/dd00135",0,1,0,0,0,0,0,0
6OHhHx4iiXA,50.0,60.0,"/m/04rlf,/m/07p6fty,/m/09x0r",0,1,0,0,0,0,0,0
PJqUD1NBIUU,30.0,40.0,"/m/032s66,/m/04zjc",0,0,0,0,1,0,0,0
eKZlDKct6U0,310.0,320.0,/m/02mfyn,0,0,0,0,0,0,0,1
s0irKAYCfOE,30.0,40.0,"/m/012ndj,/m/03j1ly,/m/07r04,/m/07yv9,/m/09x0r,/t/dd00066",0,0,0,0,0,0,1,0
0_W3_ySSI5Q,570.0,580.0,/m/032s66,0,0,0,0,1,0,0,0
z4RSECfRaGk,190.0,200.0,"/m/01v1d8,/m/02lkt,/m/04rlf,/m/07s72n",0,0,0,0,0,0,0,0
5vzLLPGnSLw,120.0,130.0,/m/0g6b5,0,0,0,1,0,0,0,0
5kMb0bejibU,120.0,130.0,"/m/04rlf,/m/07p6fty,/t/dd00126,/t/dd00127",0,1,0,0,0,0,0,0
qI6jZ8muDtU,30.0,40.0,/m/04rlf,0,0,0,0,0,0,0,0
qCmbpDeq0Kg,90.0,100.0,/m/032s66,0,0,0,0,1,0,0,0
nKobldiSmZE,30.0,40.0,"/m/015p6,/m/07r_25d,/m/09x0r",0,0,0,0,0,0,0,0
dc02mhh-1Zk,140.0,150.0,"/m/03qc9zr,/m/09x0r",1,0,0,0,0,0,0,0
EJCoSVjb2G4,220.0,230.0,"/m/012n7d,/m/03j1ly,/m/03kmc9,/m/04qvtq",0,0,0,0,0,0,1,0
kndhbf2JwlQ,130.0,140.0,"/m/02lkt,/m/04rlf,/m/07s72n",0,0,0,0,0,0,0,0
ndpJ7yBgh-c,80.0,90.0,"/m/07pp_mv,/m/09x0r",0,0,0,0,0,0,0,1
ur6eNNX9x5w,30.0,40.0,"/g/122z_qxw,/m/09x0r,/m/0g6b5",0,0,0,1,0,0,0,0
2X6-t5MCwfk,110.0,120.0,"/m/03qtwd,/m/053hz1,/t/dd00135",0,1,0,0,0,0,0,0
wMx2_Svt0I8,120.0,130.0,"/m/0140xf,/m/015lz1,/m/016cjb,/m/04rlf,/m/0l14jd,/m/0y4f8",0,0,0,0,0,0,0,0
HSdDxuZaaVw,200.0,210.0,/m/032s66,0,0,0,0,1,0,0,0
U7-TrgdmQCk,40.0,50.0,/m/032s66,0,0,0,0,1,0,0,0
SpRoMZNeJEc,30.0,40.0,/m/04rlf,0,0,0,0,0,0,0,0
5fKWiCTFZgk,30.0,40.0,"/m/09x0r,/t/dd00002",0,0,1,0,0,0,0,0
lUXp8RLkv_8,10.0,20.0,"/m/03qc9zr,/m/09x0r",1,0,0,0,0,0,0,0
Z_RF6ppPVKM,20.0,30.0,"/m/09x0r,/m/0c3f7m",0,0,0,0,0,0,0,1
aWO5sAyBHEc,130.0,140.0,"/m/015lz1,/m/04rlf,/m/07p6fty,/m/09x0r",0,1,0,0,0,0,0,0
Jj-KDPj3A70,320.0,330.0,"/m/04rlf,/m/07p6fty",0,1,0,0,0,0,0,0
3uaFu4euuXU,0.0,10.0,"/m/03qc9zr,/m/09x0r",1,0,0,0,0,0,0,0
PTZXU780Egk,30.0,40.0,/m/03qc9zr,1,0,0,0,0,0,0,0
Su6mJi4Osg0,30.0,40.0,"/m/09x0r,/t/dd00002",0,0,1,0,0,0,0,0
zauN9IWqmRc,0.0,10.0,"/m/07pp_mv,/m/09x0r",0,0,0,0,0,0,0,1
plwqQqjwPyo,0.0,8.0,"/m/032s66,/m/04zjc",0,0,0,0,1,0,0,0
J7_MzDf5YY8,30.0,40.0,/m/09x0r,0,0,0,0,0,0,0,0
lGjOp511-sI,80.0,90.0,"/m/07pp_mv,/m/0c3f7m",0,0,0,0,0,0,0,1
fcXQxpxh0MI,250.0,260.0,"/m/032s66,/m/073cg4",0,0,0,0,1,0,0,0
e5Ob4coB6CU,70.0,80.0,"/m/028sqc,/m/04rlf",0,0,0,0,0,0,0,0
ZdS71GVTAOo,120.0,130.0,"/m/02lkt,/m/03qc9zr,/m/04rlf,/m/07s72n,/m/09x0r",1,0,0,0,0,0,0,0
a7tfktyuApA,40.0,50.0,/m/03qc9zr,1,0,0,0,0,0,0,0
1lDoA9-Esq0,30.0,40.0,/m/09x0r,0,0,0,0,0,0,0,0
-ZIWZp6BFfs,0.0,10.0,/m/014zdl,0,0,0,1,0,0,0,0
tXb2JNzkHlk,0.0,10.0,/m/012n7d,0,0,0,0,0,0,1,0
DAfiqmAqZG4,30.0,40.0,"/m/03qc9zr,/m/09x0r",1,0,0,0,0,0,0,0
twxFfGVCyzU,20.0,30.0,"/m/02z32qm,/m/032s66",0,0,0,0,1,0,0,0
gMYKQSg8VAc,570.0,580.0,"/m/032s66,/m/04zjc,/m/09x0r",0,0,0,0,1,0,0,0
nYiJgBJHEgE,0.0,10.0,"/m/012ndj,/m/03j1ly,/m/07r04,/m/07yv9,/m/09x0r",0,0,0,0,0,0,1,0
AKEbrR1PsII,100.0,110.0,"/m/012f08,/m/012ndj,/m/03j1ly,/m/07qv_d5,/m/07r04,/m/07yv9",0,0,0,0,0,0,1,0
8cNAJC_ZKuQ,40.0,50.0,"/m/04qvtq,/m/07yv9,/m/0k4j",0,0,0,0,0,0,1,0
wB3JwY9Vmd0,10.0,20.0,/m/04rlf,0,0,0,0,0,0,0,0
gVfFKmGOcmQ,90.0,100.0,"/m/03qc9zr,/m/09x0r",1,0,0,0,0,0,0,0
ij0FVX-7z5k,30.0,40.0,/m/0g6b5,0,0,0,1,0,0,0,0
BHXNopcM7kM,0.0,10.0,"/m/032s66,/m/073cg4",0,0,0,0,1,0,0,0
d888-BHkAXI,60.0,70.0,"/m/014zdl,/m/09x0r,/m/0g6b5",0,0,0,1,0,0,0,0
tIbCQaV0kMs,0.0,10.0,/m/0463cq4,0,0,1,0,0,0,0,0
DmDsORMoBFI,0.0,10.0,"/m/03qc9zr,/m/09x0r",1,0,0,0,0,0,0,0
3Hq6r_WsRQA,12.0,22.0,"/m/032s66,/m/04zjc,/m/0_1c",0,0,0,0,1,0,0,0
qd9L4gluLB0,120.0,130.0,"/m/07yv9,/m/09x0r,/m/0k4j",0,0,0,0,0,0,0,0
hWWtFhsXbuk,150.0,160.0,"/m/09x0r,/t/dd00126",0,0,0,0,0,0,0,0
GCODit2VQHo,50.0,60.0,"/m/039jq,/m/04rlf",0,0,0,0,0,1,0,0
M7KWyiKD_Bk,80.0,90.0,/m/039jq,0,0,0,0,0,1,0,0
5T6T7ATZAe8,100.0,110.0,"/m/01j3sz,/m/07p6fty,/m/09x0r",0,1,0,0,0,0,0,0
i0NC4J5Pnds,60.0,70.0,/m/032s66,0,0,0,0,1,0,0,0
UoS025VyLpU,80.0,90.0,"/m/03qc9zr,/m/04rlf,/m/09x0r,/t/dd00125",1,0,0,0,0,0,0,0
l-rA9a34Mq4,310.0,320.0,/m/0g6b5,0,0,0,1,0,0,0,0
2NkH-T_75ew,30.0,40.0,"/m/09x0r,/m/0ytgt,/t/dd00125",0,0,0,0,0,0,0,0
LCDLpcTIMRI,80.0,90.0,"/m/07p6fty,/m/09x0r",0,1,0,0,0,0,0,0
6flPmESXNqQ,0.0,10.0,"/m/09x0r,/m/0c3f7m",0,0,0,0,0,0,0,1
7dpa8wQaA1Q,30.0,40.0,/m/04rlf,0,0,0,0,0,0,0,0
AQKs9eBoA_w,60.0,70.0,"/m/0463cq4,/m/09x0r",0,0,1,0,0,0,0,0
4T21z1U4xi0,250.0,260.0,/m/032s66,0,0,0,0,1,0,0,0
6q2i7yB1BbM,130.0,140.0,"/m/032s66,/m/04zjc",0,0,0,0,1,0,0,0
yKLqCni6c20,60.0,70.0,"/m/0342h,/m/04rlf,/m/04szw,/m/07p6fty,/m/07qfr4h",0,1,0,0,0,0,0,0
wIpuI20bI04,90.0,100.0,"/m/03qtwd,/m/053hz1,/t/dd00135",0,1,0,0,0,0,0,0
qaEjwJSeaiU,40.0,50.0,"/m/039jq,/m/09x0r",0,0,0,0,0,1,0,0
XKax7v_500Q,3.0,13.0,"/m/014zdl,/m/04rlf,/m/07qsvvw,/m/09x0r",0,0,0,1,0,0,0,0
MU0q2ev4b0o,180.0,190.0,"/m/02z32qm,/m/032s66,/m/09x0r",0,0,0,0,1,0,0,0
Tv1KDxVOIHQ,30.0,40.0,"/m/03qtwd,/m/053hz1,/t/dd00135",0,1,0,0,0,0,0,0
Vo7Fsrt99Mw,30.0,40.0,/m/04rlf,0,0,0,0,0,0,0,0
kxjXjqeiPpg,20.0,30.0,"/m/03qc9zr,/m/07qz6j3,/m/07s04w4,/m/09x0r",1,0,0,0,0,0,0,0
gzIH7lLfkxc,40.0,50.0,"/m/015vgc,/m/04rlf",0,0,0,0,0,0,0,0
JF3ZIS7eyVY,450.0,460.0,"/m/0463cq4,/m/09x0r,/t/dd00126,/t/dd00128",0,0,1,0,0,0,0,0
CrrLBOwh9Zs,120.0,130.0,/m/032s66,0,0,0,0,1,0,0,0
Zh9FFw7mH3o,230.0,240.0,"/m/03qtwd,/m/04rlf,/m/07p6fty",0,1,0,0,0,0,0,0
_2KRnyRFSAk,24.0,34.0,"/m/09x0r,/t/dd00002",0,0,1,0,0,0,0,0
D2qtvGz7cn4,200.0,210.0,/m/09x0r,0,0,0,0,0,0,0,0
tdXNcb9YEP8,13.0,23.0,"/m/032s66,/m/04zjc",0,0,0,0,1,0,0,0
uFd8iun6L5A,10.0,20.0,"/m/07pp_mv,/m/0c3f7m",0,0,0,0,0,0,0,1
72ktdYmjdSc,30.0,40.0,/m/04rlf,0,0,0,0,0,0,0,0
Kx1_T8uDAYU,100.0,110.0,/m/04rlf,0,0,0,0,0,0,0,0
nRxJNXk4Okg,4.0,14.0,"/m/03kmc9,/m/04qvtq",0,0,0,0,0,0,1,0
ShK1-OLPJqA,50.0,60.0,/m/03qc9zr,1,0,0,0,0,0,0,0
6S4pFHXC0nU,20.0,30.0,/m/0463cq4,0,0,1,0,0,0,0,0
Q83QME5HzUI,19.0,29.0,"/m/04rlf,/m/09x0r,/t/dd00002",0,0,1,0,0,0,0,0
-uY1-VYPSp8,30.0,40.0,/m/09x0r,0,0,0,0,0,0,0,0
_B_esnqL8-w,0.0,8.0,/m/032s66,0,0,0,0,1,0,0,0
H4_zkgZAJ1E,30.0,40.0,"/m/04rlf,/m/09x0r",0,0,0,0,0,0,0,0
xQRoLr5hnlY,20.0,30.0,"/m/01y3hg,/m/09x0r",0,0,0,0,0,0,0,1
qvDMHFXSIuc,20.0,30.0,"/m/032s66,/m/073cg4",0,0,0,0,1,0,0,0
e8-EdR0UsYI,160.0,170.0,"/m/04rlf,/m/06by7,/m/07p6fty,/t/dd00126",0,1,0,0,0,0,0,0
YU8TNd1di7o,40.0,50.0,"/m/04rlf,/m/07sbbz2,/m/09x0r",0,0,0,0,0,0,0,0
kqTuDYnI3Y8,0.0,10.0,"/m/03qtwd,/m/053hz1,/t/dd00135",0,1,0,0,0,0,0,0
38YM5ezV_Eo,20.0,30.0,"/m/039jq,/m/09x0r",0,0,0,0,0,1,0,0
C-40BeEpKOE,0.0,7.0,"/m/03j1ly,/m/03kmc9",0,0,0,0,0,0,1,0
PnopletBv4U,570.0,580.0,"/m/03j1ly,/m/03kmc9,/m/04qvtq",0,0,0,0,0,0,1,0
Ul6at0ZveUY,330.0,340.0,"/m/039jq,/m/09x0r,/t/dd00125",0,0,0,0,0,1,0,0
0nckU7UhK_Y,3.0,13.0,"/m/03qtwd,/t/dd00135",0,1,0,0,0,0,0,0
dPGjN4mG95o,16.0,26.0,"/m/09x0r,/t/dd00002",0,0,1,0,0,0,0,0
0nmTSMLTa3w,180.0,190.0,"/m/04rlf,/m/06cqb,/m/07p6fty",0,1,0,0,0,0,0,0
ieb4IK9cclU,30.0,40.0,/m/039jq,0,0,0,0,0,1,0,0
LbtIAbobRIU,30.0,40.0,"/m/014zdl,/m/07qsvvw,/m/09x0r",0,0,0,1,0,0,0,0
hpTJ8V_---Y,160.0,170.0,/m/039jq,0,0,0,0,0,1,0,0
b4RxpJKJo9Y,30.0,40.0,"/m/04rlf,/m/09x0r,/t/dd00134",0,0,0,0,0,0,0,0
pqkIlrKOdJ8,220.0,230.0,"/m/03qc9zr,/m/09x0r",1,0,0,0,0,0,0,0
2t3GNtr5TLg,10.0,20.0,/m/03qc9zr,1,0,0,0,0,0,0,0
FUYKdz0eCRA,20.0,30.0,"/m/09x0r,/t/dd00002",0,0,1,0,0,0,0,0
b3TDPGa9P4Y,30.0,40.0,/m/09x0r,0,0,0,0,0,0,0,0
1aOByD5sNIA,30.0,40.0,/m/09x0r,0,0,0,0,0,0,0,0
VrrKwJGBV_c,20.0,30.0,"/m/03qc9zr,/m/09x0r",1,0,0,0,0,0,0,0
69k_Nljn7Ks,30.0,40.0,"/m/030rvx,/m/0c3f7m,/t/dd00125",0,0,0,0,0,0,0,1
9fYtHeRvmbE,20.0,30.0,"/m/07pp_mv,/m/09x0r",0,0,0,0,0,0,0,1
5ojjStg0WcE,0.0,10.0,/m/09x0r,0,0,0,0,0,0,0,0
NH08Sm5tDQI,40.0,50.0,"/m/09x0r,/m/0g6b5,/t/dd00129",0,0,0,1,0,0,0,0
yc493jnFhD8,80.0,90.0,"/m/01j3sz,/m/03qc9zr,/m/09x0r,/t/dd00125",1,0,0,0,0,0,0,0
J68iQ_rpN8I,30.0,40.0,"/m/09x0r,/t/dd00129",0,0,0,0,0,0,0,0
DHRjvyK0Ioo,30.0,40.0,"/m/014zdl,/m/07qsvvw",0,0,0,1,0,0,0,0
II6dirgD-nQ,10.0,20.0,"/m/0463cq4,/m/09x0r",0,0,1,0,0,0,0,0
bI0ZqQ_7SVA,30.0,40.0,/m/032s66,0,0,0,0,1,0,0,0
2G4_eviie4w,30.0,40.0,"/m/03qc9zr,/m/03qtwd,/m/04rlf,/m/0c1dj",1,0,0,0,0,0,0,0
67DFTWzhwvY,30.0,40.0,"/m/09x0r,/t/dd00002",0,0,1,0,0,0,0,0
ZgSMCcmzi5o,420.0,430.0,"/m/04rlf,/m/0jtg0",0,0,0,0,0,0,0,0
YEIR-hmqFWU,20.0,30.0,"/m/039jq,/m/09x0r",0,0,0,0,0,1,0,0
mKA5rVOCHC8,50.0,60.0,"/m/039jq,/m/04rlf",0,0,0,0,0,1,0,0
KfXz76n4Q7k,510.0,520.0,"/m/032s66,/m/073cg4",0,0,0,0,1,0,0,0
bA1FHGmD-lU,12.0,22.0,/m/09x0r,0,0,0,0,0,0,0,0
9XW2FpraZko,370.0,380.0,/m/09x0r,0,0,0,0,0,0,0,0
JUoXv2kep_0,300.0,310.0,"/m/04rlf,/m/07p6fty",0,1,0,0,0,0,0,0
XN0EIapxZRQ,440.0,450.0,/m/09x0r,0,0,0,0,0,0,0,0
2p_O5Tq1XfQ,30.0,40.0,"/m/03qc9zr,/m/03qtwd,/m/09x0r",1,0,0,0,0,0,0,0
RiL4IvgFN6Q,30.0,40.0,"/m/03kmc9,/m/0dgbq",0,0,0,0,0,0,1,0
wvEc3ZSku2c,380.0,390.0,"/m/04rlf,/m/09x0r,/m/0g6b5",0,0,0,1,0,0,0,0
6--kTFOFGx8,30.0,40.0,/m/04rlf,0,0,0,0,0,0,0,0
dgDNEEzUlq4,0.0,10.0,"/m/07pp_mv,/m/09x0r,/m/0c3f7m",0,0,0,0,0,0,0,1
DoHO1cQM0TU,30.0,40.0,"/m/03kmc9,/m/0dgbq",0,0,0,0,0,0,1,0
G9M3de5mISY,0.0,10.0,"/m/032s66,/m/04zjc",0,0,0,0,1,0,0,0
yYWcCjYmCF0,90.0,100.0,"/m/032s66,/m/09x0r",0,0,0,0,1,0,0,0
9LkmwSItZlk,0.0,10.0,"/m/0463cq4,/t/dd00002",0,0,1,0,0,0,0,0
rAQA2MdzDYY,30.0,40.0,/m/09x0r,0,0,0,0,0,0,0,0
SK3fsgG8FbM,50.0,60.0,"/m/014zdl,/m/07qqyl4",0,0,0,1,0,0,0,0
9Z63ufN6Y5g,50.0,60.0,"/m/07pp_mv,/m/09x0r",0,0,0,0,0,0,0,1
B7hmPDj_oU8,10.0,20.0,"/m/03qc9zr,/m/09x0r",1,0,0,0,0,0,0,0
Ai0dYPkE2bQ,30.0,40.0,/m/04rlf,0,0,0,0,0,0,0,0
8_o3kls-iL8,30.0,40.0,"/m/012f08,/m/04qvtq,/m/07yv9",0,0,0,0,0,0,1,0
rSBsGiOuj4Y,30.0,40.0,"/m/03j1ly,/m/03kmc9",0,0,0,0,0,0,1,0
Q3IscgMGI-Q,40.0,50.0,/m/03qc9zr,1,0,0,0,0,0,0,0
HdmHVI92jeE,140.0,150.0,"/m/04rlf,/m/07p6fty,/m/09x0r,/t/dd00126",0,1,0,0,0,0,0,0
bzQVlcQuDyw,470.0,480.0,"/m/03qtwd,/m/053hz1,/t/dd00135",0,1,0,0,0,0,0,0
Rq6dML0xavA,30.0,40.0,/m/01y3hg,0,0,0,0,0,0,0,1
6zVdR_l4I-M,430.0,440.0,"/m/03lty,/m/04rlf,/m/06by7,/m/07p6fty",0,1,0,0,0,0,0,0
j7Zn8WU7LUI,40.0,50.0,"/m/012ndj,/m/03j1ly,/m/03kmc9",0,0,0,0,0,0,1,0
D9HfS1RSBoQ,30.0,40.0,"/m/014zdl,/m/09x0r",0,0,0,1,0,0,0,0
J_Dw_PAPhF8,100.0,110.0,"/m/032s66,/m/04zjc",0,0,0,0,1,0,0,0
fMsw4BAgsoY,22.0,32.0,"/m/014zdl,/m/04rlf,/m/09x0r",0,0,0,1,0,0,0,0
5UEANjv4EaQ,3.0,13.0,"/m/012f08,/m/04qvtq,/m/07yv9,/m/0k4j",0,0,0,0,0,0,1,0
F2h5I7Le7c0,450.0,460.0,"/m/09x0r,/t/dd00125",0,0,0,0,0,0,0,0
JPbGtRD8ly0,15.0,25.0,/m/02mfyn,0,0,0,0,0,0,0,1
V8-BKGyHAf0,0.0,3.0,/m/014zdl,0,0,0,1,0,0,0,0
lh8-ikAO73M,1.0,11.0,"/m/09x0r,/t/dd00002",0,0,1,0,0,0,0,0
nT2ijuhnl1I,50.0,60.0,"/m/03kmc9,/m/0dgbq",0,0,0,0,0,0,1,0
_0Oibyk-J3M,40.0,50.0,/m/03kmc9,0,0,0,0,0,0,1,0
_MjK-flGMf4,28.0,38.0,/m/04rlf,0,0,0,0,0,0,0,0
oAYx6QlSFgY,40.0,50.0,/m/039jq,0,0,0,0,0,1,0,0
0LWim2o7Afo,30.0,40.0,/t/dd00002,0,0,1,0,0,0,0,0
EyV_vA1HI58,0.0,10.0,/m/03qc9zr,1,0,0,0,0,0,0,0
LDxjSL1hGYg,30.0,40.0,"/m/03qc9zr,/m/09x0r",1,0,0,0,0,0,0,0
rjQN6_RfkAg,140.0,150.0,/m/039jq,0,0,0,0,0,1,0,0
EH7nYUC1_Do,30.0,40.0,"/m/04rlf,/m/09x0r",0,0,0,0,0,0,0,0
iWV8_WJKM4s,120.0,130.0,"/m/032s66,/m/04zjc",0,0,0,0,1,0,0,0
gQKkdaUx_Nw,170.0,180.0,"/m/015lz1,/m/04rlf,/m/07p6fty",0,1,0,0,0,0,0,0
TGLRVVyQ1WQ,0.0,8.0,/m/03qc9zr,1,0,0,0,0,0,0,0
muXzjyegiTU,17.0,27.0,/m/09x0r,0,0,0,0,0,0,0,0
b9Ea6VbpKrs,10.0,20.0,/m/0c3f7m,0,0,0,0,0,0,0,1
Cw_HkrJQkkE,30.0,40.0,"/m/0_1c,/m/0g6b5",0,0,0,1,0,0,0,0
tm89_gnatvQ,210.0,220.0,"/m/04rlf,/m/07p6fty",0,1,0,0,0,0,0,0
oC2DI_KF4UU,430.0,440.0,/m/032s66,0,0,0,0,1,0,0,0
WM68n2vCHiE,340.0,350.0,"/m/03qc9zr,/m/09x0r",1,0,0,0,0,0,0,0
cArCEH3bjxs,1.0,11.0,/t/dd00002,0,0,1,0,0,0,0,0
u3T8IE5yySE,21.0,31.0,"/m/04rlf,/m/09x0r",0,0,0,0,0,0,0,0
eW7-uZ18HQA,300.0,310.0,/m/03qc9zr,1,0,0,0,0,0,0,0
CGpcgkjJrTs,60.0,70.0,"/m/03qc9zr,/m/04rlf,/m/09x0r",1,0,0,0,0,0,0,0
UZW95btNj7U,30.0,40.0,/m/04rlf,0,0,0,0,0,0,0,0
Xych379or2s,12.0,22.0,"/m/09x0r,/t/dd00002",0,0,1,0,0,0,0,0
eKiu_mDvJDk,50.0,60.0,"/m/018vs,/m/04rlf",0,0,0,0,0,0,0,0
JIPAyQ07NjM,0.0,10.0,/m/03qc9zr,1,0,0,0,0,0,0,0
waxdC8yPzKs,30.0,40.0,/m/09x0r,0,0,0,0,0,0,0,0
Ma65O2T_hN0,10.0,20.0,"/m/032s66,/m/09x0r",0,0,0,0,1,0,0,0
TYwEKxzbo2w,160.0,170.0,"/m/03qtwd,/t/dd00135",0,1,0,0,0,0,0,0
m9R4WkwCH2s,30.0,40.0,"/m/04rlf,/m/09x0r",0,0,0,0,0,0,0,0
HGcwJ6iQxqY,30.0,40.0,/m/09x0r,0,0,0,0,0,0,0,0
2jkHqJ9Vc1g,30.0,40.0,/m/04rlf,0,0,0,0,0,0,0,0
uOqJhtqy7h8,300.0,310.0,"/m/04rlf,/m/05pd6,/m/07p6fty,/m/09x0r",0,1,0,0,0,0,0,0
pwsJKDED2o4,30.0,40.0,"/m/03j1ly,/m/03kmc9",0,0,0,0,0,0,1,0
jyF4KFCMzZ8,310.0,320.0,/m/09x0r,0,0,0,0,0,0,0,0
88SopTWiKLg,0.0,3.0,"/m/03qc9zr,/m/09x0r",1,0,0,0,0,0,0,0
Vu1ljyGn_xs,360.0,370.0,/m/03qc9zr,1,0,0,0,0,0,0,0
nhp63EY_HE4,130.0,140.0,"/m/01qbl,/m/026t6,/m/02hnl,/m/03qtq,/m/04rlf,/m/04szw,/m/06rvn,/m/0bm02",0,0,0,0,0,0,0,0
6lgKKoGpGg8,30.0,40.0,"/m/04rlf,/m/09x0r",0,0,0,0,0,0,0,0
tMUjpTAk9YI,30.0,40.0,/m/09x0r,0,0,0,0,0,0,0,0
v0OSwwIDR3g,30.0,40.0,"/m/012n7d,/m/03kmc9,/m/07yv9",0,0,0,0,0,0,1,0
Qi7Mn74B8UM,30.0,40.0,/m/09x0r,0,0,0,0,0,0,0,0
9aWQSvm0HL0,30.0,40.0,"/m/04rlf,/m/09x0r,/t/dd00038",0,0,0,0,0,0,0,0
ORteK4C1N84,400.0,410.0,/m/0g6b5,0,0,0,1,0,0,0,0
HWQoxySBNWk,0.0,10.0,"/m/07pp_mv,/m/09x0r,/m/0c3f7m,/t/dd00126",0,0,0,0,0,0,0,1
Jc57snCLugw,140.0,150.0,"/m/012n7d,/m/02mfyn,/m/03j1ly,/m/03kmc9",0,0,0,0,0,0,1,1
MBVOk4ikByc,90.0,100.0,"/m/09x0r,/m/0c3f7m",0,0,0,0,0,0,0,1
gDdegTUpmkQ,210.0,220.0,/m/03qc9zr,1,0,0,0,0,0,0,0
F1fP1Tumkn8,430.0,440.0,/m/09x0r,0,0,0,0,0,0,0,0
TYrjkVC0q1Q,30.0,40.0,"/m/04rlf,/m/09x0r,/t/dd00002",0,0,1,0,0,0,0,0
OlI2fmSWG8Y,130.0,140.0,"/m/09x0r,/m/0c3f7m",0,0,0,0,0,0,0,1
rA7vDV0m7Aw,230.0,240.0,"/m/02w4v,/m/04rlf",0,0,0,0,0,0,0,0
WSt9K6Yra2k,80.0,90.0,"/m/09x0r,/t/dd00125",0,0,0,0,0,0,0,0
TJNvUheaOLA,3.0,13.0,/m/04rlf,0,0,0,0,0,0,0,0
iX9V0HPhV_8,570.0,580.0,/m/039jq,0,0,0,0,0,1,0,0
IQbcVI3qCgI,30.0,40.0,/m/09x0r,0,0,0,0,0,0,0,0
eSS7_BAoKl8,190.0,200.0,/m/032s66,0,0,0,0,1,0,0,0
n3E-Ck1D4wU,0.0,10.0,"/m/0642b4,/m/09x0r,/m/0fqfqc",0,0,0,0,0,0,0,0
3alTPmBN0bk,70.0,80.0,"/m/01qbl,/m/026t6,/m/02hnl,/m/03qtq,/m/04rlf,/m/04szw,/m/06rvn,/m/0l14md",0,0,0,0,0,0,0,0
e09aX0E6uUY,140.0,150.0,"/m/015lz1,/m/04rlf,/m/07p6fty,/t/dd00126",0,1,0,0,0,0,0,0
2dQzoS6Usew,11.0,21.0,/m/0g6b5,0,0,0,1,0,0,0,0
LoYpA6JSngY,460.0,470.0,"/m/09x0r,/m/0c3f7m",0,0,0,0,0,0,0,1
UCZrA8xGbIc,30.0,40.0,/m/03kmc9,0,0,0,0,0,0,1,0
2dOgq9tSRIQ,13.0,23.0,"/m/03kmc9,/m/04qvtq",0,0,0,0,0,0,1,0
eRN5_p48nXk,30.0,40.0,"/m/0463cq4,/m/09x0r",0,0,1,0,0,0,0,0
7USy-jxSsUg,30.0,40.0,/t/dd00002,0,0,1,0,0,0,0,0
7_6xKWhyiow,12.0,22.0,/m/014zdl,0,0,0,1,0,0,0,0
MZ3IQapEF48,130.0,140.0,"/m/04rlf,/m/07p6fty,/t/dd00126",0,1,0,0,0,0,0,0
xJxDpMtIWu8,160.0,170.0,"/m/07pp_mv,/m/09x0r",0,0,0,0,0,0,0,1
iWQThobVCdo,110.0,120.0,/m/0g6b5,0,0,0,1,0,0,0,0
pmUz0RKsUAs,0.0,10.0,/m/039jq,0,0,0,0,0,1,0,0
D4GhIt5THAI,0.0,7.0,"/m/03qc9zr,/m/04rlf,/m/09x0r",1,0,0,0,0,0,0,0
DW1Wkj72mGA,50.0,60.0,/m/01y3hg,0,0,0,0,0,0,0,1
4kDN9reeXT0,10.0,20.0,"/m/01y3hg,/m/09x0r",0,0,0,0,0,0,0,1
Gyporgic70I,440.0,450.0,"/m/032s66,/m/04zjc",0,0,0,0,1,0,0,0
8yHJqFI3HAA,0.0,10.0,"/m/032s66,/m/04zjc",0,0,0,0,1,0,0,0
1zxZYIgP4-k,30.0,40.0,/m/04rlf,0,0,0,0,0,0,0,0
84DPXuqLmPU,10.0,20.0,"/m/046dlr,/m/07pp_mv",0,0,0,0,0,0,0,1
zykX4-11y2c,320.0,330.0,"/m/039jq,/m/07qv4k0",0,0,0,0,0,1,0,0
GmA0mxDTV7Q,150.0,160.0,"/g/122z_qxw,/m/09x0r,/m/0g6b5",0,0,0,1,0,0,0,0
6f61AlZQwps,30.0,40.0,/m/039jq,0,0,0,0,0,1,0,0
zIKPJV6W8cg,10.0,20.0,"/m/039jq,/m/07p7b8y,/m/0838f",0,0,0,0,0,1,0,0
2P1H7IxHnUo,30.0,40.0,"/m/04rlf,/m/09x0r",0,0,0,0,0,0,0,0
NVw83w-oYYw,10.0,20.0,"/m/01y3hg,/m/030rvx",0,0,0,0,0,0,0,1
H5bpRcTfHFM,30.0,40.0,/m/03kmc9,0,0,0,0,0,0,1,0
FmXRonhFnvo,90.0,100.0,"/m/032s66,/m/04zjc",0,0,0,0,1,0,0,0
QyfeAHuupMM,50.0,60.0,"/g/122z_qxw,/m/04rlf,/m/09x0r,/m/0g6b5",0,0,0,1,0,0,0,0
VB03y7gaVx8,140.0,150.0,"/m/01yrx,/m/068hy,/m/09x0r,/m/0jbk",0,0,0,0,0,0,0,0
KNjb4SkioGg,30.0,40.0,/m/09x0r,0,0,0,0,0,0,0,0
o9jC2EMArDY,120.0,130.0,"/g/122z_qxw,/m/0g6b5,/t/dd00128",0,0,0,1,0,0,0,0
W460gYCU8ZM,30.0,40.0,/m/09x0r,0,0,0,0,0,0,0,0
UIkfRR2mGXI,12.0,22.0,"/m/014zdl,/m/07qsvvw,/m/09x0r",0,0,0,1,0,0,0,0
XFJU7v9UTO8,10.0,20.0,"/m/07p6fty,/m/09x0r",0,1,0,0,0,0,0,0
-OTfLL7lFHk,30.0,40.0,"/m/03r5q_,/m/04rlf",0,0,0,0,0,0,0,0
CMfvZvYL1Co,10.0,20.0,/m/0g6b5,0,0,0,1,0,0,0,0
zVUEf80q1qM,60.0,70.0,/m/09x0r,0,0,0,0,0,0,0,0
Js41esZyKUM,7.0,17.0,"/m/09x0r,/t/dd00002",0,0,1,0,0,0,0,0
PdZUUXLS67k,260.0,270.0,/m/0463cq4,0,0,1,0,0,0,0,0
vNGNm0V0ozk,240.0,250.0,"/m/03j1ly,/m/03kmc9,/m/04qvtq",0,0,0,0,0,0,1,0
OrkREXY78tE,30.0,40.0,"/m/0463cq4,/t/dd00002,/t/dd00125",0,0,1,0,0,0,0,0
nzcrC79kQgE,130.0,140.0,"/m/015lz1,/m/026t6,/m/04rlf,/m/04szw,/m/07p6fty",0,1,0,0,0,0,0,0
WxaWmr1kdXQ,60.0,70.0,/m/0c3f7m,0,0,0,0,0,0,0,1
5tzMHJSDeRs,30.0,40.0,"/m/04qvtq,/m/07yv9,/m/09x0r",0,0,0,0,0,0,1,0
0iAV6QtgoaA,110.0,120.0,"/m/07pp_mv,/m/0c3f7m,/t/dd00125",0,0,0,0,0,0,0,1
uUEX78Dk-3E,430.0,440.0,"/m/04rlf,/m/09x0r",0,0,0,0,0,0,0,0
8s_IaoBVwno,30.0,40.0,"/m/032s66,/m/0_1c",0,0,0,0,1,0,0,0
cgl7maSy4-Y,150.0,160.0,"/m/03qc9zr,/m/04rlf,/m/09x0r",1,0,0,0,0,0,0,0
8nnhqohOgls,80.0,90.0,"/m/03qtwd,/m/053hz1,/t/dd00135",0,1,0,0,0,0,0,0
y3MeYEoaOWw,30.0,40.0,"/m/04rlf,/m/07sbbz2",0,0,0,0,0,0,0,0
cnMMBQzpB1k,20.0,30.0,"/m/04rlf,/m/09x0r,/t/dd00002,/t/dd00125",0,0,1,0,0,0,0,0
aDFASz2u80M,30.0,40.0,"/m/03kmc9,/m/0dgbq",0,0,0,0,0,0,1,0
1E1YSMLPU0E,0.0,9.0,/m/014zdl,0,0,0,1,0,0,0,0
hri4pgr0hXk,240.0,250.0,"/m/09x0r,/t/dd00002",0,0,1,0,0,0,0,0
gbuC5O7Ix8Y,530.0,540.0,"/m/09x0r,/m/0c3f7m",0,0,0,0,0,0,0,1
-QIl2uKQpjY,30.0,40.0,"/m/04rlf,/t/dd00004",0,0,0,0,0,0,0,0
7qicY9TPo_M,10.0,20.0,"/m/01y3hg,/m/0c3f7m",0,0,0,0,0,0,0,1
F9X7dxab5-Q,30.0,40.0,/m/032s66,0,0,0,0,1,0,0,0
eAvmyu9TSx0,160.0,170.0,/m/01y3hg,0,0,0,0,0,0,0,1
f98tFMTAOrQ,30.0,40.0,"/m/068hy,/m/07qf0zm,/m/07r_k2n,/m/07rc7d9,/m/09x0r,/m/0bt9lr,/m/0jbk,/t/dd00136",0,0,0,0,0,0,0,0
CZ9UlCvVE1s,10.0,20.0,"/m/09x0r,/t/dd00129",0,0,0,0,0,0,0,0
OvcJrrziV08,30.0,40.0,"/m/014zdl,/m/07qsvvw,/m/09x0r",0,0,0,1,0,0,0,0
8sR6-SBjAz8,30.0,40.0,"/m/032s66,/m/073cg4",0,0,0,0,1,0,0,0
bE7_mErsFFg,0.0,10.0,/m/07pp_mv,0,0,0,0,0,0,0,1
O9Bm3TfDVUU,130.0,140.0,"/m/0463cq4,/m/09x0r",0,0,1,0,0,0,0,0
epaf487DWRA,150.0,160.0,"/m/07pp_mv,/m/09x0r",0,0,0,0,0,0,0,1
g1KnUdfoFQM,170.0,180.0,/m/02mfyn,0,0,0,0,0,0,0,1
s7LbyUKAhP8,410.0,420.0,"/m/039jq,/m/04rlf,/m/07qwdck",0,0,0,0,0,1,0,0
hrXMv0Rj1Jc,30.0,40.0,"/m/07qz6j3,/m/09x0r,/t/dd00002",0,0,1,0,0,0,0,0
2crRhArl9EA,320.0,330.0,"/m/039jq,/m/09x0r",0,0,0,0,0,1,0,0
SphWKg-A4TY,330.0,340.0,"/m/09x0r,/m/0g6b5",0,0,0,1,0,0,0,0
3xhBl0R0qBY,30.0,40.0,"/m/014zdl,/m/04rlf,/m/09x0r",0,0,0,1,0,0,0,0
DO83lSTM9nA,230.0,240.0,"/m/04rlf,/m/07p6fty",0,1,0,0,0,0,0,0
D9npEhNVgA0,20.0,30.0,/m/0g6b5,0,0,0,1,0,0,0,0
491gyRnx2PY,30.0,40.0,/m/04rlf,0,0,0,0,0,0,0,0
BJjUK25JPxQ,30.0,40.0,"/m/015lz1,/m/04rlf",0,0,0,0,0,0,0,0
xr74FEtjf28,80.0,90.0,/m/02mfyn,0,0,0,0,0,0,0,1
b4x0rY5u6lo,30.0,40.0,/m/032s66,0,0,0,0,1,0,0,0
3jdV7d48U8A,60.0,70.0,/m/0463cq4,0,0,1,0,0,0,0,0
LZvjxg0CKb4,30.0,40.0,/t/dd00002,0,0,1,0,0,0,0,0
N9siPLgfPgI,30.0,40.0,/m/09x0r,0,0,0,0,0,0,0,0
BRfwKlArxJs,13.0,23.0,"/m/012ndj,/m/03j1ly,/m/07yv9,/t/dd00066",0,0,0,0,0,0,1,0
LeemvO9VJG8,70.0,80.0,"/m/015lz1,/m/04rlf,/m/07p6fty,/t/dd00128",0,1,0,0,0,0,0,0
m3gckIXYeYA,270.0,280.0,"/m/04rlf,/m/07p6fty,/m/09x0r",0,1,0,0,0,0,0,0
4m0PwPU8NBw,30.0,40.0,"/m/04rlf,/m/07qz6j3,/t/dd00002",0,0,1,0,0,0,0,0
cZ2iEFQHYzw,19.0,29.0,"/m/09x0r,/t/dd00002",0,0,1,0,0,0,0,0
UNI3g267uqY,30.0,40.0,"/m/09x0r,/t/dd00002",0,0,1,0,0,0,0,0
Q_Q_Gvw95w4,0.0,10.0,/m/07pp_mv,0,0,0,0,0,0,0,1
Av4DocCLGJk,390.0,400.0,"/m/032s66,/m/04zjc",0,0,0,0,1,0,0,0
Vs2wk35mjTM,310.0,320.0,/m/02mfyn,0,0,0,0,0,0,0,1
NQIaL5I1P_g,60.0,70.0,"/m/03qtwd,/m/04rlf,/m/04szw,/m/07p6fty",0,1,0,0,0,0,0,0
SqyYNjNfV_I,420.0,430.0,/m/09x0r,0,0,0,0,0,0,0,0
KUtuXJxrwGc,250.0,260.0,"/m/04rlf,/m/064t9,/m/0glt670,/m/0y4f8",0,0,0,0,0,0,0,0
ps8Bq-1-Euc,440.0,450.0,/m/032s66,0,0,0,0,1,0,0,0
oNFOvzOc3Es,12.0,22.0,"/m/09x0r,/t/dd00002",0,0,1,0,0,0,0,0
1faXS4jDR3c,180.0,190.0,"/m/03qtwd,/m/053hz1,/t/dd00135",0,1,0,0,0,0,0,0
2gKMmyPYtKY,150.0,160.0,"/m/03lty,/m/04rlf,/m/06by7,/m/07p6fty,/m/0dl5d",0,1,0,0,0,0,0,0
4vLJTOVpwuo,30.0,40.0,/t/dd00002,0,0,1,0,0,0,0,0
RH-hlDr19mA,30.0,40.0,/m/014zdl,0,0,0,1,0,0,0,0
_ObXqh4oNfg,0.0,7.0,"/m/01bjv,/m/07yv9,/m/09x0r",0,0,0,0,0,0,0,0
k50N0M_zhb0,180.0,190.0,"/m/09x0r,/m/0g6b5",0,0,0,1,0,0,0,0
DnByZlF9NAE,50.0,60.0,"/m/02zsn,/m/03qc9zr,/m/09x0r",1,0,0,0,0,0,0,0
oIYhiI2GcZ4,30.0,40.0,"/m/04rlf,/m/09x0r",0,0,0,0,0,0,0,0
E4m7ufzmUHo,15.0,25.0,"/m/03j1ly,/m/03kmc9,/m/04qvtq",0,0,0,0,0,0,1,0
8ceBRyDyDn8,50.0,60.0,"/m/03qc9zr,/m/09x0r",1,0,0,0,0,0,0,0
oL59CF1H6zc,50.0,60.0,"/m/015lz1,/m/0342h,/m/04rlf,/m/0dq0md",0,0,0,0,0,0,0,0
N_ks9928w10,310.0,320.0,"/m/04rlf,/m/0l14gg",0,0,0,0,0,0,0,0
H_rXDqxshvc,180.0,190.0,"/m/02z32qm,/m/032s66",0,0,0,0,1,0,0,0
VBdiEkJdzyk,50.0,60.0,/m/09x0r,0,0,0,0,0,0,0,0
GYvbRrQa1cg,90.0,100.0,"/m/03j1ly,/m/03kmc9,/m/04qvtq",0,0,0,0,0,0,1,0
QVN3HxVPcoQ,70.0,80.0,"/m/01y3hg,/m/0c3f7m",0,0,0,0,0,0,0,1
_u5EIiXMRnw,30.0,40.0,"/m/04rlf,/m/09x0r",0,0,0,0,0,0,0,0
czWCVSaxYJI,350.0,360.0,"/m/032s66,/m/04zjc",0,0,0,0,1,0,0,0
mK7Mk5BKcHg,30.0,40.0,/m/04rlf,0,0,0,0,0,0,0,0
F0kJEMsTr5c,40.0,50.0,"/m/015lz1,/m/04rlf,/m/07p6fty,/t/dd00126",0,1,0,0,0,0,0,0
wZCJkJW25Dk,7.0,17.0,/t/dd00002,0,0,1,0,0,0,0,0
CAB9l4xCET8,30.0,40.0,/m/032s66,0,0,0,0,1,0,0,0
az_7GxbMyK8,340.0,350.0,/m/0g6b5,0,0,0,1,0,0,0,0
DeDcaKRyQls,320.0,330.0,"/m/032s66,/m/04rlf",0,0,0,0,1,0,0,0
acZOBAf1ztk,90.0,100.0,"/m/04rlf,/m/07p6fty,/t/dd00127",0,1,0,0,0,0,0,0
qRGGQj0AzcU,30.0,40.0,/m/04rlf,0,0,0,0,0,0,0,0
W5MGvnEIL90,29.0,39.0,/t/dd00002,0,0,1,0,0,0,0,0
m7LuY1QjncQ,310.0,320.0,"/g/122z_qxw,/m/09x0r,/m/0g6b5",0,0,0,1,0,0,0,0
mWCwXGwvNgQ,30.0,40.0,"/m/04rlf,/m/04szw,/m/07y_7",0,0,0,0,0,0,0,0
iJJdc7l95mQ,10.0,20.0,"/m/012f08,/m/012ndj,/m/03j1ly,/m/07r04,/m/07yv9",0,0,0,0,0,0,1,0
0PULDXBleUw,30.0,40.0,/m/032s66,0,0,0,0,1,0,0,0
9Jb0o96pHaw,90.0,100.0,/m/032s66,0,0,0,0,1,0,0,0
lYn-RmXb-Pc,40.0,50.0,/m/039jq,0,0,0,0,0,1,0,0
1AvYsne1UYU,30.0,40.0,"/m/03qc9zr,/m/04rlf",1,0,0,0,0,0,0,0
8Uza2J26VnE,120.0,130.0,/m/0c3f7m,0,0,0,0,0,0,0,1
2Dd1u-_zJ5Q,30.0,40.0,"/m/032s66,/m/0_1c",0,0,0,0,1,0,0,0
eJpxPl22F6w,110.0,120.0,"/m/012ndj,/m/03j1ly,/m/03kmc9",0,0,0,0,0,0,1,0
CVTqWNdFg94,9.0,19.0,"/m/04rlf,/m/09x0r,/t/dd00002",0,0,1,0,0,0,0,0
d7j7lYqobpw,60.0,70.0,"/m/01j3sz,/m/03qc9zr,/m/09x0r",1,0,0,0,0,0,0,0
iredCGSeNps,130.0,140.0,"/m/04rlf,/m/07p6fty",0,1,0,0,0,0,0,0
YXyPeMP8wSQ,30.0,40.0,"/m/032s66,/m/0_1c",0,0,0,0,1,0,0,0
zJLsLkip5Xk,20.0,30.0,"/m/09x0r,/m/0g6b5",0,0,0,1,0,0,0,0
cVjAzfziWBQ,10.0,20.0,/m/0463cq4,0,0,1,0,0,0,0,0
UayJOrBENjM,230.0,240.0,"/m/0463cq4,/m/09x0r,/m/0ytgt,/t/dd00002",0,0,1,0,0,0,0,0
0hL6qn2PfUA,30.0,40.0,"/m/012f08,/m/03j1ly,/m/03kmc9,/m/07yv9",0,0,0,0,0,0,1,0
XXO0E6zmSVo,290.0,300.0,"/g/122z_qxw,/m/0g6b5",0,0,0,1,0,0,0,0
loTVjR5T8-M,0.0,9.0,/m/014zdl,0,0,0,1,0,0,0,0
B8lQMu7B80A,30.0,40.0,/m/014zdl,0,0,0,1,0,0,0,0
0GSewxWplyU,400.0,410.0,"/m/04rlf,/m/064t9,/m/07p6fty",0,1,0,0,0,0,0,0
9ev8OxdUMwM,30.0,40.0,"/m/014zdl,/m/09x0r",0,0,0,1,0,0,0,0
zNasu_05xaI,0.0,10.0,/m/0463cq4,0,0,1,0,0,0,0,0
Dxtt6bHlrWA,210.0,220.0,/m/039jq,0,0,0,0,0,1,0,0
HgcTrJd9B_Q,80.0,90.0,"/m/012n7d,/m/03j1ly,/m/03kmc9",0,0,0,0,0,0,1,0
6z4HD7Dw7i8,30.0,40.0,"/m/01y3hg,/m/09x0r,/m/0c3f7m",0,0,0,0,0,0,0,1
PsZRCLtK8aQ,30.0,40.0,/m/04rlf,0,0,0,0,0,0,0,0
Jq2k0rXy-Kw,30.0,40.0,"/m/04rlf,/m/04szw,/m/07y_7",0,0,0,0,0,0,0,0
T9UyQcsawp0,0.0,6.0,/m/014zdl,0,0,0,1,0,0,0,0
ChtbgtOe-Fk,30.0,40.0,/m/09x0r,0,0,0,0,0,0,0,0
hgdd8DVhSo8,0.0,9.0,"/m/09x0r,/t/dd00002",0,0,1,0,0,0,0,0
mcA_nVdrI0A,70.0,80.0,/m/02mfyn,0,0,0,0,0,0,0,1
fKgESYZnu_A,190.0,200.0,"/m/03kmc9,/m/0dgbq",0,0,0,0,0,0,1,0
4lUhCkb7iJY,30.0,40.0,/m/09x0r,0,0,0,0,0,0,0,0
pSfuruDt3h4,30.0,40.0,/m/04rlf,0,0,0,0,0,0,0,0
1jHWwm8NQUw,30.0,40.0,"/m/04rlf,/m/09x0r",0,0,0,0,0,0,0,0
B_RFK9y_tW4,30.0,40.0,/m/09x0r,0,0,0,0,0,0,0,0
g6UdxBX9cl8,40.0,50.0,"/m/03kmc9,/m/0dgbq",0,0,0,0,0,0,1,0
ifmBhOAjph0,40.0,50.0,/m/03kmc9,0,0,0,0,0,0,1,0
IUPEWeDcXII,80.0,90.0,"/m/015lz1,/m/04rlf,/m/064t9,/m/06bxc,/m/09x0r",0,0,0,0,0,0,0,0
vBSrW0KHdhc,30.0,40.0,/m/04rlf,0,0,0,0,0,0,0,0
YEKUbajRSLA,30.0,40.0,/m/0c3f7m,0,0,0,0,0,0,0,1
vPppUf6zYeg,2.0,12.0,/t/dd00002,0,0,1,0,0,0,0,0
kDgAKDHOwU4,13.0,23.0,"/m/012n7d,/m/03j1ly,/m/03kmc9,/m/0dgbq",0,0,0,0,0,0,1,0
83CH_dUYQ28,28.0,38.0,/t/dd00002,0,0,1,0,0,0,0,0
6f1fqQqaVPo,30.0,40.0,/m/04rlf,0,0,0,0,0,0,0,0
k1v_4xjvmi8,110.0,120.0,"/m/032s66,/m/04zjc",0,0,0,0,1,0,0,0
bOXOwNLgUS8,200.0,210.0,/m/09x0r,0,0,0,0,0,0,0,0
GIrVnZXUgro,30.0,40.0,"/m/01jnbd,/m/03qc9zr,/m/09x0r",1,0,0,0,0,0,0,0
tvqLrziTGNc,60.0,70.0,/m/032s66,0,0,0,0,1,0,0,0
94Soz2dcwt0,30.0,40.0,"/m/02mfyn,/m/09x0r",0,0,0,0,0,0,0,1
2Gu16Qh4EHw,9.0,19.0,"/m/014zdl,/m/07qsvvw,/m/09x0r",0,0,0,1,0,0,0,0
4dj6NLvutnQ,30.0,40.0,"/m/03qc9zr,/m/04rlf,/m/07qfr4h,/m/07rkbfh,/m/09x0r,/t/dd00127",1,0,0,0,0,0,0,0
AUTA7L6d_x4,30.0,40.0,/m/04rlf,0,0,0,0,0,0,0,0
JB6Xc3OqUpM,70.0,80.0,/m/03qc9zr,1,0,0,0,0,0,0,0
59_tMLN8ILM,30.0,40.0,/m/09x0r,0,0,0,0,0,0,0,0
l_8EfSqpmMM,30.0,40.0,/t/dd00002,0,0,1,0,0,0,0,0
Gk7fkGS6Ms8,30.0,40.0,"/m/04rlf,/m/04szw,/m/07y_7",0,0,0,0,0,0,0,0
q2KdvPBK2q4,260.0,270.0,"/m/07pp_mv,/m/09x0r",0,0,0,0,0,0,0,1
CzlRJFtYmAk,30.0,40.0,/m/09x0r,0,0,0,0,0,0,0,0
41Sp2_BXM0U,240.0,250.0,"/m/09x0r,/m/0c3f7m",0,0,0,0,0,0,0,1
RMsqMhneVl4,10.0,20.0,"/m/015lz1,/m/03qc9zr,/m/04rlf",1,0,0,0,0,0,0,0
KdtbN8PFjDU,100.0,110.0,"/m/015p6,/m/032s66,/m/09x0r",0,0,0,0,1,0,0,0
fBacNcDwDNc,210.0,220.0,"/m/039jq,/m/04rlf",0,0,0,0,0,1,0,0
RVb11784-p4,140.0,150.0,/m/032s66,0,0,0,0,1,0,0,0
bErxv6Wl7wY,250.0,260.0,"/m/039jq,/m/04rlf",0,0,0,0,0,1,0,0
Ls1FMXL9wX4,20.0,30.0,/m/0g6b5,0,0,0,1,0,0,0,0
3OGMdaWPT2E,340.0,350.0,"/m/04rlf,/m/09x0r,/t/dd00129",0,0,0,0,0,0,0,0
X7TI0zRS2g4,210.0,220.0,"/g/122z_qxw,/m/0g6b5",0,0,0,1,0,0,0,0
8R4b0wQYY80,100.0,110.0,"/m/039jq,/m/04rlf",0,0,0,0,0,1,0,0
JEb1NJ_rBHs,130.0,140.0,"/m/04rlf,/m/07p6fty,/t/dd00126",0,1,0,0,0,0,0,0
25aBtgCxEug,440.0,450.0,/m/0c3f7m,0,0,0,0,0,0,0,1
g_TPxvrlOyY,30.0,40.0,/m/04rlf,0,0,0,0,0,0,0,0
t7aKZetBd2w,0.0,10.0,"/m/02lkt,/m/04rlf,/m/07p6fty,/m/08cyft,/m/09x0r",0,1,0,0,0,0,0,0
LUxdY0ITMDM,30.0,40.0,"/m/02cjck,/m/04rlf",0,0,0,0,0,0,0,0
R1-PqurbPys,50.0,60.0,"/m/039jq,/m/09x0r",0,0,0,0,0,1,0,0
MzmvdjQfZ1U,30.0,40.0,"/m/02lkt,/m/04rlf,/m/07s72n",0,0,0,0,0,0,0,0
uWJjUS8_pbI,24.0,34.0,"/m/09x0r,/t/dd00002",0,0,1,0,0,0,0,0
01iMyMIhlW4,30.0,40.0,"/m/04rlf,/m/09x0r",0,0,0,0,0,0,0,0
_4yIMaHBieE,40.0,50.0,"/m/09x0r,/t/dd00125",0,0,0,0,0,0,0,0
qh8PMlaRM24,0.0,10.0,/m/0463cq4,0,0,1,0,0,0,0,0
QwjYgQBdKyo,30.0,40.0,"/m/026t6,/m/02hnl,/m/04rlf,/m/04szw,/m/0bm02",0,0,0,0,0,0,0,0
6_w-ypWiMIw,410.0,420.0,"/m/04rlf,/m/0g6b5",0,0,0,1,0,0,0,0
Klx9BxzlFcc,0.0,10.0,"/m/03qtwd,/m/053hz1,/t/dd00135",0,1,0,0,0,0,0,0
jLmZgGKeXsU,21.0,31.0,"/m/09x0r,/m/0g6b5,/t/dd00128",0,0,0,1,0,0,0,0
YPvlsSllux0,30.0,40.0,"/m/012ndj,/m/04qvtq",0,0,0,0,0,0,1,0
SSqKzKxPGjE,30.0,40.0,"/m/03qc9zr,/m/04rlf",1,0,0,0,0,0,0,0
vTsfXMvlo0U,0.0,10.0,"/m/014zdl,/m/07qqyl4",0,0,0,1,0,0,0,0
7CPGD73Sou8,30.0,40.0,"/m/03qc9zr,/m/04rlf",1,0,0,0,0,0,0,0
n3d6a2A5YDs,30.0,40.0,"/m/012ndj,/m/03j1ly,/m/07r04,/m/07yv9,/m/09x0r",0,0,0,0,0,0,1,0
zOdj9zMaBXs,160.0,170.0,"/m/02mfyn,/m/03j1ly,/m/03kmc9,/m/04qvtq",0,0,0,0,0,0,1,1
x4OJpnrPKTQ,30.0,40.0,"/m/03kmc9,/m/04qvtq,/m/07yv9",0,0,0,0,0,0,1,0
2z4ra2I0MQ0,30.0,40.0,"/m/032s66,/m/0_1c",0,0,0,0,1,0,0,0
rh7nDHH08qg,0.0,10.0,"/m/0463cq4,/m/09x0r,/m/0ytgt",0,0,1,0,0,0,0,0
pPdNaE-ucu0,25.0,35.0,"/m/04rlf,/m/09x0r,/t/dd00002",0,0,1,0,0,0,0,0
8QFmMtISXoQ,30.0,40.0,/m/03kmc9,0,0,0,0,0,0,1,0
BirTKVyZzwg,20.0,30.0,"/m/07qqyl4,/m/0g6b5",0,0,0,1,0,0,0,0
8X0fMPfESfM,10.0,20.0,"/m/01j3sz,/m/07p6fty,/m/09x0r",0,1,0,0,0,0,0,0
0w6WfXYKZec,30.0,40.0,/m/04rlf,0,0,0,0,0,0,0,0
f8bKqnex8cE,80.0,90.0,"/m/04rlf,/t/dd00125",0,0,0,0,0,0,0,0
8ysBdCv7yss,4.0,14.0,"/m/014zdl,/m/07qsvvw,/m/09x0r",0,0,0,1,0,0,0,0
nriddgsWeFE,330.0,340.0,"/m/032s66,/m/04rlf,/m/09x0r",0,0,0,0,1,0,0,0
XR-_2BBGo5c,1.0,11.0,/m/014zdl,0,0,0,1,0,0,0,0
MdYKu4iz2po,240.0,250.0,"/m/02z32qm,/m/032s66",0,0,0,0,1,0,0,0
ztX-Fc5dTKY,0.0,10.0,/m/03kmc9,0,0,0,0,0,0,1,0
D1rQgYjdzyI,30.0,40.0,"/m/09x0r,/t/dd00002",0,0,1,0,0,0,0,0
T2JcbnpJqoU,220.0,230.0,"/m/04rlf,/m/09x0r,/m/0g6b5",0,0,0,1,0,0,0,0
bX5NkcR6beI,20.0,30.0,"/m/07p6fty,/m/09x0r",0,1,0,0,0,0,0,0
4MYSHwncA-s,30.0,40.0,/m/09x0r,0,0,0,0,0,0,0,0
76IPUuorsv8,30.0,40.0,/m/04rlf,0,0,0,0,0,0,0,0
HicTlkDf-oI,40.0,50.0,"/m/01kcd,/m/04rlf,/m/07gql",0,0,0,0,0,0,0,0
FD6vHC7GQ5c,30.0,40.0,"/m/04rlf,/m/07gxw",0,0,0,0,0,0,0,0
UJXaqrT4afs,1.0,11.0,/t/dd00002,0,0,1,0,0,0,0,0
vQ9Qs3G7Bdk,130.0,140.0,"/m/012ndj,/m/03j1ly,/m/03kmc9",0,0,0,0,0,0,1,0
-udow2k-2Uk,160.0,170.0,"/m/039jq,/m/09x0r",0,0,0,0,0,1,0,0
0KWgyCNBlcE,40.0,50.0,"/m/039jq,/m/09x0r",0,0,0,0,0,1,0,0
TU7Ym38TCtY,22.0,32.0,/m/03qc9zr,1,0,0,0,0,0,0,0
o7Kh2CO8sxs,50.0,60.0,"/m/039jq,/m/03qjg,/m/04rlf,/m/09x0r",0,0,0,0,0,1,0,0
sb-6eMB76aA,30.0,40.0,"/m/012n7d,/m/03j1ly,/m/03kmc9,/m/04qvtq",0,0,0,0,0,0,1,0
ciflKRd_lqg,30.0,40.0,/m/04rlf,0,0,0,0,0,0,0,0
CCx5JYFSqZ0,30.0,40.0,/m/09x0r,0,0,0,0,0,0,0,0
XyhP040uMcI,26.0,36.0,"/m/014zdl,/m/09x0r",0,0,0,1,0,0,0,0
_JIyIyh7KlM,30.0,40.0,"/m/02hnl,/m/04rlf,/m/04szw",0,0,0,0,0,0,0,0
GSWybGaQQdc,340.0,350.0,"/m/09x0r,/m/0c3f7m",0,0,0,0,0,0,0,1
Zkf4nYnFZRU,30.0,40.0,"/m/04rlf,/m/09x0r",0,0,0,0,0,0,0,0
oCXbS1QbhuI,30.0,40.0,/t/dd00002,0,0,1,0,0,0,0,0
_Dq8aIxnOsE,160.0,170.0,"/m/032s66,/m/073cg4",0,0,0,0,1,0,0,0
bFtmTN3-oq8,7.0,17.0,"/m/09x0r,/t/dd00002",0,0,1,0,0,0,0,0
A6AQAnd6YqY,390.0,400.0,"/m/03qc9zr,/m/04rlf,/m/09x0r,/t/dd00126",1,0,0,0,0,0,0,0
85LOAAa2UbI,30.0,40.0,"/m/03kmc9,/m/0dgbq",0,0,0,0,0,0,1,0
F6BFX5dbrRA,30.0,40.0,/m/09x0r,0,0,0,0,0,0,0,0
F6jOgKeQfTI,50.0,60.0,"/m/032s66,/m/04zjc",0,0,0,0,1,0,0,0
DtFBzp8I0So,0.0,10.0,"/m/03j1ly,/m/03kmc9,/m/04qvtq",0,0,0,0,0,0,1,0
WvQSM_WfwQE,20.0,30.0,"/m/03qc9zr,/m/04rlf",1,0,0,0,0,0,0,0
ve6PPk1oKE8,30.0,40.0,/m/02mfyn,0,0,0,0,0,0,0,1
QB4WdhYPjtw,20.0,30.0,/m/09x0r,0,0,0,0,0,0,0,0
ReSka5KwmMY,30.0,40.0,"/m/04rlf,/m/09x0r",0,0,0,0,0,0,0,0
U9YkmAsufZI,270.0,280.0,"/m/032s66,/m/04rlf,/m/09x0r",0,0,0,0,1,0,0,0
5EKwBDQUpSk,50.0,60.0,"/m/04rlf,/m/07p6fty,/m/09x0r,/t/dd00127",0,1,0,0,0,0,0,0
9eFNC6jXrB0,190.0,200.0,/m/032s66,0,0,0,0,1,0,0,0
9sbiN76Znck,490.0,500.0,"/m/03qc9zr,/m/09x0r",1,0,0,0,0,0,0,0
_gcgRwq1AJ8,30.0,40.0,"/m/032s66,/m/04zjc",0,0,0,0,1,0,0,0
qrFg4sZJVro,30.0,40.0,/m/09x0r,0,0,0,0,0,0,0,0
8_CyTymGu4g,510.0,520.0,"/m/07pp_mv,/m/09x0r,/t/dd00129",0,0,0,0,0,0,0,1
Hi2-7aPbXto,30.0,40.0,"/m/04rlf,/m/09x0r",0,0,0,0,0,0,0,0
sySBWsgVk5Y,20.0,30.0,"/m/012n7d,/m/03j1ly,/m/03kmc9",0,0,0,0,0,0,1,0
SvQfOIxouFI,170.0,180.0,"/m/03j1ly,/m/03kmc9,/m/04qvtq",0,0,0,0,0,0,1,0
pjxqpNqN1XI,30.0,40.0,"/m/04rlf,/m/09x0r",0,0,0,0,0,0,0,0
om-Y7x1vYJw,30.0,40.0,/m/03kmc9,0,0,0,0,0,0,1,0
97yYQ9mlqgI,0.0,10.0,/m/0g6b5,0,0,0,1,0,0,0,0
2nPK8lDcJ-o,10.0,20.0,"/m/04rlf,/m/07pp_mv",0,0,0,0,0,0,0,1
7HII0xcclAQ,30.0,40.0,"/m/01y3hg,/m/02fs_r,/m/0c3f7m",0,0,0,0,0,0,0,1
r2eHd4emudU,100.0,110.0,/m/032s66,0,0,0,0,1,0,0,0
9u2F_AzQd_w,50.0,60.0,/m/07pp_mv,0,0,0,0,0,0,0,1
5e5soCPApCM,30.0,40.0,"/m/04rlf,/t/dd00003",0,0,0,0,0,0,0,0
6nz2Q9N34NU,30.0,40.0,"/m/09x0r,/t/dd00002",0,0,1,0,0,0,0,0
xZJ_K7J7EO8,10.0,20.0,"/m/04rlf,/m/07p6fty,/m/09x0r,/t/dd00126",0,1,0,0,0,0,0,0
2NznKe2WaOc,30.0,40.0,/m/03qc9zr,1,0,0,0,0,0,0,0
_5x_-aTNCjU,100.0,110.0,"/m/032s66,/m/073cg4",0,0,0,0,1,0,0,0
7H-FFeToqpQ,26.0,36.0,"/m/09x0r,/t/dd00002",0,0,1,0,0,0,0,0
lNJeK25Tqr0,30.0,40.0,"/m/012ndj,/m/07yv9,/m/09x0r,/m/0k4j",0,0,0,0,0,0,1,0
YOcicuwlvNc,0.0,10.0,"/m/03kmc9,/m/07yv9",0,0,0,0,0,0,1,0
G9Nq91EYkf4,30.0,40.0,/m/0g6b5,0,0,0,1,0,0,0,0
_VKNhUxcvUw,1.0,11.0,"/m/014zdl,/m/07qsvvw",0,0,0,1,0,0,0,0
mTwPh7tjQKw,10.0,20.0,"/m/04qvtq,/m/09x0r",0,0,0,0,0,0,1,0
PdxtuqiUsZ4,100.0,110.0,"/m/03qtwd,/t/dd00135",0,1,0,0,0,0,0,0
hBK50qrWc_E,10.0,20.0,/m/03qc9zr,1,0,0,0,0,0,0,0
MCCWtRm9pUw,16.0,26.0,"/m/014zdl,/m/07qsvvw",0,0,0,1,0,0,0,0
0u0SttXY-6g,150.0,160.0,"/m/09x0r,/t/dd00128",0,0,0,0,0,0,0,0
UMhU-kt265E,10.0,20.0,"/m/039jq,/m/04rlf,/m/09x0r",0,0,0,0,0,1,0,0
gAnFwiGaTR8,30.0,40.0,/m/04rlf,0,0,0,0,0,0,0,0
UdY8WXNiuzw,10.0,20.0,"/m/03qc9zr,/m/09x0r",1,0,0,0,0,0,0,0
dss_jjCfgIA,270.0,280.0,"/m/09x0r,/m/0g6b5",0,0,0,1,0,0,0,0
6JHIm6Ze4vk,0.0,10.0,/m/0g6b5,0,0,0,1,0,0,0,0
tpXePPHAH4Q,110.0,120.0,"/m/04rlf,/m/09x0r,/m/0g6b5",0,0,0,1,0,0,0,0
ufBZalwamgQ,140.0,150.0,"/m/012n7d,/m/02mfyn",0,0,0,0,0,0,1,1
ieMl03vLaa0,11.0,21.0,/m/0g6b5,0,0,0,1,0,0,0,0
6DZwNokgiPA,20.0,30.0,/m/03qc9zr,1,0,0,0,0,0,0,0
SLiQOGg-E5g,30.0,40.0,/m/0c3f7m,0,0,0,0,0,0,0,1
2MPLGr2HiOA,30.0,40.0,/m/09x0r,0,0,0,0,0,0,0,0
Cyi_IJ2Z4Yc,80.0,90.0,/m/039jq,0,0,0,0,0,1,0,0
xYMx_MSRF2A,40.0,50.0,"/m/09x0r,/m/0c3f7m",0,0,0,0,0,0,0,1
_z7Nj3cZEc4,20.0,30.0,"/m/03qtwd,/t/dd00135",0,1,0,0,0,0,0,0
d1GcUbFJtRA,190.0,200.0,"/m/011k_j,/m/039jq,/m/04rlf",0,0,0,0,0,1,0,0
SvZEG1Hztno,130.0,140.0,"/m/012f08,/m/04qvtq,/m/07yv9,/m/09x0r",0,0,0,0,0,0,1,0
zSEGC5BdYKY,210.0,220.0,"/m/04rlf,/m/09x0r",0,0,0,0,0,0,0,0
-s8txy1cO5s,30.0,40.0,/m/09x0r,0,0,0,0,0,0,0,0
vI8_sFX-Rik,10.0,20.0,/m/0g6b5,0,0,0,1,0,0,0,0
kOVEfddEAHY,12.0,22.0,"/m/07qjznt,/m/09x0r",0,0,0,0,0,0,0,0
PuM-No5a2rA,40.0,50.0,"/m/07pp_mv,/m/0c3f7m",0,0,0,0,0,0,0,1
Jt4kzZi2uTw,30.0,40.0,/m/04rlf,0,0,0,0,0,0,0,0
JxDAcklNKFM,30.0,40.0,/m/04rlf,0,0,0,0,0,0,0,0
0SmWy_kTHcI,180.0,190.0,"/m/039jq,/m/04rlf",0,0,0,0,0,1,0,0
_j4Sv4TauOM,60.0,70.0,"/m/03qtwd,/m/053hz1,/t/dd00135",0,1,0,0,0,0,0,0
8jaKeBoe7VM,30.0,40.0,"/m/032s66,/m/0_1c",0,0,0,0,1,0,0,0
M8itXRXuKjI,30.0,40.0,"/m/03kmc9,/m/0dgbq",0,0,0,0,0,0,1,0
cxuQulN6pTA,23.0,33.0,"/m/07qz6j3,/t/dd00002",0,0,1,0,0,0,0,0
mPr3kCL5y10,210.0,220.0,"/m/015lz1,/m/04rlf,/m/07p6fty",0,1,0,0,0,0,0,0
hI1Sjq02Mw4,160.0,170.0,"/m/07pp_mv,/m/0c3f7m",0,0,0,0,0,0,0,1
3oF7NLTzoxc,190.0,200.0,"/m/032s66,/m/073cg4,/m/07rv4dm",0,0,0,0,1,0,0,0
A_ydZw1_mSs,0.0,4.0,/m/03qc9zr,1,0,0,0,0,0,0,0
DJiVMeQQgxM,3.0,13.0,"/m/0463cq4,/m/09x0r,/m/0ytgt",0,0,1,0,0,0,0,0
MNXqHOxVrqI,490.0,500.0,"/m/039jq,/m/09x0r",0,0,0,0,0,1,0,0
p2BIv_KHUdk,170.0,180.0,/m/032s66,0,0,0,0,1,0,0,0
IUp0xm-uvlE,310.0,320.0,/m/04qvtq,0,0,0,0,0,0,1,0
9PMfcAYxGUE,30.0,40.0,/m/09x0r,0,0,0,0,0,0,0,0
1AnVKRd0tsU,50.0,60.0,"/m/0463cq4,/m/09x0r",0,0,1,0,0,0,0,0
-YbMVE4An1Q,12.0,22.0,"/m/01c194,/m/04rlf",0,0,0,0,0,0,0,0
txY1avlKt6w,440.0,450.0,"/m/09x0r,/m/0g6b5",0,0,0,1,0,0,0,0
6UZUdrWf9fA,110.0,120.0,"/m/012n7d,/m/02mfyn,/m/03j1ly,/m/03kmc9",0,0,0,0,0,0,1,1
ab8V7MYQVyg,190.0,200.0,"/m/03qtwd,/m/04rlf,/m/06by7,/m/07p6fty,/m/07pws3f",0,1,0,0,0,0,0,0
IrqOS05qWOM,15.0,25.0,/m/09x0r,0,0,0,0,0,0,0,0
1TP1z-Y2fmc,0.0,10.0,/m/0463cq4,0,0,1,0,0,0,0,0
bIp6zdcSR04,260.0,270.0,"/m/032s66,/m/073cg4",0,0,0,0,1,0,0,0
VzscGPcBXQI,90.0,100.0,"/m/03kmc9,/m/0dgbq",0,0,0,0,0,0,1,0
x4w81dPqb6U,100.0,110.0,"/m/04rlf,/m/07p6fty",0,1,0,0,0,0,0,0
lYYKDnied3g,50.0,60.0,"/m/012ndj,/m/03j1ly,/m/03kmc9",0,0,0,0,0,0,1,0
zVAyNcoWuyY,30.0,40.0,"/m/01bjv,/m/07yv9,/m/09x0r",0,0,0,0,0,0,0,0
qsDEFBVV2gY,30.0,40.0,/m/0463cq4,0,0,1,0,0,0,0,0
jvH8rawvlyk,10.0,20.0,/m/0463cq4,0,0,1,0,0,0,0,0
_kHaHTQSTiQ,22.0,32.0,/m/014zdl,0,0,0,1,0,0,0,0
nxLHCl7-mtw,290.0,300.0,"/m/09x0r,/m/0g6b5",0,0,0,1,0,0,0,0
Gi3AIGAtpBE,0.0,10.0,"/m/032s66,/m/04zjc",0,0,0,0,1,0,0,0
fTKbvr9WXAw,60.0,70.0,"/m/03qtwd,/m/04rlf,/m/07p6fty",0,1,0,0,0,0,0,0
cBokMFx4yio,0.0,9.0,"/m/012f08,/m/07yv9,/m/09x0r,/t/dd00002",0,0,1,0,0,0,0,0
U0qTbHdZpX8,60.0,70.0,"/m/02cjck,/m/04rlf",0,0,0,0,0,0,0,0
MQvVXJubm5I,30.0,40.0,"/m/05zppz,/m/06h7j,/m/09x0r",0,0,0,0,0,0,0,0
o339Jwyd_JU,30.0,40.0,"/m/01sm1g,/m/04rlf,/m/0l14md",0,0,0,0,0,0,0,0
F6tvepwIe3A,30.0,40.0,"/m/04rlf,/t/dd00002",0,0,1,0,0,0,0,0
C9g195iwJMw,30.0,40.0,/m/04rlf,0,0,0,0,0,0,0,0
tmbkQ7cg0zw,30.0,40.0,"/m/012ndj,/m/07yv9",0,0,0,0,0,0,1,0
YArCAya149M,30.0,40.0,"/m/09x0r,/t/dd00002",0,0,1,0,0,0,0,0
zOt0JjGsKXk,26.0,36.0,"/m/04rlf,/m/068hy,/m/09x0r,/m/0jbk,/t/dd00002",0,0,1,0,0,0,0,0
iR_0yVxDxOE,220.0,230.0,"/m/046dlr,/m/07pp_mv",0,0,0,0,0,0,0,1
N6Se97UCydE,50.0,60.0,"/m/04rlf,/m/07p6fty",0,1,0,0,0,0,0,0
Mz5hfFG1SN8,70.0,80.0,"/m/0463cq4,/m/09x0r,/m/0ytgt,/t/dd00125",0,0,1,0,0,0,0,0
8iMHEdeSOFM,90.0,100.0,"/m/04rlf,/m/09x0r",0,0,0,0,0,0,0,0
2LzHPXXJKHg,0.0,10.0,"/m/012f08,/m/03qc9zr,/m/07yv9,/m/09x0r,/m/0k4j",1,0,0,0,0,0,0,0
-HLTp7gPBEw,30.0,40.0,"/m/01yrx,/m/068hy,/m/07qrkrw,/m/07r81j2,/m/09x0r,/m/0jbk",0,0,0,0,0,0,0,0
hYrm-5x76h4,13.0,23.0,"/m/07qz6j3,/m/09x0r,/t/dd00002",0,0,1,0,0,0,0,0
j9VTNAgSZWk,21.0,31.0,"/m/09x0r,/t/dd00002",0,0,1,0,0,0,0,0
yqi8BwfgVuw,110.0,120.0,"/m/04rlf,/t/dd00036",0,0,0,0,0,0,0,0
BCx-qhmHoZI,50.0,60.0,"/m/01b_21,/m/09x0r",0,0,0,0,0,0,0,0
pKxkspcqxlU,90.0,100.0,/m/039jq,0,0,0,0,0,1,0,0
RKYodpEVoV4,30.0,40.0,/m/09x0r,0,0,0,0,0,0,0,0
FNeSOj6cs4M,20.0,30.0,"/g/122z_qxw,/m/09x0r,/m/0g6b5",0,0,0,1,0,0,0,0
yNI0GBzxIFI,61.0,71.0,/m/03qc9zr,1,0,0,0,0,0,0,0
h2j8fkCsnjo,30.0,40.0,"/m/04rlf,/m/09x0r",0,0,0,0,0,0,0,0
tbuZiGTTMFo,110.0,120.0,"/m/039jq,/m/09x0r",0,0,0,0,0,1,0,0
Zz8LyqplxBg,70.0,80.0,/m/0c3f7m,0,0,0,0,0,0,0,1
FG9_-vCAG8g,130.0,140.0,"/m/03qc9zr,/m/09x0r",1,0,0,0,0,0,0,0
zbevyGmFsJg,40.0,50.0,"/m/0463cq4,/m/09x0r",0,0,1,0,0,0,0,0
F9PnD65NQXc,20.0,30.0,"/m/012ndj,/m/03j1ly,/m/03kmc9",0,0,0,0,0,0,1,0
NjppAmgcYnY,230.0,240.0,"/m/032s66,/m/04zjc",0,0,0,0,1,0,0,0
UJ09amGTfsg,10.0,20.0,/m/039jq,0,0,0,0,0,1,0,0
v-HKXQkpsD8,30.0,40.0,"/m/012ndj,/m/03j1ly,/m/03kmc9",0,0,0,0,0,0,1,0
HJD0BRXQt88,430.0,440.0,"/m/04rlf,/m/09x0r",0,0,0,0,0,0,0,0
iLo-6AjJ2v8,190.0,200.0,"/m/04rlf,/m/07p6fty,/t/dd00126",0,1,0,0,0,0,0,0
JqY-2L4uebY,90.0,100.0,"/m/09x0r,/m/0g6b5,/t/dd00125",0,0,0,1,0,0,0,0
yqPf3KrIr3I,30.0,40.0,"/m/04rlf,/m/09x0r,/t/dd00002",0,0,1,0,0,0,0,0
fvH4QsOLleE,100.0,110.0,"/m/03qc9zr,/m/07sq110,/m/09x0r,/t/dd00125",1,0,0,0,0,0,0,0
P_1rXxDoeQE,30.0,40.0,"/m/012ndj,/m/07yv9",0,0,0,0,0,0,1,0
9Av4xtNdeW0,30.0,40.0,/m/09x0r,0,0,0,0,0,0,0,0
mahMtFIvKTk,270.0,280.0,/m/032s66,0,0,0,0,1,0,0,0
6D9t3TAgP4s,100.0,110.0,"/m/04rlf,/m/07p6fty,/m/09x0r",0,1,0,0,0,0,0,0
gS8bJzcHMcw,100.0,110.0,"/m/03qc9zr,/m/09x0r,/m/0jbk",1,0,0,0,0,0,0,0
_QMEw67gWIA,0.0,10.0,/m/03qc9zr,1,0,0,0,0,0,0,0
AemcWVbB2zI,30.0,40.0,"/m/039jq,/m/07q7njn",0,0,0,0,0,1,0,0
RCnrGTdNL_0,90.0,100.0,/m/039jq,0,0,0,0,0,1,0,0
V-F-HihtcbE,90.0,100.0,/m/039jq,0,0,0,0,0,1,0,0
cAcmW7H90bI,60.0,70.0,/m/032s66,0,0,0,0,1,0,0,0
Bl_iREh7KA8,30.0,40.0,"/m/028sqc,/m/04rlf",0,0,0,0,0,0,0,0
K-bzsKCGajc,70.0,80.0,/m/0g6b5,0,0,0,1,0,0,0,0
zgmIb41_XBQ,20.0,30.0,/m/0c3f7m,0,0,0,0,0,0,0,1
eKBteXQceh4,30.0,40.0,/m/09x0r,0,0,0,0,0,0,0,0
qSHwYekzSFA,30.0,40.0,/m/04rlf,0,0,0,0,0,0,0,0
k3wc3XB49M4,30.0,40.0,"/m/04rlf,/m/09x0r",0,0,0,0,0,0,0,0
KA7Id4lyLXQ,10.0,20.0,/m/032s66,0,0,0,0,1,0,0,0
hJGH3lBn_PA,0.0,10.0,"/m/014zdl,/m/028v0c",0,0,0,1,0,0,0,0
wN64bQl7LB8,180.0,190.0,/m/02mfyn,0,0,0,0,0,0,0,1
1jo58PlHsTI,460.0,470.0,"/m/032s66,/m/04rlf",0,0,0,0,1,0,0,0
sVY3UeE-HCo,130.0,140.0,/m/039jq,0,0,0,0,0,1,0,0
7kMsFD1Uju4,280.0,290.0,/m/032s66,0,0,0,0,1,0,0,0
vWypE7LFG58,30.0,40.0,"/m/09x0r,/t/dd00002",0,0,1,0,0,0,0,0
z6D4ya_czaY,10.0,20.0,"/g/122z_qxw,/m/09x0r,/m/0g6b5",0,0,0,1,0,0,0,0
Mb09RJPU86Q,22.0,32.0,/m/04rlf,0,0,0,0,0,0,0,0
23ZZwHBAjx8,13.0,23.0,"/m/032s66,/m/04zjc",0,0,0,0,1,0,0,0
KFMiURDfHOs,9.0,19.0,"/m/012ndj,/m/03j1ly,/m/03kmc9,/m/07yv9",0,0,0,0,0,0,1,0
WFfkEBERZz4,490.0,500.0,/m/03qc9zr,1,0,0,0,0,0,0,0
YNCiQ5AaGfo,30.0,40.0,"/m/03kmc9,/m/0dgbq",0,0,0,0,0,0,1,0
JK49fAa8f3k,110.0,120.0,"/m/032s66,/m/09x0r",0,0,0,0,1,0,0,0
Zo7MswNlh7o,40.0,50.0,"/m/032s66,/m/04zjc",0,0,0,0,1,0,0,0
g7QpRh0po2I,490.0,500.0,"/m/04rlf,/m/04szw,/m/06by7,/m/07p6fty,/m/09x0r",0,1,0,0,0,0,0,0
hFP0iBkr1Js,30.0,40.0,"/m/09x0r,/t/dd00002",0,0,1,0,0,0,0,0
sxCxVm1yHuI,340.0,350.0,"/m/03qtwd,/m/053hz1,/t/dd00135",0,1,0,0,0,0,0,0
qU6ye32jaiU,370.0,380.0,"/m/0g6b5,/t/dd00128",0,0,0,1,0,0,0,0
TEZ7hop2aNc,0.0,10.0,"/m/0463cq4,/t/dd00002",0,0,1,0,0,0,0,0
PBW1UNbIArQ,30.0,40.0,/m/09x0r,0,0,0,0,0,0,0,0
4TId8kDUeHQ,510.0,520.0,"/m/01y3hg,/m/09x0r",0,0,0,0,0,0,0,1
SyTgLE5ipI8,30.0,40.0,"/m/04rlf,/m/09x0r",0,0,0,0,0,0,0,0
_dOlpxBPOYs,40.0,50.0,/m/03qc9zr,1,0,0,0,0,0,0,0
QKOwFgA2fOM,30.0,40.0,"/m/09x0r,/t/dd00002",0,0,1,0,0,0,0,0
lcI0osD78U8,30.0,40.0,"/m/04rlf,/t/dd00002",0,0,1,0,0,0,0,0
PZTSE-5sw1U,10.0,20.0,/m/032s66,0,0,0,0,1,0,0,0
fREcu71HumY,30.0,40.0,/m/09x0r,0,0,0,0,0,0,0,0
VMmreMR28jo,0.0,10.0,"/m/012ndj,/m/07r04,/m/07yv9",0,0,0,0,0,0,1,0
GaICqIQjpZA,200.0,210.0,"/m/04rlf,/m/07p6fty,/m/09x0r",0,1,0,0,0,0,0,0
8L_-d4YLLIg,240.0,250.0,"/m/04rlf,/m/07p6fty,/m/09x0r,/t/dd00126,/t/dd00127",0,1,0,0,0,0,0,0
eagPjdk0IOk,10.0,20.0,/m/014zdl,0,0,0,1,0,0,0,0
4XwVZZr1dzI,80.0,90.0,"/m/03kmc9,/m/09x0r",0,0,0,0,0,0,1,0
tyhKfJu6okU,10.0,20.0,/m/04rlf,0,0,0,0,0,0,0,0
6kEKo-Evpfw,0.0,10.0,"/m/0463cq4,/m/09x0r",0,0,1,0,0,0,0,0
4CIPHZA1rZA,20.0,30.0,"/m/012ndj,/m/03j1ly,/m/03kmc9",0,0,0,0,0,0,1,0
oy9RAdOWuxY,10.0,20.0,/m/032s66,0,0,0,0,1,0,0,0
glHZma0OF7M,150.0,160.0,"/m/04rlf,/m/06mb1,/m/09x0r",0,0,0,0,0,0,0,0
9uXgSHyPUSg,25.0,35.0,"/m/04rlf,/m/09x0r",0,0,0,0,0,0,0,0
93UUaSe1tZM,240.0,250.0,/m/09x0r,0,0,0,0,0,0,0,0
-MQ41TAdVZM,120.0,130.0,"/m/03kmc9,/m/0dgbq",0,0,0,0,0,0,1,0
R9_L6r1xQ6A,420.0,430.0,"/m/032s66,/m/04zjc",0,0,0,0,1,0,0,0
BpKlkw08fDo,0.0,7.0,"/m/014zdl,/m/07qsvvw",0,0,0,1,0,0,0,0
QhYxa8c1bwk,30.0,40.0,"/m/07qz6j3,/t/dd00002",0,0,1,0,0,0,0,0
2C4nvMqXCCE,17.0,27.0,/m/014zdl,0,0,0,1,0,0,0,0
zy3Hjc8rq20,250.0,260.0,"/m/09x0r,/t/dd00129",0,0,0,0,0,0,0,0
FhV0q8KvnwA,550.0,560.0,"/m/032s66,/m/04zjc",0,0,0,0,1,0,0,0
h_jLTKelY3g,40.0,50.0,"/m/03qtwd,/m/053hz1,/t/dd00135",0,1,0,0,0,0,0,0
ZouRX5yXLZM,130.0,140.0,"/m/039jq,/m/09x0r",0,0,0,0,0,1,0,0
4abVXlYem2g,40.0,50.0,/m/0463cq4,0,0,1,0,0,0,0,0
98wEPllGhdc,16.0,26.0,"/m/032s66,/m/04zjc",0,0,0,0,1,0,0,0
gOxmkjfrHeA,21.0,31.0,"/m/04rlf,/m/09x0r",0,0,0,0,0,0,0,0
9qRwQQxX950,60.0,70.0,"/m/03qtwd,/m/04rlf",0,0,0,0,0,0,0,0
fT6k3NGb_tg,2.0,12.0,"/m/012ndj,/m/03j1ly,/m/07r04,/m/07yv9",0,0,0,0,0,0,1,0
ukP8W6icwaw,10.0,20.0,"/m/0463cq4,/m/09x0r",0,0,1,0,0,0,0,0
I9YdSrs64LM,90.0,100.0,"/m/04rlf,/m/07p6fty",0,1,0,0,0,0,0,0
Wq4Gp9Ux8zU,0.0,10.0,/m/03qc9zr,1,0,0,0,0,0,0,0
7-3VvIbVJ7M,80.0,90.0,"/m/03j1ly,/m/03kmc9,/m/04qvtq",0,0,0,0,0,0,1,0
59bZ9tdaPkQ,370.0,380.0,"/m/032s66,/m/04zjc",0,0,0,0,1,0,0,0
t0PkbwYwJxU,230.0,240.0,"/m/04rlf,/m/0g6b5",0,0,0,1,0,0,0,0
UyhdMa1ikKM,90.0,100.0,"/m/039jq,/m/09x0r",0,0,0,0,0,1,0,0
aOmRbSkPdVw,250.0,260.0,"/m/012ndj,/m/03j1ly,/m/03kmc9",0,0,0,0,0,0,1,0
hFxKrOt-vjc,10.0,20.0,/m/0g6b5,0,0,0,1,0,0,0,0
29zYUgO3Oak,140.0,150.0,"/m/03qtwd,/t/dd00135",0,1,0,0,0,0,0,0
I7xBy9029MU,30.0,40.0,"/m/09x0r,/m/0g6b5",0,0,0,1,0,0,0,0
m0qU54U3kzU,10.0,20.0,"/m/039jq,/m/09x0r",0,0,0,0,0,1,0,0
TAl6LU38u8M,30.0,40.0,"/m/03qc9zr,/m/07s02z0,/m/09x0r",1,0,0,0,0,0,0,0
llmsl68EOFY,100.0,110.0,"/m/09x0r,/m/0c3f7m",0,0,0,0,0,0,0,1
0R9xLmfL2ho,10.0,20.0,"/m/012ndj,/m/03j1ly,/m/03kmc9",0,0,0,0,0,0,1,0
2CslisurMbE,470.0,480.0,/m/032s66,0,0,0,0,1,0,0,0
BpjjW0fdT-w,50.0,60.0,/m/04rlf,0,0,0,0,0,0,0,0
jhxMyKQLd1I,0.0,10.0,"/m/032s66,/m/04zjc",0,0,0,0,1,0,0,0
2KemIPeXeyQ,30.0,40.0,"/m/03qc9zr,/m/09x0r",1,0,0,0,0,0,0,0
52waxTykuLc,30.0,40.0,"/m/03qc9zr,/m/03qtwd,/m/04rlf,/m/09x0r",1,0,0,0,0,0,0,0
mQd0fA-r3hM,19.0,29.0,"/m/04rlf,/m/09x0r,/t/dd00002",0,0,1,0,0,0,0,0
mFl2Fs0mtTU,40.0,50.0,/m/039jq,0,0,0,0,0,1,0,0
RoiA7OuNqSc,30.0,40.0,/m/03qc9zr,1,0,0,0,0,0,0,0
Nfnb-HtBcrI,26.0,36.0,"/m/03qtwd,/m/053hz1,/t/dd00135",0,1,0,0,0,0,0,0
ThWk-DFLmeU,80.0,90.0,"/m/03qc9zr,/m/03qtwd,/m/04rlf",1,0,0,0,0,0,0,0
lLy8qm4250Y,30.0,40.0,"/m/032s66,/m/0_1c",0,0,0,0,1,0,0,0
DaMvU_MSjoo,20.0,30.0,"/m/03qc9zr,/m/0463cq4,/m/09x0r",1,0,1,0,0,0,0,0
x1roRdfwqQY,90.0,100.0,"/m/026z9,/m/02lkt,/m/03mb9,/m/04rlf",0,0,0,0,0,0,0,0
kOdSknwTa4o,60.0,70.0,"/m/015lz1,/m/04rlf,/m/07p6fty",0,1,0,0,0,0,0,0
5DyTDvFvAmw,20.0,30.0,"/m/01y3hg,/m/09x0r,/t/dd00125",0,0,0,0,0,0,0,1
2FDyNRoIU1s,490.0,500.0,"/m/032s66,/m/04zjc",0,0,0,0,1,0,0,0
fWZY1TW7dY4,130.0,140.0,/m/039jq,0,0,0,0,0,1,0,0
GQGIHW8HPGM,140.0,150.0,"/m/015lz1,/m/04rlf,/m/07p6fty",0,1,0,0,0,0,0,0
tOoZF9dv9Ws,10.0,20.0,"/m/07pp_mv,/m/0c3f7m",0,0,0,0,0,0,0,1
1WSg5Gm5J2I,30.0,40.0,/m/04rlf,0,0,0,0,0,0,0,0
1uMjZcNQ6Ps,27.0,37.0,/m/014zdl,0,0,0,1,0,0,0,0
Fo5K0sSAibY,220.0,230.0,"/m/015lz1,/m/04rlf,/m/07p6fty",0,1,0,0,0,0,0,0
8tcKRp1oA4s,30.0,40.0,"/m/02sgy,/m/09x0r",0,0,0,0,0,0,0,0
oY3LylQa3zQ,30.0,40.0,/m/04rlf,0,0,0,0,0,0,0,0
qyYAwi5saL0,170.0,180.0,/m/039jq,0,0,0,0,0,1,0,0
afiR7012sds,70.0,80.0,/m/02mfyn,0,0,0,0,0,0,0,1
AgUlAqUly1s,60.0,70.0,"/m/02z32qm,/m/032s66,/m/07qnq_y",0,0,0,0,1,0,0,0
0BSZPjN2XzM,30.0,40.0,"/m/09x0r,/t/dd00002",0,0,1,0,0,0,0,0
1CFm70MB27Q,30.0,40.0,"/m/014zdl,/m/09x0r",0,0,0,1,0,0,0,0
iyF3WRaU8XY,120.0,130.0,"/m/04rlf,/m/07p6fty",0,1,0,0,0,0,0,0
FWFeQtDrATo,30.0,40.0,"/m/04rlf,/m/09x0r",0,0,0,0,0,0,0,0
0kOWZTOFZSA,0.0,10.0,/m/0463cq4,0,0,1,0,0,0,0,0
14jv6jC5WAI,30.0,40.0,/m/03kmc9,0,0,0,0,0,0,1,0
6HnFQjmFuB8,4.0,14.0,/m/014zdl,0,0,0,1,0,0,0,0
JUwXQ2VQjj8,30.0,40.0,"/m/04rlf,/m/07lnk",0,0,0,0,0,0,0,0
tl7XuWcBRSs,20.0,30.0,"/m/04rlf,/m/07p6fty,/m/09x0r",0,1,0,0,0,0,0,0
adGjCQiOdVE,30.0,40.0,"/m/09x0r,/t/dd00002",0,0,1,0,0,0,0,0
QKUInQFGy9k,50.0,60.0,"/m/0463cq4,/m/04rlf",0,0,1,0,0,0,0,0
h7wnUkg846g,40.0,50.0,"/m/032s66,/m/04zjc",0,0,0,0,1,0,0,0
QS3vf8iqSAI,450.0,460.0,"/m/07pp_mv,/m/09x0r,/t/dd00125",0,0,0,0,0,0,0,1
oYT4EkiBXtc,160.0,170.0,"/m/07pp_mv,/m/09x0r",0,0,0,0,0,0,0,1
zaJtdGUsqlU,160.0,170.0,"/m/012n7d,/m/02mfyn,/m/03j1ly,/m/03kmc9",0,0,0,0,0,0,1,1
l1yCZrF3J34,30.0,40.0,/m/03kmc9,0,0,0,0,0,0,1,0
L-SKBowUGv0,20.0,30.0,"/m/03qc9zr,/m/04rlf",1,0,0,0,0,0,0,0
5Toler2M5is,140.0,150.0,"/m/03qtwd,/m/053hz1,/t/dd00135",0,1,0,0,0,0,0,0
d4sRdJnv14o,50.0,60.0,"/m/012n7d,/m/02mfyn,/m/03j1ly,/m/03kmc9",0,0,0,0,0,0,1,1
E8YSsiLZoPs,30.0,40.0,/m/09x0r,0,0,0,0,0,0,0,0
-QSNQGKiGT4,260.0,270.0,/m/03qc9zr,1,0,0,0,0,0,0,0
lrIXmX_p_94,60.0,70.0,"/m/015lz1,/m/03qc9zr,/t/dd00125",1,0,0,0,0,0,0,0
0kQANiakiH0,30.0,40.0,/m/03qc9zr,1,0,0,0,0,0,0,0
NoB_4XaZYVs,180.0,190.0,"/m/0342h,/m/04rlf,/m/04szw,/m/07kc_,/m/09x0r,/m/0fx80y,/t/dd00125",0,0,0,0,0,0,0,0
DlG3qQOCXYI,30.0,40.0,/m/04rlf,0,0,0,0,0,0,0,0
4lJmK8Hp4mg,0.0,10.0,/m/039jq,0,0,0,0,0,1,0,0
Gmydwb0T6tk,30.0,40.0,"/m/039jq,/m/07q7njn,/m/09x0r,/t/dd00128",0,0,0,0,0,1,0,0
mgBC2T6rIv8,10.0,20.0,"/m/04rlf,/m/09x0r",0,0,0,0,0,0,0,0
IIaqHCtUW5A,19.0,29.0,"/m/09x0r,/t/dd00002",0,0,1,0,0,0,0,0
CgH49HyoDjM,290.0,300.0,/m/0c3f7m,0,0,0,0,0,0,0,1
gpE63HdDba0,12.0,22.0,"/m/014zdl,/m/07qsvvw,/m/09x0r",0,0,0,1,0,0,0,0
xjcOvoBUyJo,280.0,290.0,"/m/04rlf,/m/0g6b5",0,0,0,1,0,0,0,0
iCSx6VnrrDQ,30.0,40.0,"/m/07yv9,/m/09x0r",0,0,0,0,0,0,0,0
BSBXG4JKaPM,30.0,40.0,/m/04rlf,0,0,0,0,0,0,0,0
1QKu-V5f0UA,30.0,40.0,/m/032s66,0,0,0,0,1,0,0,0
0Z2bN0uLuG8,30.0,40.0,/m/04rlf,0,0,0,0,0,0,0,0
Xgk-g3rtzpE,11.0,21.0,/m/032s66,0,0,0,0,1,0,0,0
_wK3W3vsAok,40.0,50.0,"/t/dd00002,/t/dd00125",0,0,1,0,0,0,0,0
MAKDYhkqEuM,30.0,40.0,"/m/01x3z,/m/046dlr,/m/07pp_mv",0,0,0,0,0,0,0,1
TvD8CHhiHHc,60.0,70.0,"/m/03qtwd,/t/dd00135",0,1,0,0,0,0,0,0
63z_JMJxl7I,110.0,120.0,"/m/0463cq4,/m/07qz6j3,/m/09x0r",0,0,1,0,0,0,0,0
iknofmmUEW4,3.0,13.0,"/m/012n7d,/m/03j1ly,/m/03kmc9,/t/dd00134",0,0,0,0,0,0,1,0
GO0E-brLy3s,22.0,32.0,"/m/07qz6j3,/t/dd00002",0,0,1,0,0,0,0,0
AOnG2rM6Sag,430.0,440.0,"/m/09x0r,/m/0g6b5",0,0,0,1,0,0,0,0
d3OwqPPQHAc,20.0,30.0,"/m/0463cq4,/m/09x0r",0,0,1,0,0,0,0,0
FkED1pZFLfk,30.0,40.0,"/m/04rlf,/m/09x0r",0,0,0,0,0,0,0,0
s2mUVR6qZLA,17.0,27.0,"/m/03kmc9,/m/0dgbq",0,0,0,0,0,0,1,0
WWnfAxsbYTk,8.0,18.0,"/m/014zdl,/m/07qsvvw,/m/09x0r",0,0,0,1,0,0,0,0
fwfQmGFpplQ,30.0,40.0,/t/dd00002,0,0,1,0,0,0,0,0
oUG3rC1gf6c,130.0,140.0,"/m/03qc9zr,/m/07r660_,/m/07sq110,/m/09x0r,/t/dd00125",1,0,0,0,0,0,0,0
dUHCTE6eQXA,250.0,260.0,/m/0c3f7m,0,0,0,0,0,0,0,1
NfFNnwcytu4,60.0,70.0,"/m/01kcd,/m/04rlf,/m/04szw,/m/05pd6",0,0,0,0,0,0,0,0
Gqo_e4YzTHg,10.0,20.0,/m/0g6b5,0,0,0,1,0,0,0,0
no5EGo0tOx0,330.0,340.0,/m/09x0r,0,0,0,0,0,0,0,0
BStsr2zaWDY,30.0,40.0,/m/09x0r,0,0,0,0,0,0,0,0
46DYXUdDrUU,200.0,210.0,"/m/04rlf,/m/07p6fty",0,1,0,0,0,0,0,0
CnrFcasxKkY,110.0,120.0,"/m/09x0r,/m/0c3f7m",0,0,0,0,0,0,0,1
41_RCt59X_E,30.0,40.0,/m/04rlf,0,0,0,0,0,0,0,0
qD-MwOcJsw0,50.0,60.0,"/m/015lz1,/m/04rlf,/t/dd00125",0,0,0,0,0,0,0,0
RspE4-WthMI,150.0,160.0,/m/032s66,0,0,0,0,1,0,0,0
dRehFntH5aU,22.0,32.0,"/m/014zdl,/m/07qsvvw,/m/09x0r",0,0,0,1,0,0,0,0
XR0ruq7VIxU,30.0,40.0,"/m/04rlf,/m/0gg8l",0,0,0,0,0,0,0,0
p_GGtRi1VRo,0.0,10.0,/m/032s66,0,0,0,0,1,0,0,0
SKKcTREoHq8,30.0,40.0,"/m/012ndj,/m/03j1ly,/m/03kmc9,/m/07rc7d9,/m/09x0r,/m/0bt9lr",0,0,0,0,0,0,1,0
cMSgjM8atJ4,90.0,100.0,"/m/039jq,/m/04rlf",0,0,0,0,0,1,0,0
KNXAbpGnCho,30.0,40.0,"/m/04rlf,/t/dd00134",0,0,0,0,0,0,0,0
hqYu4Xfxsto,40.0,50.0,"/m/01x3z,/m/046dlr,/m/07pp_mv,/m/09x0r",0,0,0,0,0,0,0,1
ER3oiyrocu4,70.0,80.0,/m/0463cq4,0,0,1,0,0,0,0,0
50iIjX8wdf0,0.0,10.0,"/m/02lkt,/m/04rlf",0,0,0,0,0,0,0,0
_ZFQHS-0dY8,0.0,4.0,"/m/04rlf,/t/dd00002",0,0,1,0,0,0,0,0
IU5-jdd8RWw,30.0,40.0,/m/09x0r,0,0,0,0,0,0,0,0
WvEkZnBCDas,30.0,40.0,"/m/04rlf,/m/09x0r",0,0,0,0,0,0,0,0
CFGPY1SHQSY,7.0,17.0,"/m/04rlf,/m/09x0r",0,0,0,0,0,0,0,0
pbfnndv19Vg,190.0,200.0,"/m/03qc9zr,/m/09x0r",1,0,0,0,0,0,0,0
0ymynXR3Pig,30.0,40.0,/m/09x0r,0,0,0,0,0,0,0,0
fasBB6K6EMw,40.0,50.0,"/m/03kmc9,/m/0dgbq",0,0,0,0,0,0,1,0
F9HZIkcEnXY,30.0,40.0,"/m/04rlf,/m/0l14j_",0,0,0,0,0,0,0,0
nfZ4GvKt51M,30.0,40.0,"/m/03qtwd,/m/053hz1,/t/dd00135",0,1,0,0,0,0,0,0
2LZ0q78OWZE,0.0,8.0,"/m/014zdl,/m/07qsvvw",0,0,0,1,0,0,0,0
3ZrCn3Pujmo,0.0,10.0,/m/0c3f7m,0,0,0,0,0,0,0,1
l0drdxSOlCM,20.0,30.0,"/m/0463cq4,/m/09x0r,/t/dd00002",0,0,1,0,0,0,0,0
xOdntZSjcds,50.0,60.0,"/m/012n7d,/m/02mfyn,/m/03j1ly,/m/03kmc9",0,0,0,0,0,0,1,1
SNH0ywrOEvQ,30.0,40.0,"/m/032s66,/m/0_1c",0,0,0,0,1,0,0,0
_co_kWq6Nxc,20.0,30.0,"/m/046dlr,/m/07pp_mv,/m/09x0r",0,0,0,0,0,0,0,1
zOLNsFVk6-E,30.0,40.0,"/m/04rlf,/m/0m0jc",0,0,0,0,0,0,0,0
33YYsfy7nXE,30.0,40.0,"/m/04rlf,/m/07swgks,/m/0j2kx",0,0,0,0,0,0,0,0
TPLEkIx0h2Y,30.0,40.0,"/m/015p6,/m/09x0r,/m/0h0rv,/t/dd00129",0,0,0,0,0,0,0,0
fVAchaZNOcM,220.0,230.0,/m/032s66,0,0,0,0,1,0,0,0
NohVPo_E4k4,30.0,40.0,"/m/04rlf,/m/07p6fty",0,1,0,0,0,0,0,0
oHil9Ip_xQo,460.0,470.0,"/m/039jq,/m/04rlf,/m/09x0r",0,0,0,0,0,1,0,0
d5rHTXKpspo,130.0,140.0,/m/0g6b5,0,0,0,1,0,0,0,0
FPV-70zpY9s,30.0,40.0,"/m/09x0r,/t/dd00002",0,0,1,0,0,0,0,0
-7gojlG6bE4,30.0,40.0,"/m/03qc9zr,/m/04rlf",1,0,0,0,0,0,0,0
sarghzICPs4,110.0,120.0,"/m/039jq,/m/09x0r",0,0,0,0,0,1,0,0
ht-l3ZKVZY8,30.0,40.0,/t/dd00002,0,0,1,0,0,0,0,0
z3X44G9HbqA,220.0,230.0,"/m/04rlf,/m/064t9,/m/07p6fty",0,1,0,0,0,0,0,0
kCjkmCxsWYk,80.0,90.0,"/m/032s66,/m/04zjc",0,0,0,0,1,0,0,0
mDoKv7u-_H0,280.0,290.0,"/g/122z_qxw,/m/04rlf,/m/09x0r,/m/0g6b5",0,0,0,1,0,0,0,0
ZMUz-7G5Klw,50.0,60.0,"/m/012ndj,/m/07r04,/m/07yv9",0,0,0,0,0,0,1,0
8Wu9A2FI8do,6.0,16.0,/m/03kmc9,0,0,0,0,0,0,1,0
nepiP0S1ZiE,30.0,40.0,/m/03kmc9,0,0,0,0,0,0,1,0
KcpAPYnEW-Y,60.0,70.0,"/m/032s66,/m/073cg4",0,0,0,0,1,0,0,0
-ni8s7HmLCY,180.0,190.0,"/m/032s66,/m/04zjc",0,0,0,0,1,0,0,0
8p43PJUCLsA,30.0,40.0,/m/09x0r,0,0,0,0,0,0,0,0
yIvXza5RQIE,12.0,22.0,"/m/032s66,/m/04zjc",0,0,0,0,1,0,0,0
jHKoi5S-D8s,210.0,220.0,"/m/04rlf,/m/07p6fty,/m/07rwj3x",0,1,0,0,0,0,0,0
XLobloQta1A,30.0,40.0,/m/03kmc9,0,0,0,0,0,0,1,0
WgSu2rN_ERk,0.0,10.0,"/m/03kmc9,/m/04rlf,/m/0dgbq",0,0,0,0,0,0,1,0
60I8VwOkzcg,70.0,80.0,"/m/03dnzn,/m/03qc9zr,/m/07s04w4,/m/09x0r",1,0,0,0,0,0,0,0
2zoXLLuhfPg,0.0,9.0,"/m/014zdl,/m/07qsvvw",0,0,0,1,0,0,0,0
zxJwmTF3w4Y,30.0,40.0,"/m/04rlf,/m/09x0r",0,0,0,0,0,0,0,0
eMqLnYgbHM8,90.0,100.0,"/m/039jq,/m/04rlf,/m/09x0r",0,0,0,0,0,1,0,0
HddhwL1gVH8,40.0,50.0,"/m/03qtwd,/m/053hz1,/t/dd00135",0,1,0,0,0,0,0,0
-3rUstRkB2s,170.0,180.0,/m/09x0r,0,0,0,0,0,0,0,0
woVeO6XRBEY,30.0,40.0,"/m/032s66,/m/0_1c",0,0,0,0,1,0,0,0
wvQzBAxUMy0,30.0,40.0,"/m/04rlf,/m/09x0r,/t/dd00002",0,0,1,0,0,0,0,0
0zC32X0eNKw,210.0,220.0,"/m/039jq,/m/09x0r",0,0,0,0,0,1,0,0
U9R7F35I0CY,30.0,40.0,/m/09x0r,0,0,0,0,0,0,0,0
RU38_5okH1s,0.0,10.0,/m/014zdl,0,0,0,1,0,0,0,0
DH4bpg0s85Q,30.0,40.0,"/m/012ndj,/m/03j1ly,/m/07r04,/m/07yv9",0,0,0,0,0,0,1,0
mUpVz-n8FqQ,8.0,18.0,"/m/012ndj,/m/03j1ly,/m/03kmc9,/m/07r04,/m/07yv9",0,0,0,0,0,0,1,0
prawZwB23_M,40.0,50.0,"/m/039jq,/m/04k94,/m/0838f",0,0,0,0,0,1,0,0
hYt8OCZZP5A,0.0,9.0,"/m/014zdl,/m/04rlf",0,0,0,1,0,0,0,0
nAgZ5PexlT8,50.0,60.0,/m/039jq,0,0,0,0,0,1,0,0
iQtI2INxdc4,10.0,20.0,"/g/122z_qxw,/m/0g6b5",0,0,0,1,0,0,0,0
6OcwrQN9_1o,30.0,40.0,"/m/01c194,/m/04rlf",0,0,0,0,0,0,0,0
CHQ_hd8ltpM,160.0,170.0,"/m/03qtwd,/m/04gy_2,/t/dd00135",0,1,0,0,0,0,0,0
6vcvqw1vRYc,300.0,310.0,"/m/04rlf,/m/0g6b5",0,0,0,1,0,0,0,0
oWjWDot3BMs,30.0,40.0,/m/04rlf,0,0,0,0,0,0,0,0
-8buqxazv8s,0.0,10.0,"/m/03qtwd,/m/053hz1,/t/dd00135",0,1,0,0,0,0,0,0
FmgEn_nPOPI,0.0,10.0,"/m/09x0r,/m/0g6b5",0,0,0,1,0,0,0,0
0l1acpkziXE,140.0,150.0,"/m/03qc9zr,/m/07r660_,/m/09x0r",1,0,0,0,0,0,0,0
9iJJBsMlFXU,30.0,40.0,"/m/03qc9zr,/m/04rlf,/m/09x0r",1,0,0,0,0,0,0,0
LaYXR1pWdJU,110.0,120.0,"/m/07qn5dc,/m/09x0r,/m/0bt9lr,/m/0jbk",0,0,0,0,0,0,0,0
GqrLHKd1_dk,10.0,20.0,"/m/09x0r,/m/0c3f7m",0,0,0,0,0,0,0,1
hajO5M7Q2t0,10.0,20.0,"/m/012n7d,/m/03j1ly,/m/07yv9,/t/dd00128",0,0,0,0,0,0,1,0
wRGv117BK3o,13.0,23.0,"/m/09x0r,/t/dd00002",0,0,1,0,0,0,0,0
cDlQLg-0Bd0,130.0,140.0,"/m/039jq,/m/09x0r,/t/dd00126",0,0,0,0,0,1,0,0
G577sOij700,10.0,20.0,"/m/04rlf,/m/07p6fty,/m/09x0r,/t/dd00127",0,1,0,0,0,0,0,0
MsreQqDPepw,30.0,40.0,/m/09x0r,0,0,0,0,0,0,0,0
33QQ0-J2gyY,0.0,10.0,"/m/015lz1,/m/04rlf,/m/07p6fty,/m/07sr1lc,/t/dd00127",0,1,0,0,0,0,0,0
lce4H42xGFQ,20.0,30.0,"/m/04qvtq,/m/09x0r",0,0,0,0,0,0,1,0
vfOqtl8agjY,30.0,40.0,/m/09x0r,0,0,0,0,0,0,0,0
zZHOB8lULTM,240.0,250.0,"/m/03qtwd,/m/053hz1,/t/dd00135",0,1,0,0,0,0,0,0
XjAFeRFE1s4,90.0,100.0,/m/09x0r,0,0,0,0,0,0,0,0
pcGW_TaQEpE,30.0,40.0,/m/09x0r,0,0,0,0,0,0,0,0
5eDSROXbHbA,280.0,290.0,"/m/03fwl,/m/04rlf,/m/09x0r",0,0,0,0,0,0,0,0
1ZkHnqQt9KI,320.0,330.0,"/m/015lz1,/m/04rlf,/m/07p6fty",0,1,0,0,0,0,0,0
sQECoyVteT4,30.0,40.0,/m/03qc9zr,1,0,0,0,0,0,0,0
4YZEHi_dwe8,30.0,40.0,"/m/016cjb,/m/04rlf",0,0,0,0,0,0,0,0
lqKnaSxaHXQ,30.0,40.0,"/m/03kmc9,/m/04qvtq,/m/04rlf",0,0,0,0,0,0,1,0
lwDbNeuBQkc,130.0,140.0,"/m/039jq,/m/07r5v4s,/m/09x0r",0,0,0,0,0,1,0,0
Gk-hIpIHh28,20.0,30.0,/m/014zdl,0,0,0,1,0,0,0,0
ZXrja3Uklpc,100.0,110.0,/m/09x0r,0,0,0,0,0,0,0,0
PXIQRNcTVlk,40.0,50.0,"/m/03qtwd,/m/053hz1,/t/dd00135",0,1,0,0,0,0,0,0
HzxxoV2uD9E,310.0,320.0,"/m/04rlf,/m/0g293,/m/0ln16",0,0,0,0,0,0,0,0
1lFcPooQI8A,30.0,40.0,"/m/03qc9zr,/m/04rlf",1,0,0,0,0,0,0,0
vI7CmzXlQbs,60.0,70.0,"/m/04rlf,/m/07p6fty,/m/09x0r",0,1,0,0,0,0,0,0
F7eX5VXbvNo,30.0,40.0,"/m/032s66,/m/04zjc,/m/0_1c",0,0,0,0,1,0,0,0
ddo49ckg_B8,550.0,560.0,"/m/03qc9zr,/m/09x0r,/t/dd00125",1,0,0,0,0,0,0,0
bMGHiM6P8zo,10.0,20.0,"/m/014zdl,/m/09x0r,/t/dd00129",0,0,0,1,0,0,0,0
80yDvzIvKrs,10.0,20.0,"/m/03j1ly,/m/03kmc9",0,0,0,0,0,0,1,0
0KHmpwLMjck,10.0,20.0,"/m/046dlr,/m/07pp_mv",0,0,0,0,0,0,0,1
Q19blzR73QA,30.0,40.0,"/m/04rlf,/m/09x0r",0,0,0,0,0,0,0,0
cFAubwiH_eA,9.0,19.0,"/m/014zdl,/m/07qsvvw",0,0,0,1,0,0,0,0
Cip2ceRbfqI,30.0,40.0,"/m/03kmc9,/m/07pp_mv",0,0,0,0,0,0,1,1
B77DiGXFOtk,16.0,26.0,"/m/09x0r,/t/dd00002",0,0,1,0,0,0,0,0
517vl-qXL7w,30.0,40.0,"/m/02qldy,/m/05zppz,/m/09x0r",0,0,0,0,0,0,0,0
ZjG-AWdvbnw,0.0,5.0,/m/014zdl,0,0,0,1,0,0,0,0
2VwSb23oeW8,190.0,200.0,"/m/032s66,/m/04zjc",0,0,0,0,1,0,0,0
gd04fXZ42p8,12.0,22.0,"/m/09x0r,/t/dd00002",0,0,1,0,0,0,0,0
tOSDguovCF0,30.0,40.0,"/m/07qdb04,/m/09ddx,/m/09x0r,/m/0jbk",0,0,0,0,0,0,0,0
5TmGyuqwKUo,30.0,40.0,"/m/03qc9zr,/m/04rlf",1,0,0,0,0,0,0,0
pN4R3eXuxBw,30.0,40.0,/m/0c3f7m,0,0,0,0,0,0,0,1
FMpafcGqufg,160.0,170.0,"/m/04rlf,/m/05pd6,/m/0ggq0m,/t/dd00034",0,0,0,0,0,0,0,0
0qQrvxiuLYw,30.0,40.0,"/m/03j1ly,/m/03kmc9,/m/04qvtq",0,0,0,0,0,0,1,0
e0IZz1X1YrE,40.0,50.0,"/m/09x0r,/m/0g6b5",0,0,0,1,0,0,0,0
ouerepE9D9w,70.0,80.0,"/g/122z_qxw,/m/0g6b5",0,0,0,1,0,0,0,0
0hC044mDsWA,30.0,40.0,"/m/03qc9zr,/m/03qtwd,/m/04rlf,/m/09x0r",1,0,0,0,0,0,0,0
iCUrUfHWJIg,440.0,450.0,/m/032s66,0,0,0,0,1,0,0,0
CApGuLZzGiM,30.0,40.0,/m/03kmc9,0,0,0,0,0,0,1,0
1a-wq5X1uEw,2.0,12.0,"/m/04rlf,/m/07c52",0,0,0,0,0,0,0,0
5kKAWy5NkOc,130.0,140.0,"/m/09x0r,/m/0c3f7m,/t/dd00125",0,0,0,0,0,0,0,1
GTgT6z-F30U,14.0,24.0,"/m/0g6b5,/t/dd00128",0,0,0,1,0,0,0,0
7mFW3qs33qo,0.0,10.0,"/g/122z_qxw,/m/0g6b5,/t/dd00128",0,0,0,1,0,0,0,0
RwhL9nfbsWo,0.0,5.0,"/m/04qvtq,/m/07yv9,/t/dd00134",0,0,0,0,0,0,1,0
a5dg8Xqlg9Q,60.0,70.0,"/m/03qc9zr,/m/09x0r,/t/dd00125",1,0,0,0,0,0,0,0
tABG9n1TgS8,30.0,40.0,"/m/09x0r,/t/dd00002",0,0,1,0,0,0,0,0
95Fin1up-E4,40.0,50.0,"/m/04qvtq,/m/09x0r",0,0,0,0,0,0,1,0
p8kQSXgIt6M,10.0,20.0,/m/032s66,0,0,0,0,1,0,0,0
Z79BH4BC2P0,13.0,23.0,/m/09x0r,0,0,0,0,0,0,0,0
DejvLNyg6y8,0.0,10.0,"/m/02mfyn,/m/03j1ly,/m/03kmc9,/m/04qvtq",0,0,0,0,0,0,1,1
QNwE334MP0o,0.0,10.0,/m/032s66,0,0,0,0,1,0,0,0
lTRL_U1OJXo,330.0,340.0,/m/0g6b5,0,0,0,1,0,0,0,0
jIr9-MvUCiI,150.0,160.0,"/m/032s66,/m/073cg4",0,0,0,0,1,0,0,0
d61xTv_eJUw,150.0,160.0,"/m/032s66,/m/073cg4",0,0,0,0,1,0,0,0
E3RQdnA0rq4,1.0,11.0,/t/dd00002,0,0,1,0,0,0,0,0
M40SKp01Z3E,6.0,16.0,"/m/032s66,/m/04zjc",0,0,0,0,1,0,0,0
ofESdVdX-fY,10.0,20.0,/m/039jq,0,0,0,0,0,1,0,0
dYoVTtVzMlw,350.0,360.0,"/m/04qvtq,/m/07yv9,/m/0k4j",0,0,0,0,0,0,1,0
ARwXqKFG3FA,30.0,40.0,"/m/032s66,/m/04rlf,/m/09x0r",0,0,0,0,1,0,0,0
j1N909f8Obg,50.0,60.0,"/m/012n7d,/m/07sx8x_,/m/0ytgt",0,0,0,0,0,0,1,0
8Ki-S7E3HDA,0.0,7.0,/m/014zdl,0,0,0,1,0,0,0,0
KHogkaFMaSk,30.0,40.0,"/m/068hy,/m/07rc7d9,/m/0bt9lr,/m/0jbk,/t/dd00002,/t/dd00136",0,0,1,0,0,0,0,0
yBCye-VKl8o,160.0,170.0,/m/0g6b5,0,0,0,1,0,0,0,0
FnkVyKnukpE,0.0,10.0,"/m/032s66,/m/04zjc",0,0,0,0,1,0,0,0
3YxzXprgiA0,22.0,32.0,/m/0c3f7m,0,0,0,0,0,0,0,1
A1yp81VcnQs,440.0,450.0,"/m/09x0r,/t/dd00125",0,0,0,0,0,0,0,0
kI7zTt5Y_Kw,190.0,200.0,/m/04rlf,0,0,0,0,0,0,0,0
NJ1C67hTel0,5.0,15.0,/t/dd00002,0,0,1,0,0,0,0,0
hgQ5X_LGeo8,210.0,220.0,"/m/015lz1,/m/04rlf,/m/07p6fty",0,1,0,0,0,0,0,0
tPAjdoDN7RE,30.0,40.0,"/m/09x0r,/t/dd00018",0,0,0,0,0,0,0,0
xxGyYv3oCi8,15.0,25.0,"/m/012n7d,/m/02mfyn,/m/03j1ly,/m/03kmc9,/m/04qvtq",0,0,0,0,0,0,1,1
eGfNnfIX-J8,30.0,40.0,"/m/012ndj,/m/09x0r",0,0,0,0,0,0,1,0
HnIxZ8xC0Vg,300.0,310.0,"/m/09x0r,/t/dd00002,/t/dd00125",0,0,1,0,0,0,0,0
NIEXRkOlPJk,30.0,40.0,"/m/01y3hg,/m/0c3f7m",0,0,0,0,0,0,0,1
aAwAGQhkuVQ,330.0,340.0,/m/0g6b5,0,0,0,1,0,0,0,0
N4EPr8gDIIQ,30.0,40.0,/m/02mfyn,0,0,0,0,0,0,0,1
43Mp2-26xIM,30.0,40.0,/m/09x0r,0,0,0,0,0,0,0,0
_MnW1-VUHZM,350.0,360.0,"/m/01y3hg,/m/09x0r,/m/0c3f7m",0,0,0,0,0,0,0,1
d4v3_z0ISrM,200.0,210.0,"/m/03qc9zr,/m/09x0r,/t/dd00125",1,0,0,0,0,0,0,0
ayVIgyfO6As,7.0,17.0,"/m/014zdl,/m/09x0r",0,0,0,1,0,0,0,0
O6PehN8qMS8,20.0,30.0,/m/0g6b5,0,0,0,1,0,0,0,0
zriT2K1htdM,50.0,60.0,"/m/09x0r,/m/0g6b5",0,0,0,1,0,0,0,0
VH4FPhPrmFE,24.0,34.0,"/m/068hy,/m/09x0r,/t/dd00002",0,0,1,0,0,0,0,0
3AwJ1VTby2E,40.0,50.0,"/m/015lz1,/m/04rlf,/m/07p6fty",0,1,0,0,0,0,0,0
P05kNBxbtg4,160.0,170.0,"/m/04rlf,/m/06by7",0,0,0,0,0,0,0,0
0c51XmkhWXk,30.0,40.0,/m/09x0r,0,0,0,0,0,0,0,0
-e4CdZmM9aQ,30.0,40.0,/m/032s66,0,0,0,0,1,0,0,0
yGvtzRTgOkg,0.0,10.0,"/m/012n7d,/m/03j1ly,/m/07yv9,/m/0k4j",0,0,0,0,0,0,1,0
B9RDxqYLVUU,30.0,40.0,"/m/0342h,/m/04szw,/m/09x0r,/m/0fx80y",0,0,0,0,0,0,0,0
S-qIKcZ2kFk,10.0,20.0,/m/032s66,0,0,0,0,1,0,0,0
Lp6JViuKWlo,20.0,30.0,"/m/04rlf,/m/09x0r,/t/dd00002",0,0,1,0,0,0,0,0
ecCWIZNzkpY,60.0,70.0,"/m/04rlf,/m/09x0r",0,0,0,0,0,0,0,0
to4Fi7Ie9mQ,90.0,100.0,"/m/03qc9zr,/m/09x0r,/t/dd00013,/t/dd00128",1,0,0,0,0,0,0,0
LHbvVnlLNu0,200.0,210.0,"/m/03qc9zr,/m/09x0r",1,0,0,0,0,0,0,0
x-FuExCGl7o,190.0,200.0,"/g/122z_qxw,/m/0g6b5",0,0,0,1,0,0,0,0
76E89L0_xKg,0.0,10.0,/m/0g6b5,0,0,0,1,0,0,0,0
OYr_THE_Nk4,440.0,450.0,"/m/032s66,/m/04zjc",0,0,0,0,1,0,0,0
AfuQd_xZlKw,30.0,40.0,"/m/03kmc9,/m/04rlf,/m/0c1dj",0,0,0,0,0,0,1,0
4Gc5uPscazo,10.0,20.0,"/m/032s66,/m/073cg4",0,0,0,0,1,0,0,0
y4M1owqQmdQ,30.0,40.0,"/m/04rlf,/m/07qz6j3,/t/dd00002",0,0,1,0,0,0,0,0
eGMCZlnR1Nk,90.0,100.0,"/m/046dlr,/m/07pp_mv",0,0,0,0,0,0,0,1
NIn-BnC6S1M,0.0,10.0,"/m/04rlf,/m/07p6fty",0,1,0,0,0,0,0,0
DWZDNVIs1xM,0.0,10.0,"/m/032s66,/m/04zjc",0,0,0,0,1,0,0,0
SqczGobzRNc,530.0,540.0,/m/032s66,0,0,0,0,1,0,0,0
-BuLfpukADI,30.0,40.0,"/m/04rlf,/m/04szw,/m/07y_7",0,0,0,0,0,0,0,0
hznFZs-uzFw,20.0,30.0,"/m/0463cq4,/m/09x0r",0,0,1,0,0,0,0,0
jKNfVi-2VzA,90.0,100.0,/m/03qc9zr,1,0,0,0,0,0,0,0
vhFcojWyaak,10.0,20.0,/m/032s66,0,0,0,0,1,0,0,0
9-5c4-1T_v0,20.0,30.0,"/m/03qc9zr,/m/04rlf,/m/09x0r",1,0,0,0,0,0,0,0
PLXnDTVloQs,40.0,50.0,"/m/03qtwd,/m/053hz1,/t/dd00135",0,1,0,0,0,0,0,0
6d5rJ9HHqUY,30.0,40.0,/m/014zdl,0,0,0,1,0,0,0,0
zdLgYGBB_4Y,30.0,40.0,"/m/04rlf,/t/dd00002",0,0,1,0,0,0,0,0
JE7r0ESPxZM,40.0,50.0,"/m/04rlf,/m/07p6fty,/m/09x0r",0,1,0,0,0,0,0,0
-KOlC7PKuGc,30.0,40.0,/m/09x0r,0,0,0,0,0,0,0,0
1nTiq6Mw7m0,0.0,10.0,/m/039jq,0,0,0,0,0,1,0,0
ZWe-JbnPDFk,120.0,130.0,/m/014zdl,0,0,0,1,0,0,0,0
gCEXiTSPCUw,30.0,40.0,/m/09x0r,0,0,0,0,0,0,0,0
PvkfIECvyqs,160.0,170.0,/m/09x0r,0,0,0,0,0,0,0,0
o2Hp-n_nAEw,390.0,400.0,"/m/01y3hg,/m/04rlf,/m/09x0r,/m/0c3f7m",0,0,0,0,0,0,0,1
_MNi1ThTkyQ,0.0,10.0,"/m/04rlf,/m/09x0r",0,0,0,0,0,0,0,0
mYAYDg6AaT4,30.0,40.0,/m/09x0r,0,0,0,0,0,0,0,0
lPrDimg1wDw,30.0,40.0,/m/04rlf,0,0,0,0,0,0,0,0
_qR6rwKh-oY,30.0,40.0,"/m/07pp_mv,/m/09x0r",0,0,0,0,0,0,0,1
Z6qPc84P7So,0.0,6.0,"/m/014zdl,/m/07qsvvw,/m/09x0r",0,0,0,1,0,0,0,0
4FtPJUxdzKA,110.0,120.0,/m/032s66,0,0,0,0,1,0,0,0
2kBNsb79-kI,80.0,90.0,"/m/09x0r,/m/0c3f7m",0,0,0,0,0,0,0,1
hzU9MUVCk6E,190.0,200.0,/m/032s66,0,0,0,0,1,0,0,0
39ej4rcEVvg,390.0,400.0,"/m/032s66,/m/04zjc",0,0,0,0,1,0,0,0
K64SOIYkiUU,30.0,40.0,/m/09x0r,0,0,0,0,0,0,0,0
wGw77ZMaCFI,110.0,120.0,"/m/03qtwd,/m/04rlf,/m/06by7,/m/07p6fty",0,1,0,0,0,0,0,0
MRHm-Z7jstg,130.0,140.0,/m/01y3hg,0,0,0,0,0,0,0,1
w0rQIIS4TzI,20.0,30.0,"/m/039jq,/m/09x0r",0,0,0,0,0,1,0,0
kFKDgYu6OIA,0.0,10.0,/m/0g6b5,0,0,0,1,0,0,0,0
M7bmeuVxh1Y,60.0,70.0,"/m/04qvtq,/m/04rlf,/m/09x0r,/m/0k4j,/m/0ltv",0,0,0,0,0,0,1,0
OQDAyeWTI9U,40.0,50.0,"/m/015lz1,/m/04rlf,/m/07p6fty",0,1,0,0,0,0,0,0
ud_Cp2ZRTzQ,110.0,120.0,"/m/02z32qm,/m/032s66,/m/09x0r",0,0,0,0,1,0,0,0
GLysBV9fE-Y,30.0,40.0,/m/04rlf,0,0,0,0,0,0,0,0
0WySmgWELu0,30.0,40.0,"/m/04rlf,/m/09x0r",0,0,0,0,0,0,0,0
0QlQLIvLpNI,170.0,180.0,"/m/039jq,/m/09x0r",0,0,0,0,0,1,0,0
Hx3KobB19_Q,30.0,40.0,/m/0g6b5,0,0,0,1,0,0,0,0
rA2LCseFRj4,0.0,10.0,"/m/03qtwd,/t/dd00135",0,1,0,0,0,0,0,0
anaOn3jXFCA,20.0,30.0,"/g/122z_qxw,/m/0g6b5",0,0,0,1,0,0,0,0
iryMredYzj8,140.0,150.0,/m/03qc9zr,1,0,0,0,0,0,0,0
4tPMIU82vds,40.0,50.0,"/g/122z_qxw,/m/0g6b5,/t/dd00128",0,0,0,1,0,0,0,0
3PTjSxEUymo,7.0,17.0,"/m/03kmc9,/m/07yv9",0,0,0,0,0,0,1,0
RV4ejIf8MvI,460.0,470.0,/m/032s66,0,0,0,0,1,0,0,0
VkRVhcC8ySI,70.0,80.0,"/m/07pp_mv,/m/09x0r",0,0,0,0,0,0,0,1
C6v8lIblBxU,170.0,180.0,/m/0g6b5,0,0,0,1,0,0,0,0
DeXYmk7iFoo,110.0,120.0,/m/0g6b5,0,0,0,1,0,0,0,0
Gw-IMXXh3V0,0.0,10.0,"/g/122z_qxw,/m/0g6b5",0,0,0,1,0,0,0,0
onzE4ymOIK4,30.0,40.0,"/m/09x0r,/t/dd00125",0,0,0,0,0,0,0,0
0BXKSSQsO5E,30.0,40.0,/m/04rlf,0,0,0,0,0,0,0,0
S0_QYbGR8uM,90.0,100.0,"/g/122z_qxw,/m/09x0r,/m/0g6b5",0,0,0,1,0,0,0,0
Ek6oP8wxSOA,30.0,40.0,"/m/01y3hg,/m/07pp_mv,/m/09x0r,/t/dd00125",0,0,0,0,0,0,0,1
4VNOL41FbDs,140.0,150.0,"/m/04rlf,/m/09x0r,/t/dd00121",0,0,0,0,0,0,0,0
Qy4Qu4sNUF0,260.0,270.0,"/m/09x0r,/m/0c3f7m,/t/dd00125",0,0,0,0,0,0,0,1
25c3ViJJbPo,150.0,160.0,"/m/032s66,/m/04zjc",0,0,0,0,1,0,0,0
KNui1hIZiGQ,0.0,8.0,"/m/014zdl,/m/02_41,/m/09x0r",0,0,0,1,0,0,0,0
R2Q9oWB9kBU,130.0,140.0,"/m/04rlf,/m/07p6fty",0,1,0,0,0,0,0,0
9zEC-Vy6NVI,30.0,40.0,/m/04rlf,0,0,0,0,0,0,0,0
Vq1ML8W-XWw,20.0,30.0,/m/02mfyn,0,0,0,0,0,0,0,1
jiptw-a8Wgw,30.0,40.0,"/m/03kmc9,/m/0dgbq",0,0,0,0,0,0,1,0
3iL9iOwyh2k,30.0,40.0,/m/04rlf,0,0,0,0,0,0,0,0
JEGBj5r6iW8,350.0,360.0,"/m/09x0r,/t/dd00126",0,0,0,0,0,0,0,0
v112Ebgs1CU,110.0,120.0,"/m/068zj,/m/07pp_mv",0,0,0,0,0,0,0,1
FAYRXclSJE8,50.0,60.0,"/m/014zdl,/m/02z32qm,/m/032s66,/m/0c1dj",0,0,0,1,1,0,0,0
IziZjtQdVf8,110.0,120.0,/m/039jq,0,0,0,0,0,1,0,0
PlTb5hFvFv0,180.0,190.0,"/m/039jq,/m/09x0r",0,0,0,0,0,1,0,0
cPjBRaG3STg,30.0,40.0,"/m/04rlf,/m/07pkxdp",0,0,0,0,0,0,0,0
pmso1Ye6isk,30.0,40.0,"/m/03j1ly,/m/03kmc9,/m/04qvtq",0,0,0,0,0,0,1,0
Paum4pwstD0,130.0,140.0,/m/032s66,0,0,0,0,1,0,0,0
Cmc5j6ZcPyI,30.0,40.0,"/m/03mb9,/m/04rlf",0,0,0,0,0,0,0,0
el963KjdiUE,20.0,30.0,"/m/039jq,/m/07pc8lb",0,0,0,0,0,1,0,0
1uUN8_GgG30,230.0,240.0,"/m/032s66,/m/04zjc",0,0,0,0,1,0,0,0
9GdsWlXpMWU,12.0,22.0,"/m/014zdl,/m/04rlf,/m/09x0r",0,0,0,1,0,0,0,0
PgUv_YvZcbo,100.0,110.0,"/m/032s66,/m/04rlf,/m/09x0r",0,0,0,0,1,0,0,0
dqxSeUpCz30,70.0,80.0,"/m/032s66,/m/04zjc",0,0,0,0,1,0,0,0
GEh3IRfPQZk,11.0,21.0,/t/dd00002,0,0,1,0,0,0,0,0
RBLQ45X7f-0,26.0,36.0,"/m/04rlf,/m/0g6b5",0,0,0,1,0,0,0,0
SSRDDmZqU0Q,30.0,40.0,/m/04rlf,0,0,0,0,0,0,0,0
ddpLo4up-3o,1.0,11.0,"/m/014zdl,/m/04rlf,/m/07qsvvw,/m/09x0r",0,0,0,1,0,0,0,0
s3GOjEjkgLY,0.0,10.0,"/m/012ndj,/m/03j1ly,/m/03kmc9",0,0,0,0,0,0,1,0
7Bfg94jYDVI,260.0,270.0,"/m/032s66,/m/04zjc",0,0,0,0,1,0,0,0
LIYvDH0mRTM,390.0,400.0,"/m/09x0r,/t/dd00002",0,0,1,0,0,0,0,0
SPp7jVAjVW0,30.0,40.0,"/m/07p6fty,/m/09x0r",0,1,0,0,0,0,0,0
wcvUmhtQ6gY,50.0,60.0,"/m/03qc9zr,/m/09x0r",1,0,0,0,0,0,0,0
jqibFMBplKE,0.0,10.0,"/m/03qtwd,/m/04gy_2,/t/dd00135",0,1,0,0,0,0,0,0
6bQGbJutS5g,30.0,40.0,"/m/03qc9zr,/m/03qtwd,/m/04rlf,/m/09x0r",1,0,0,0,0,0,0,0
X0CTBBce7Mg,30.0,40.0,"/m/014zdl,/m/07qsvvw,/m/09x0r",0,0,0,1,0,0,0,0
3fGA82xboe0,10.0,20.0,"/m/01j3sz,/m/0463cq4",0,0,1,0,0,0,0,0
9dLUJRQELfk,30.0,40.0,/m/03kmc9,0,0,0,0,0,0,1,0
lg1h7X4QgRY,150.0,160.0,"/m/039jq,/m/09x0r",0,0,0,0,0,1,0,0
do5gd0lFHdY,30.0,40.0,"/m/03qc9zr,/m/09x0r",1,0,0,0,0,0,0,0
31b14AATHh4,40.0,50.0,/m/01y3hg,0,0,0,0,0,0,0,1
CtF-tqs-Xx4,80.0,90.0,"/m/032s66,/m/04rlf,/m/09x0r",0,0,0,0,1,0,0,0
4-6Ghf18Dq8,30.0,40.0,"/m/04rlf,/m/06bz3,/m/09x0r",0,0,0,0,0,0,0,0
aLHxMaT3uYg,80.0,90.0,"/m/012ndj,/m/03j1ly,/m/07qv_d5,/m/07r04,/m/07yv9,/m/0912c9",0,0,0,0,0,0,1,0
58Ohwuc1Jug,80.0,90.0,/m/03kmc9,0,0,0,0,0,0,1,0
H9D844BXDyM,10.0,20.0,"/m/0463cq4,/m/09x0r",0,0,1,0,0,0,0,0
A8IV2P2313I,90.0,100.0,"/m/012ndj,/m/03j1ly,/m/07r04,/m/07yv9,/m/09x0r",0,0,0,0,0,0,1,0
u0fw0p2hHUw,240.0,250.0,"/m/015lz1,/m/04rlf,/m/04szw,/m/07y_7,/m/0l14_3",0,0,0,0,0,0,0,0
8TxQIidMWTo,30.0,40.0,"/m/014zdl,/m/04rlf",0,0,0,1,0,0,0,0
2kuuwEr32YE,30.0,40.0,"/m/03qc9zr,/m/03qtwd,/m/04rlf,/m/053hz1,/m/09x0r",1,0,0,0,0,0,0,0
4YdbENYcIyE,23.0,33.0,"/m/04rlf,/t/dd00002",0,0,1,0,0,0,0,0
idIIxog9f04,280.0,290.0,"/m/01y3hg,/m/09x0r",0,0,0,0,0,0,0,1
_ifmzIgES34,120.0,130.0,"/m/01s0ps,/m/02fsn,/m/03xq_f,/m/04rlf,/m/04szw,/m/05148p4",0,0,0,0,0,0,0,0
8AVztYoEXkY,30.0,40.0,"/m/0463cq4,/m/09x0r,/m/0ytgt,/t/dd00002",0,0,1,0,0,0,0,0
j7238G4XtGY,70.0,80.0,"/m/03qc9zr,/m/09x0r",1,0,0,0,0,0,0,0
wx-tm97Dt-8,100.0,110.0,"/m/02z32qm,/m/032s66,/m/04rlf",0,0,0,0,1,0,0,0
W69szvFyP1I,0.0,10.0,"/m/03qc9zr,/m/04rlf",1,0,0,0,0,0,0,0
MF2hxT9su7A,560.0,570.0,"/m/09x0r,/m/0c3f7m",0,0,0,0,0,0,0,1
tAm4WJ7OTYo,10.0,20.0,"/m/012f08,/m/039jq,/m/07pc8lb,/m/07yv9,/m/0k4j",0,0,0,0,0,1,0,0
scEycf7OMaE,10.0,20.0,"/m/032s66,/m/04rlf",0,0,0,0,1,0,0,0
VuHVObYuoOQ,0.0,10.0,"/m/01hnzm,/m/04rlf,/m/0dwsp",0,0,0,0,0,0,0,0
dFpBFmvY9HY,10.0,20.0,"/m/01y3hg,/m/09x0r",0,0,0,0,0,0,0,1
ajGS9Xe2-D0,0.0,10.0,/m/03qc9zr,1,0,0,0,0,0,0,0
Q7MD7hSHNzo,130.0,140.0,/m/02mfyn,0,0,0,0,0,0,0,1
Ls78idfGptE,40.0,50.0,/m/0g6b5,0,0,0,1,0,0,0,0
6NjnEAXIEr8,29.0,39.0,/m/09x0r,0,0,0,0,0,0,0,0
-kqYEgeadu8,0.0,10.0,"/m/014zdl,/m/09x0r",0,0,0,1,0,0,0,0
95T2WjyDhKk,30.0,40.0,"/m/03j1ly,/m/03kmc9,/m/04qvtq,/m/07yv9,/m/09x0r,/m/0k4j",0,0,0,0,0,0,1,0
BspWYG414c4,30.0,40.0,"/m/04rlf,/m/0g6b5",0,0,0,1,0,0,0,0
R_9KeI8cXXQ,40.0,50.0,"/m/09x0r,/t/dd00125",0,0,0,0,0,0,0,0
1SrkD5LS9m4,100.0,110.0,"/m/039jq,/m/04brg2,/m/09x0r",0,0,0,0,0,1,0,0
3DMxZ4yWWYE,30.0,40.0,/m/032s66,0,0,0,0,1,0,0,0
47k_Vd9a9w8,30.0,40.0,"/m/02sgy,/m/0342h,/m/04rlf,/m/04szw,/m/0fx80y",0,0,0,0,0,0,0,0
49Aksz7NMCQ,130.0,140.0,"/m/032s66,/m/04zjc",0,0,0,0,1,0,0,0
2aViX0id7Kk,17.0,27.0,"/m/014zdl,/m/07qsvvw,/m/09x0r",0,0,0,1,0,0,0,0
Tfp8Jpg4Lgk,30.0,40.0,"/m/03kmc9,/m/0dgbq",0,0,0,0,0,0,1,0
7T-tZa4o2DQ,80.0,90.0,"/m/03kmc9,/m/04rlf,/m/0l14qv",0,0,0,0,0,0,1,0
G6UODYAOZ4s,30.0,40.0,"/m/025rv6n,/m/032s66,/m/04zjc,/m/07qwf61,/m/0dbvp",0,0,0,0,1,0,0,0
BQSrGCFw9rI,30.0,40.0,"/m/032s66,/m/09x0r",0,0,0,0,1,0,0,0
Fm5qMu2CBbA,160.0,170.0,"/m/03qc9zr,/m/0jbk",1,0,0,0,0,0,0,0
OCyw00OrrJw,360.0,370.0,/m/02mfyn,0,0,0,0,0,0,0,1
cl_M_HCM0m8,30.0,40.0,"/m/03qtwd,/m/04rlf,/m/064t9,/m/07p6fty,/m/07sr1lc",0,1,0,0,0,0,0,0
MsB3Hj4lkkU,30.0,40.0,/m/09x0r,0,0,0,0,0,0,0,0
jxKahx88ro8,30.0,40.0,"/m/03kmc9,/m/0dgbq",0,0,0,0,0,0,1,0
IfCVQUeDo40,130.0,140.0,"/m/03j1ly,/m/03kmc9,/m/04qvtq",0,0,0,0,0,0,1,0
ajLqSaOQspc,80.0,90.0,"/m/0463cq4,/m/09x0r",0,0,1,0,0,0,0,0
G9z2NfyudGc,30.0,40.0,/m/04rlf,0,0,0,0,0,0,0,0
lMiNb3thwkQ,10.0,20.0,/m/032s66,0,0,0,0,1,0,0,0
vkFjgakRz_w,120.0,130.0,"/m/0463cq4,/m/07r660_,/m/09x0r",0,0,1,0,0,0,0,0
d8BX7Wvu_18,460.0,470.0,"/m/03qc9zr,/m/09x0r",1,0,0,0,0,0,0,0
JWZpp-w5TcU,150.0,160.0,"/m/02zsn,/m/03qc9zr,/m/09x0r",1,0,0,0,0,0,0,0
tcyI_KZjaxw,40.0,50.0,/m/03kmc9,0,0,0,0,0,0,1,0
uw4Ixj35j3g,60.0,70.0,"/m/03qc9zr,/m/09x0r",1,0,0,0,0,0,0,0
DC7zaEhDiHI,10.0,20.0,"/m/019jd,/m/07yv9,/m/09x0r,/t/dd00128",0,0,0,0,0,0,0,0
PxGrPwR4aMs,30.0,40.0,"/m/03qc9zr,/m/0463cq4,/m/09x0r",1,0,1,0,0,0,0,0
J1qHC3I3J2I,140.0,150.0,"/m/09x0r,/m/0g6b5",0,0,0,1,0,0,0,0
tpVj6XmEm9k,360.0,370.0,"/m/032s66,/m/09x0r",0,0,0,0,1,0,0,0
N29V2dfTs2w,50.0,60.0,"/m/09x0r,/m/0c3f7m",0,0,0,0,0,0,0,1
oezAMNywotU,0.0,10.0,"/m/03k3r,/m/03qc9zr,/m/09x0r,/m/0jbk",1,0,0,0,0,0,0,0
Q_-FjojnpoY,390.0,400.0,/m/032s66,0,0,0,0,1,0,0,0
KyRActRVYPw,30.0,40.0,"/m/03qc9zr,/m/04rlf",1,0,0,0,0,0,0,0
4AEUe6nBzho,28.0,38.0,"/m/014zdl,/m/04rlf,/m/07qsvvw,/m/09x0r",0,0,0,1,0,0,0,0
lgOiaQGOn28,24.0,34.0,"/m/012ndj,/m/07yv9,/m/09x0r",0,0,0,0,0,0,1,0
3gBweLbN1gQ,210.0,220.0,/m/039jq,0,0,0,0,0,1,0,0
Kp2XtTQSnSY,30.0,40.0,"/m/04rlf,/m/04szw",0,0,0,0,0,0,0,0
vFGn2s3Bdfs,17.0,27.0,"/m/03qc9zr,/m/04rlf,/m/09x0r",1,0,0,0,0,0,0,0
7kRq3CX0TCY,10.0,20.0,"/m/0463cq4,/m/09x0r",0,0,1,0,0,0,0,0
XDlWtJKn7Ls,30.0,40.0,"/m/03qc9zr,/m/09x0r",1,0,0,0,0,0,0,0
GjATucAs0_4,30.0,40.0,/m/03kmc9,0,0,0,0,0,0,1,0
tYBgI070c9c,40.0,50.0,"/m/09x0r,/m/0g6b5",0,0,0,1,0,0,0,0
zX_ZXeTf0K4,100.0,110.0,/m/032s66,0,0,0,0,1,0,0,0
YfcoD95p6vc,140.0,150.0,"/m/03qtwd,/m/04rlf,/m/07p6fty,/m/09x0r",0,1,0,0,0,0,0,0
B5cbMPwlbNA,20.0,30.0,"/g/122z_qxw,/m/0g6b5",0,0,0,1,0,0,0,0
te7XZNGBM3k,100.0,110.0,"/m/032s66,/m/073cg4",0,0,0,0,1,0,0,0
17hNGTxg6pU,30.0,40.0,"/m/03qc9zr,/m/0l14jd",1,0,0,0,0,0,0,0
Lvx-6BOR_Ss,0.0,10.0,"/m/04rlf,/m/07p6fty,/m/09x0r",0,1,0,0,0,0,0,0
c459CZOU0LI,30.0,40.0,"/m/04rlf,/m/09x0r,/t/dd00128",0,0,0,0,0,0,0,0
SCt6dPd-OsU,280.0,290.0,"/m/015lz1,/m/04rlf,/m/07p6fty,/t/dd00126",0,1,0,0,0,0,0,0
ydaG5anxZ0M,20.0,30.0,"/m/03qtwd,/m/053hz1,/t/dd00135",0,1,0,0,0,0,0,0
pJsw8XTuvD4,300.0,310.0,/m/032s66,0,0,0,0,1,0,0,0
oKsYuU_7S20,0.0,10.0,"/m/04rlf,/m/04szw,/m/05r5c,/m/07y_7",0,0,0,0,0,0,0,0
G6Ggy5tNjQU,30.0,40.0,"/m/07qz6j3,/m/09x0r,/t/dd00002",0,0,1,0,0,0,0,0
iyTXoHQ6XwQ,30.0,40.0,"/m/03kmc9,/m/09x0r,/m/0dgbq",0,0,0,0,0,0,1,0
S_MW9376voA,14.0,24.0,"/m/09x0r,/m/0g6b5",0,0,0,1,0,0,0,0
KuCGKId8XoA,10.0,20.0,/m/039jq,0,0,0,0,0,1,0,0
O99RuFCKmHw,30.0,40.0,"/m/032s66,/m/0_1c",0,0,0,0,1,0,0,0
dS_MlNlS3Hw,24.0,34.0,"/m/09x0r,/t/dd00002",0,0,1,0,0,0,0,0
I6YfsWzCvLI,30.0,40.0,"/m/09x0r,/m/0c3f7m",0,0,0,0,0,0,0,1
kP6fQt44Id4,30.0,40.0,/m/09x0r,0,0,0,0,0,0,0,0
FoN6X2a9QY4,180.0,190.0,/m/04rlf,0,0,0,0,0,0,0,0
TTEJn4hExEg,140.0,150.0,/m/039jq,0,0,0,0,0,1,0,0
4wtYx-VZM7o,180.0,190.0,"/m/09x0r,/m/0c3f7m",0,0,0,0,0,0,0,1
DYf2IN2jL3I,210.0,220.0,"/m/03qtwd,/m/053hz1,/t/dd00135",0,1,0,0,0,0,0,0
FuWDfaQjbvs,100.0,110.0,"/m/01x3z,/m/046dlr,/m/07pp_mv",0,0,0,0,0,0,0,1
DeTOPy4UkBM,30.0,40.0,/m/04rlf,0,0,0,0,0,0,0,0
ZPbBi2BuCaA,50.0,60.0,"/m/02lkt,/m/04rlf,/m/07s72n",0,0,0,0,0,0,0,0
E0dyx6hifaA,30.0,40.0,"/m/014zdl,/m/09x0r",0,0,0,1,0,0,0,0
3kVMzUd9yus,30.0,40.0,"/m/02sgy,/m/0342h,/m/04rlf,/m/04szw,/m/07s0s5r,/m/0fx80y",0,0,0,0,0,0,0,0
G17hV80nbAg,5.0,15.0,"/m/03qc9zr,/m/04rlf,/m/09x0r",1,0,0,0,0,0,0,0
6MmJ0p2Btuo,180.0,190.0,"/m/09x0r,/m/0g6b5",0,0,0,1,0,0,0,0
OIsusvNXM9E,70.0,80.0,"/m/03qtwd,/m/053hz1,/t/dd00135",0,1,0,0,0,0,0,0
sOD1wLFL56c,22.0,32.0,"/m/012ndj,/m/07yv9",0,0,0,0,0,0,1,0
bbGWW_s5si8,60.0,70.0,"/m/02y_763,/m/039jq,/m/09x0r",0,0,0,0,0,1,0,0
P0JmQ1eKhCE,30.0,40.0,/m/04rlf,0,0,0,0,0,0,0,0
KQtwdTVr5hk,150.0,160.0,"/m/03qtwd,/m/053hz1,/t/dd00135",0,1,0,0,0,0,0,0
QRBD2TjXpcc,0.0,10.0,/m/01y3hg,0,0,0,0,0,0,0,1
ySUuWxNEDtY,30.0,40.0,"/m/03qc9zr,/m/09x0r",1,0,0,0,0,0,0,0
Aq0IJYGMEdM,10.0,20.0,"/m/03qtwd,/m/04rlf,/m/07p6fty,/m/09x0r",0,1,0,0,0,0,0,0
1qku5sNlbhQ,70.0,80.0,/m/0c3f7m,0,0,0,0,0,0,0,1
KnL3zQOTyuk,10.0,20.0,"/m/032s66,/m/04rlf",0,0,0,0,1,0,0,0
Es05m8l6nZI,290.0,300.0,"/m/03qtwd,/m/053hz1,/t/dd00135",0,1,0,0,0,0,0,0
AFCKvrIkshU,30.0,40.0,/m/032s66,0,0,0,0,1,0,0,0
GEOvdsvnnIM,0.0,10.0,"/m/03qc9zr,/m/09x0r",1,0,0,0,0,0,0,0
SJ4be368BXo,40.0,50.0,/m/0g6b5,0,0,0,1,0,0,0,0
3TDpwW3Hdbo,30.0,40.0,"/m/014zdl,/m/0155w,/m/04rlf",0,0,0,1,0,0,0,0
laLpr42wym0,30.0,40.0,"/m/012ndj,/m/07yv9,/m/09x0r",0,0,0,0,0,0,1,0
K2VEwu7vG8k,30.0,40.0,"/m/09x0r,/t/dd00002",0,0,1,0,0,0,0,0
HzOhmPTFOJw,0.0,10.0,"/m/04rlf,/m/07p6fty,/m/09x0r",0,1,0,0,0,0,0,0
CbBa2toCIUE,210.0,220.0,"/m/032s66,/m/073cg4",0,0,0,0,1,0,0,0
mHK9VUhvUJg,20.0,30.0,"/m/07p6fty,/m/09x0r",0,1,0,0,0,0,0,0
cWgHxozrrVg,30.0,40.0,"/g/122z_qxw,/m/0g6b5",0,0,0,1,0,0,0,0
1M7bb668bm4,20.0,30.0,"/m/03qc9zr,/m/09x0r",1,0,0,0,0,0,0,0
H7-orYrKBeo,70.0,80.0,"/m/01bjv,/m/0463cq4,/m/07yv9,/m/09x0r",0,0,1,0,0,0,0,0
-6HRiqCD8lU,30.0,40.0,/m/04rlf,0,0,0,0,0,0,0,0
8AUjjaMvxdw,30.0,40.0,"/m/014zdl,/m/07qsvvw,/m/09x0r",0,0,0,1,0,0,0,0
xYB7s-UF4l0,10.0,20.0,"/m/039jq,/m/04rlf",0,0,0,0,0,1,0,0
3uZQYCAhNyU,13.0,23.0,"/m/03qc9zr,/m/04rlf",1,0,0,0,0,0,0,0
d4wfxCBWpxc,160.0,170.0,"/m/07yv9,/m/09x0r,/m/0k4j",0,0,0,0,0,0,0,0
DO9kMW3f7Po,3.0,13.0,/m/03qc9zr,1,0,0,0,0,0,0,0
antsgaNkyVE,10.0,20.0,"/m/04rlf,/m/07p6fty,/m/09x0r",0,1,0,0,0,0,0,0
KRN4k96LO3c,30.0,40.0,/m/02mfyn,0,0,0,0,0,0,0,1
VyPvoGEgBHU,0.0,10.0,"/m/0463cq4,/m/09x0r,/t/dd00002",0,0,1,0,0,0,0,0
i-28wN9CvyM,17.0,27.0,/t/dd00002,0,0,1,0,0,0,0,0
JsE05nXQPwo,30.0,40.0,/m/04rlf,0,0,0,0,0,0,0,0
Ia6KVduOj8w,160.0,170.0,"/m/03qc9zr,/m/09x0r",1,0,0,0,0,0,0,0
dD8_s0BbcCM,30.0,40.0,"/m/04rlf,/m/09x0r,/m/0g12c5",0,0,0,0,0,0,0,0
DV_gG7uem6Y,70.0,80.0,/m/03qc9zr,1,0,0,0,0,0,0,0
PQpqwezl6p4,70.0,80.0,/m/07pp_mv,0,0,0,0,0,0,0,1
wKpPLTCgm34,60.0,70.0,"/m/039jq,/m/09x0r",0,0,0,0,0,1,0,0
uX1NKeuuVjY,190.0,200.0,/m/09x0r,0,0,0,0,0,0,0,0
C7L3sp5qcc8,60.0,70.0,/m/0c3f7m,0,0,0,0,0,0,0,1
J4xYGPYE68g,60.0,70.0,"/m/04rlf,/m/07p6fty",0,1,0,0,0,0,0,0
uZTXWzbHlrw,250.0,260.0,/m/039jq,0,0,0,0,0,1,0,0
IGAyAb8LeWY,30.0,40.0,"/m/032s66,/m/0_1c",0,0,0,0,1,0,0,0
yaBqg0Vfgyc,430.0,440.0,"/m/032s66,/m/09x0r,/t/dd00128",0,0,0,0,1,0,0,0
fojyzit09fc,80.0,90.0,"/m/03qc9zr,/m/09x0r",1,0,0,0,0,0,0,0
vAld2w4Limw,0.0,9.0,"/m/039jq,/m/0c1dj",0,0,0,0,0,1,0,0
6qcAvtSR-vU,30.0,40.0,/m/09x0r,0,0,0,0,0,0,0,0
Lj4Es4QWWgc,30.0,40.0,"/m/04rlf,/m/09x0r",0,0,0,0,0,0,0,0
jxptzo-XrBM,90.0,100.0,"/m/09x0r,/m/0c3f7m",0,0,0,0,0,0,0,1
3_XYxXaCVxU,30.0,40.0,"/m/012ndj,/m/03j1ly,/m/07yv9,/m/09x0r",0,0,0,0,0,0,1,0
Nw3tfb1wVwg,30.0,40.0,/m/09x0r,0,0,0,0,0,0,0,0
5JfQEHuzXX4,30.0,40.0,"/m/04rlf,/m/09x0r",0,0,0,0,0,0,0,0
TAjFI47LNSs,0.0,10.0,"/m/039jq,/m/04rlf,/m/09x0r",0,0,0,0,0,1,0,0
mCLpVWMZVPE,0.0,10.0,"/m/04rlf,/t/dd00129",0,0,0,0,0,0,0,0
xFqA0foiO7g,30.0,40.0,"/m/01y3hg,/m/09x0r,/m/0c3f7m",0,0,0,0,0,0,0,1
1f9QJVrgs7Y,30.0,40.0,"/m/09x0r,/t/dd00002",0,0,1,0,0,0,0,0
Qs3TtXqSWbs,160.0,170.0,"/m/012n7d,/m/03j1ly,/m/03kmc9,/m/04qvtq",0,0,0,0,0,0,1,0
4ZvzZgfQZeU,30.0,40.0,"/m/04rlf,/t/dd00037",0,0,0,0,0,0,0,0
5EMQSBr7Mkk,380.0,390.0,/m/0463cq4,0,0,1,0,0,0,0,0
UwW9GhFHWEg,30.0,40.0,"/m/09x0r,/m/0g6b5",0,0,0,1,0,0,0,0
EPja93StdqQ,60.0,70.0,"/m/07pp_mv,/m/09x0r",0,0,0,0,0,0,0,1
aVvka4M979A,25.0,35.0,/m/03kmc9,0,0,0,0,0,0,1,0
LQDSRv9jXK4,30.0,40.0,"/m/04rlf,/m/09x0r",0,0,0,0,0,0,0,0
015djWravO0,50.0,60.0,"/m/03qtwd,/m/053hz1,/t/dd00135",0,1,0,0,0,0,0,0
vYHrV6SCrek,30.0,40.0,/m/032s66,0,0,0,0,1,0,0,0
-KMcTEOuiGg,250.0,260.0,"/m/039jq,/m/09x0r",0,0,0,0,0,1,0,0
ZbASsCFqD8g,0.0,10.0,"/m/039jq,/m/04rlf,/m/09x0r",0,0,0,0,0,1,0,0
3IHLHSUoBDk,110.0,120.0,"/m/04rlf,/m/07p6fty",0,1,0,0,0,0,0,0
0o1aGQAWcQE,30.0,40.0,"/m/03qc9zr,/m/09x0r,/m/0jbk",1,0,0,0,0,0,0,0
PMsGYE3Dn0E,170.0,180.0,/m/03qc9zr,1,0,0,0,0,0,0,0
SW14ygfksvw,190.0,200.0,"/m/015lz1,/m/04rlf,/m/07p6fty,/m/09x0r",0,1,0,0,0,0,0,0
k7vdRkUx8DM,30.0,40.0,"/m/012ndj,/m/03j1ly,/m/09x0r",0,0,0,0,0,0,1,0
Lkq5fOPyViU,30.0,40.0,"/m/014zdl,/m/04rlf,/m/09x0r",0,0,0,1,0,0,0,0
HHMU8osqngw,30.0,40.0,/m/04rlf,0,0,0,0,0,0,0,0
MgjgffhhpVs,15.0,25.0,"/m/014zdl,/m/07qsvvw",0,0,0,1,0,0,0,0
J2mN1XK_eNI,30.0,40.0,"/m/01hgjl,/m/04rlf",0,0,0,0,0,0,0,0
k9UC0DwpPLo,0.0,10.0,"/m/03qc9zr,/m/09x0r",1,0,0,0,0,0,0,0
9uGgsccV7KY,90.0,100.0,"/m/01glhc,/m/0342h,/m/04rlf,/m/04szw,/m/0fx80y",0,0,0,0,0,0,0,0
UuxWhKQssyY,90.0,100.0,"/m/01glhc,/m/02sgy,/m/0342h,/m/04rlf,/m/04szw,/m/0fx80y",0,0,0,0,0,0,0,0
nlnNTrchKQk,330.0,340.0,"/m/04rlf,/m/07p6fty,/m/09x0r",0,1,0,0,0,0,0,0
K6ptIm40Fh4,30.0,40.0,/m/07pp_mv,0,0,0,0,0,0,0,1
vrT6Tc_FWGA,40.0,50.0,/m/02mfyn,0,0,0,0,0,0,0,1
nKWYQZ90x6Y,30.0,40.0,"/m/02zsn,/m/09x0r",0,0,0,0,0,0,0,0
96oKNeqH4MA,60.0,70.0,"/m/015lz1,/m/04rlf,/m/07p6fty",0,1,0,0,0,0,0,0
t3zeNkXa0CM,290.0,300.0,"/m/01x3z,/m/07pp_mv,/m/09x0r",0,0,0,0,0,0,0,1
csO2UEJuh68,30.0,40.0,"/m/04rlf,/m/09x0r",0,0,0,0,0,0,0,0
R9Or7g2LTTU,80.0,90.0,"/m/032s66,/m/04rlf,/m/09x0r",0,0,0,0,1,0,0,0
-Q_nVD3fkIs,30.0,40.0,/m/014zdl,0,0,0,1,0,0,0,0
tR9fTVNKxWs,100.0,110.0,/m/0463cq4,0,0,1,0,0,0,0,0
JwBnRu620xQ,170.0,180.0,"/m/04rlf,/m/07p6fty,/t/dd00128",0,1,0,0,0,0,0,0
hgIw1TFb5Y0,120.0,130.0,/m/04rlf,0,0,0,0,0,0,0,0
AbMcQ42zYlw,50.0,60.0,"/m/015lz1,/m/04rlf,/m/07p6fty,/t/dd00126",0,1,0,0,0,0,0,0
L_ZUyz1MO4A,10.0,20.0,"/m/01hgjl,/m/04rlf,/m/04szw,/m/0glt670",0,0,0,0,0,0,0,0
FvpKKOQ57Ow,50.0,60.0,"/m/09x0r,/m/0g6b5",0,0,0,1,0,0,0,0
HEg1bmaRqlA,30.0,40.0,"/m/012n7d,/m/03j1ly,/m/03kmc9,/m/04qvtq,/m/07yv9,/m/0k4j",0,0,0,0,0,0,1,0
06S0WuFc0-0,20.0,30.0,"/m/039jq,/m/09x0r",0,0,0,0,0,1,0,0
sTMNZdEh7ys,30.0,40.0,/m/012ndj,0,0,0,0,0,0,1,0
Xh9XzXPpjBc,10.0,20.0,"/m/04rlf,/m/09x0r,/t/dd00002",0,0,1,0,0,0,0,0
R1Jm3QuuF5k,150.0,160.0,"/m/07pb8fc,/m/07r04,/m/07yv9,/m/09x0r",0,0,0,0,0,0,0,0
Wp3PoVogs2Y,30.0,40.0,/m/04rlf,0,0,0,0,0,0,0,0
yqLmJKht9Jo,40.0,50.0,"/m/014zdl,/m/09x0r",0,0,0,1,0,0,0,0
AUfHpCBQjRA,160.0,170.0,"/m/012f08,/m/012ndj,/m/07yv9,/m/0912c9,/m/09x0r",0,0,0,0,0,0,1,0
-l50tPEmxwg,80.0,90.0,"/m/07pp_mv,/t/dd00125",0,0,0,0,0,0,0,1
sjLKQZ3qnV0,10.0,20.0,"/m/04rlf,/m/09x0r",0,0,0,0,0,0,0,0
0YnOMAls83g,30.0,40.0,"/m/03qc9zr,/m/053hz1,/m/07qfr4h,/m/09x0r",1,0,0,0,0,0,0,0
ELj9CaNuCbY,30.0,40.0,/m/03qc9zr,1,0,0,0,0,0,0,0
OOR9UwTNh5k,30.0,40.0,"/m/012ndj,/m/02mk9,/m/03j1ly,/m/07q2z82,/m/07r04,/t/dd00067",0,0,0,0,0,0,1,0
PNJ20TzAx60,190.0,200.0,"/m/015lz1,/m/04rlf,/m/07p6fty",0,1,0,0,0,0,0,0
0tQqVhi4vHQ,30.0,40.0,/m/04rlf,0,0,0,0,0,0,0,0
DYYeyaP4aVU,140.0,150.0,"/m/02mscn,/m/04rlf,/m/07p6fty",0,1,0,0,0,0,0,0
2Qad3-jTDYY,210.0,220.0,/m/09x0r,0,0,0,0,0,0,0,0
70oAfInLIjg,30.0,40.0,"/m/012ndj,/m/07yv9,/m/0k4j",0,0,0,0,0,0,1,0
dFa7h8H7yaw,30.0,40.0,"/m/04rlf,/m/07p6fty,/m/09x0r",0,1,0,0,0,0,0,0
YMCrfRzGxvo,30.0,40.0,/m/032s66,0,0,0,0,1,0,0,0
Ab51oVS98Qo,60.0,70.0,"/m/032s66,/m/04zjc",0,0,0,0,1,0,0,0
FoMax5ImyqM,270.0,280.0,"/m/04qvtq,/m/0k4j",0,0,0,0,0,0,1,0
1w4nx8vGh_s,200.0,210.0,"/m/03qtwd,/m/053hz1,/t/dd00135",0,1,0,0,0,0,0,0
ob16doMHioI,5.0,15.0,"/m/012ndj,/m/02mk9,/m/03j1ly,/m/07q2z82,/m/07r04,/m/07yv9,/m/0k4j",0,0,0,0,0,0,1,0
2UUUivJa6DY,0.0,7.0,"/m/03qc9zr,/m/04rlf",1,0,0,0,0,0,0,0
V1iOigCIfi8,30.0,40.0,/m/032s66,0,0,0,0,1,0,0,0
I63o1_bQS3U,160.0,170.0,"/m/039jq,/m/04rlf",0,0,0,0,0,1,0,0
bDHH5UTpHMs,30.0,40.0,"/m/04rlf,/m/09x0r",0,0,0,0,0,0,0,0
LC1fFFTg8kQ,30.0,40.0,"/m/04rlf,/m/09x0r",0,0,0,0,0,0,0,0
oscGAFViJok,250.0,260.0,"/m/039jq,/m/09x0r",0,0,0,0,0,1,0,0
IvKUk0Ulzms,10.0,20.0,"/m/03kmc9,/m/0dgbq",0,0,0,0,0,0,1,0
hbyfufMdK1w,30.0,40.0,/m/04rlf,0,0,0,0,0,0,0,0
bl0KVdJ-MM0,30.0,40.0,"/m/012n7d,/m/012ndj,/m/03j1ly,/m/03kmc9",0,0,0,0,0,0,1,0
zWJnB5edlG4,0.0,10.0,/m/07pp_mv,0,0,0,0,0,0,0,1
-CsVvYRXa2A,330.0,340.0,/m/032s66,0,0,0,0,1,0,0,0
p1N6c3p4IVY,10.0,20.0,/m/04rlf,0,0,0,0,0,0,0,0
UgTkiY6iF90,50.0,60.0,"/m/032s66,/m/073cg4",0,0,0,0,1,0,0,0
1UIjY1Hj9u8,30.0,40.0,"/m/03kmc9,/m/0dgbq",0,0,0,0,0,0,1,0
W6XftzxhWYw,13.0,23.0,"/m/04rlf,/m/09x0r,/t/dd00002",0,0,1,0,0,0,0,0
LXy9107T1o8,80.0,90.0,/m/014zdl,0,0,0,1,0,0,0,0
Sksf0eh0MSc,0.0,10.0,"/m/01bjv,/m/03qc9zr,/m/07yv9,/m/0838f,/m/09x0r",1,0,0,0,0,0,0,0
cHA13BRe5rQ,30.0,40.0,"/m/014zdl,/m/09x0r",0,0,0,1,0,0,0,0
ylsetAz_Bes,190.0,200.0,"/m/030rvx,/m/068hy,/m/07pp_mv,/m/09x0r,/m/0bt9lr,/m/0jbk,/t/dd00128",0,0,0,0,0,0,0,1
P9-NQGSdDQ4,0.0,10.0,"/m/04rlf,/m/0c3f7m",0,0,0,0,0,0,0,1
wFeXd3wfiCE,50.0,60.0,"/m/07s2xch,/m/09x0r",0,0,0,0,0,0,0,0
1cC-u0uRcVw,22.0,32.0,/m/04rlf,0,0,0,0,0,0,0,0
CErkYW4tMm4,30.0,40.0,"/m/012ndj,/m/03j1ly,/m/03kmc9,/m/04qvtq",0,0,0,0,0,0,1,0
SPbyOzo-ZzE,330.0,340.0,/m/032s66,0,0,0,0,1,0,0,0
5VfWpC2JpPg,10.0,20.0,"/m/0463cq4,/m/09x0r",0,0,1,0,0,0,0,0
FTmxolWpI4M,70.0,80.0,"/m/03j1ly,/m/03kmc9,/m/04qvtq",0,0,0,0,0,0,1,0
oJSaOFfZ7ow,120.0,130.0,"/m/039jq,/m/04rlf",0,0,0,0,0,1,0,0
N_0c9rFkm4A,20.0,30.0,"/m/04rlf,/m/06j64v",0,0,0,0,0,0,0,0
269Bvs-xdgY,0.0,10.0,"/m/0463cq4,/m/09x0r",0,0,1,0,0,0,0,0
mNodBZUuQ64,30.0,40.0,/m/032s66,0,0,0,0,1,0,0,0
a1bqaTKoAi4,30.0,40.0,/m/09x0r,0,0,0,0,0,0,0,0
3Q3eLmIxM3Q,30.0,40.0,"/m/03qtwd,/m/04rlf,/m/07p6fty",0,1,0,0,0,0,0,0
MpwZDLFFJoc,0.0,10.0,"/g/122z_qxw,/m/09x0r,/m/0g6b5",0,0,0,1,0,0,0,0
XAEQJZH9s54,30.0,40.0,/m/09x0r,0,0,0,0,0,0,0,0
rE-tQIeS1UQ,30.0,40.0,/m/09x0r,0,0,0,0,0,0,0,0
aVq6251NOqU,80.0,90.0,/m/03kmc9,0,0,0,0,0,0,1,0
DL7RaVcUufo,30.0,40.0,"/m/04rlf,/m/09x0r",0,0,0,0,0,0,0,0
nUIxFU8H_nA,10.0,20.0,"/m/032s66,/m/04zjc",0,0,0,0,1,0,0,0
OcUFNmLLP48,30.0,40.0,"/m/04rlf,/m/07p6fty",0,1,0,0,0,0,0,0
P25sS77wbYk,90.0,100.0,"/m/04rlf,/m/07p6fty",0,1,0,0,0,0,0,0
CDwk_DbprX4,30.0,40.0,"/m/02fs_r,/m/09x0r,/m/0c3f7m",0,0,0,0,0,0,0,1
psbdcxoEWAw,0.0,7.0,"/m/03qc9zr,/m/0jbk",1,0,0,0,0,0,0,0
gaShWLRRInc,90.0,100.0,"/m/03qtwd,/m/053hz1,/t/dd00135",0,1,0,0,0,0,0,0
ObSTByZs0qk,520.0,530.0,"/m/014zdl,/m/04rlf",0,0,0,1,0,0,0,0
ZROGZx-1UNQ,30.0,40.0,"/m/04rlf,/m/09x0r",0,0,0,0,0,0,0,0
WN5P3-7X8lE,40.0,50.0,/m/0c3f7m,0,0,0,0,0,0,0,1
5LQdX9fo6sQ,200.0,210.0,"/g/122z_qxw,/m/09x0r,/m/0g6b5",0,0,0,1,0,0,0,0
ZVIjKGlswR8,120.0,130.0,"/m/04rlf,/m/07p6fty",0,1,0,0,0,0,0,0
hD7Lh3Rvac0,320.0,330.0,/m/014zdl,0,0,0,1,0,0,0,0
5uumMpn1-rA,0.0,10.0,"/m/04rlf,/m/09x0r",0,0,0,0,0,0,0,0
eHcqH6qp9Tg,30.0,40.0,/m/02mfyn,0,0,0,0,0,0,0,1
5bqVGgtJHBE,310.0,320.0,"/m/03qc9zr,/m/09x0r",1,0,0,0,0,0,0,0
_XnkJ_iwMR0,0.0,10.0,/m/07pp_mv,0,0,0,0,0,0,0,1
xF8H1NDEwn8,30.0,40.0,"/m/01m4t,/m/09x0r",0,0,0,0,0,0,0,0
ziLaj_JIXSE,30.0,40.0,"/m/032s66,/m/04zjc",0,0,0,0,1,0,0,0
jtL3pRACrWo,70.0,80.0,/m/039jq,0,0,0,0,0,1,0,0
CzotiifbywI,30.0,40.0,/t/dd00002,0,0,1,0,0,0,0,0
2rw7Hy0zPTs,180.0,190.0,/m/014zdl,0,0,0,1,0,0,0,0
86VYxet0LXs,210.0,220.0,"/m/012ndj,/m/03j1ly,/m/03kmc9",0,0,0,0,0,0,1,0
VGOG2TsGl90,80.0,90.0,"/m/032s66,/m/073cg4",0,0,0,0,1,0,0,0
3XJHBHuiF3Y,0.0,7.0,"/m/07qz6j3,/t/dd00002",0,0,1,0,0,0,0,0
xCSJlUNJaMA,20.0,30.0,"/m/09x0r,/m/0g6b5",0,0,0,1,0,0,0,0
AefNJJ6dTF4,30.0,40.0,/m/09x0r,0,0,0,0,0,0,0,0
qvvjRSz7vqs,30.0,35.0,/m/09x0r,0,0,0,0,0,0,0,0
kIRzaq6bUdw,180.0,190.0,/m/0c3f7m,0,0,0,0,0,0,0,1
QjkW2YrkrfI,50.0,60.0,"/m/07yv9,/m/0g6b5",0,0,0,1,0,0,0,0
AHg01lejFxw,30.0,40.0,"/m/03qtwd,/m/053hz1,/t/dd00135",0,1,0,0,0,0,0,0
XYsMsBsXFqs,20.0,30.0,"/m/01y3hg,/t/dd00125",0,0,0,0,0,0,0,1
RE419lVyQRs,30.0,40.0,/m/0g6b5,0,0,0,1,0,0,0,0
NGAyQ6v6Jv0,20.0,30.0,/m/07pp_mv,0,0,0,0,0,0,0,1
63KW_EQ72yU,30.0,40.0,"/m/014zdl,/m/07qsvvw",0,0,0,1,0,0,0,0
dV80AR58Y5Q,50.0,60.0,"/m/03qc9zr,/m/04rlf,/m/09x0r",1,0,0,0,0,0,0,0
ToyUXQKrhLE,30.0,40.0,/m/032s66,0,0,0,0,1,0,0,0
YRa5tjnFOf0,100.0,110.0,"/m/09x0r,/m/0c3f7m,/t/dd00125",0,0,0,0,0,0,0,1
7ZxN4Labbsg,30.0,40.0,"/m/03qc9zr,/m/04rlf,/m/07s8j8t",1,0,0,0,0,0,0,0
veODLfV2UMI,30.0,40.0,"/m/012ndj,/m/03j1ly,/m/07yv9",0,0,0,0,0,0,1,0
0C31kc4BD8s,30.0,40.0,/m/04rlf,0,0,0,0,0,0,0,0
ZQhcyAbFESk,30.0,40.0,"/m/09x0r,/t/dd00002",0,0,1,0,0,0,0,0
-fYEXDrl4rQ,30.0,40.0,"/m/04rlf,/m/0l14md",0,0,0,0,0,0,0,0
Orp9gb_uE3U,13.0,23.0,"/m/014zdl,/m/09x0r",0,0,0,1,0,0,0,0
KKjQc4PR6ns,30.0,40.0,"/m/03qtwd,/m/053hz1,/t/dd00135",0,1,0,0,0,0,0,0
WnQAmnjmHmg,70.0,80.0,"/m/012ndj,/m/03j1ly,/m/03kmc9,/m/07r04,/m/07yv9,/m/09x0r",0,0,0,0,0,0,1,0
OLU9mxC0v6s,160.0,170.0,/m/039jq,0,0,0,0,0,1,0,0
82wvzf-I8y8,240.0,250.0,"/m/0463cq4,/m/09x0r",0,0,1,0,0,0,0,0
Ty_Zw3aSdOc,0.0,10.0,/m/03qc9zr,1,0,0,0,0,0,0,0
0yv3q-pMiCM,440.0,450.0,"/m/032s66,/m/04zjc",0,0,0,0,1,0,0,0
2hecPbPZLYc,30.0,40.0,"/m/04rlf,/m/053hz1",0,0,0,0,0,0,0,0
oZJvLZrBuj8,30.0,40.0,/m/0g6b5,0,0,0,1,0,0,0,0
-z7J3PfyT8o,10.0,20.0,/m/032s66,0,0,0,0,1,0,0,0
ffHesVqzJs8,10.0,20.0,"/m/012n7d,/m/03j1ly,/m/03kmc9,/m/04qvtq",0,0,0,0,0,0,1,0
CSfbHfwsIVE,20.0,30.0,"/m/01y3hg,/m/02fs_r,/m/07pp_mv,/m/09x0r",0,0,0,0,0,0,0,1
RVncJlX4m98,30.0,40.0,"/m/0463cq4,/m/07s04w4,/m/09x0r,/t/dd00125",0,0,1,0,0,0,0,0
un4vvwVaSTI,30.0,40.0,"/m/032s66,/m/0_1c",0,0,0,0,1,0,0,0
HSgUeaG0z78,30.0,40.0,"/m/014zdl,/m/07qsvvw,/m/09x0r",0,0,0,1,0,0,0,0
MwOgg-Vb448,30.0,40.0,/m/03kmc9,0,0,0,0,0,0,1,0
4EcM6rmYP9Y,14.0,24.0,"/m/012ndj,/m/03j1ly,/m/07yv9",0,0,0,0,0,0,1,0
mjlMbz939hQ,430.0,440.0,"/m/039jq,/m/09x0r",0,0,0,0,0,1,0,0
z-IBFMHCxBE,240.0,250.0,"/m/015lz1,/m/04rlf,/m/07p6fty,/m/09x0r",0,1,0,0,0,0,0,0
3bqGx2W_DK0,30.0,40.0,"/m/03qc9zr,/m/03qtwd,/m/04rlf,/m/0c1dj",1,0,0,0,0,0,0,0
5uR4ondvGSA,10.0,20.0,/m/032s66,0,0,0,0,1,0,0,0
Ci8obJSBh2c,30.0,40.0,"/m/014zdl,/m/07pxg6y",0,0,0,1,0,0,0,0
6S6kil3vpk8,30.0,40.0,"/m/03qc9zr,/m/04rlf",1,0,0,0,0,0,0,0
aea2OntTY0Q,490.0,500.0,"/m/04rlf,/m/07qfr4h,/m/09x0r,/m/0g6b5",0,0,0,1,0,0,0,0
sdteSch2syo,160.0,170.0,/m/039jq,0,0,0,0,0,1,0,0
re3zz9OXgYQ,40.0,50.0,"/m/03qc9zr,/m/09x0r",1,0,0,0,0,0,0,0
AiAwMWUy-rg,70.0,80.0,"/m/032s66,/m/04zjc",0,0,0,0,1,0,0,0
HXBkOzteh7A,0.0,10.0,"/m/014zdl,/m/09x0r",0,0,0,1,0,0,0,0
PTQpJ3kthXI,30.0,40.0,"/m/012n7d,/m/02mfyn,/m/03j1ly,/m/03kmc9,/m/04qvtq",0,0,0,0,0,0,1,1
ppUhXhseu0E,100.0,110.0,"/m/04rlf,/m/07qnq_y,/m/09x0r,/m/0g6b5",0,0,0,1,0,0,0,0
5dYlvKV6mrc,30.0,40.0,"/m/03qc9zr,/m/09x0r",1,0,0,0,0,0,0,0
l-VV3m8MJZ4,380.0,390.0,"/m/04rlf,/m/09x0r",0,0,0,0,0,0,0,0
Q-0b2iO9Awk,350.0,360.0,"/m/015lz1,/m/03lty,/m/04rlf,/m/07p6fty,/t/dd00128",0,1,0,0,0,0,0,0
-8F8gzxrAlk,70.0,80.0,"/m/07p6fty,/m/09x0r",0,1,0,0,0,0,0,0
fkInBlqLr1I,30.0,40.0,/m/09x0r,0,0,0,0,0,0,0,0
vaY2D2Rk2ng,60.0,70.0,"/m/032s66,/m/04rlf",0,0,0,0,1,0,0,0
A54dnkXY4TU,320.0,330.0,"/m/032s66,/m/073cg4",0,0,0,0,1,0,0,0
VBVTx5aZctU,90.0,100.0,/m/04rlf,0,0,0,0,0,0,0,0
hMvPSKBP3ak,0.0,10.0,"/m/07p6fty,/m/09x0r",0,1,0,0,0,0,0,0
moZJ_XvcIqc,30.0,35.0,/m/04rlf,0,0,0,0,0,0,0,0
5TgiF3cE8Wg,0.0,5.0,"/m/04rlf,/m/09x0r",0,0,0,0,0,0,0,0
YjSkJhuEFyU,30.0,40.0,"/m/012ndj,/m/03j1ly,/m/07r04,/m/07yv9",0,0,0,0,0,0,1,0
3kKgktJRf64,30.0,40.0,"/m/04rlf,/m/07qdb04,/m/09x0r",0,0,0,0,0,0,0,0
W0kWCVjWVAc,30.0,40.0,"/m/03qtwd,/m/053hz1,/t/dd00135",0,1,0,0,0,0,0,0
S_4v4qM9aMc,10.0,20.0,"/m/07pp_mv,/m/0c3f7m",0,0,0,0,0,0,0,1
O7l_w2E3AvU,0.0,10.0,/m/032s66,0,0,0,0,1,0,0,0
Z6bB61fJTtI,30.0,40.0,"/m/03qc9zr,/t/dd00125",1,0,0,0,0,0,0,0
3fxM0ntR7dQ,25.0,35.0,"/m/014zdl,/m/07qsvvw",0,0,0,1,0,0,0,0
bZfqpYM3v_Q,70.0,80.0,"/m/09x0r,/t/dd00125",0,0,0,0,0,0,0,0
PoQAensnTJw,30.0,40.0,/m/09x0r,0,0,0,0,0,0,0,0
QoEal_hKz4Q,30.0,40.0,"/m/032s66,/m/04zjc",0,0,0,0,1,0,0,0
WK3LBMTcYxA,60.0,70.0,"/m/03qc9zr,/m/05zppz,/m/09x0r,/m/0ytgt",1,0,0,0,0,0,0,0
0JOdbnmi_Og,20.0,30.0,"/m/03qc9zr,/m/07ryjzk,/m/09x0r,/t/dd00125",1,0,0,0,0,0,0,0
4VaFtm6avNc,10.0,20.0,"/m/09x0r,/m/0g6b5",0,0,0,1,0,0,0,0
jOx64HnZfZI,140.0,150.0,"/m/012f08,/m/07r04,/m/07yv9,/m/09x0r",0,0,0,0,0,0,0,0
8n1GV99FJ2Y,30.0,40.0,/m/09x0r,0,0,0,0,0,0,0,0
fPwRhtNZ7Hg,300.0,310.0,/m/032s66,0,0,0,0,1,0,0,0
6N58_kQIpyI,30.0,40.0,"/m/07qz6j3,/m/09x0r,/t/dd00002",0,0,1,0,0,0,0,0
sdMXdIdZ-bM,40.0,50.0,"/m/0463cq4,/m/09x0r",0,0,1,0,0,0,0,0
p7fdKsHEyJw,260.0,270.0,"/m/07pp_mv,/m/09x0r,/t/dd00125",0,0,0,0,0,0,0,1
yUb_s5iRHtE,30.0,40.0,/m/09x0r,0,0,0,0,0,0,0,0
VrMuVE7EN0s,30.0,40.0,"/m/02lkt,/m/04rlf,/m/07gxw",0,0,0,0,0,0,0,0
pQoQnGJvGGg,60.0,70.0,"/m/039jq,/m/07k1x",0,0,0,0,0,1,0,0
_RArwXo8F5E,11.0,21.0,/m/04rlf,0,0,0,0,0,0,0,0
4L69SL_Uxs8,10.0,20.0,"/m/07p6fty,/m/09x0r",0,1,0,0,0,0,0,0
IZvOGewX-Lw,30.0,40.0,/t/dd00002,0,0,1,0,0,0,0,0
WwVEMNRmEIc,410.0,420.0,/m/03qtwd,0,0,0,0,0,0,0,0
cyhPzKFIg5U,30.0,40.0,"/m/014zdl,/m/09x0r",0,0,0,1,0,0,0,0
dFSDRwwrP5g,0.0,6.0,/m/014zdl,0,0,0,1,0,0,0,0
00XFTC-X7RA,30.0,40.0,/m/09x0r,0,0,0,0,0,0,0,0
8cVVf4eCs48,30.0,40.0,"/m/04rlf,/m/0gywn,/m/0l14gg",0,0,0,0,0,0,0,0
8fd0eS4_p2k,30.0,40.0,/m/09x0r,0,0,0,0,0,0,0,0
8Pw7Uw2ttcc,30.0,40.0,"/m/03qc9zr,/m/03qtwd,/m/04rlf,/m/09x0r",1,0,0,0,0,0,0,0
hkunxDEshL4,90.0,100.0,"/m/03qtwd,/m/053hz1,/t/dd00135",0,1,0,0,0,0,0,0
jUCJ_LtWUO4,0.0,10.0,/m/02mfyn,0,0,0,0,0,0,0,1
ecjnfbx-BJg,30.0,40.0,"/m/09x0r,/t/dd00125",0,0,0,0,0,0,0,0
bcbRxf3qxfA,0.0,10.0,"/m/015lz1,/m/04rlf,/m/07p6fty,/t/dd00126",0,1,0,0,0,0,0,0
GG2JZbsl3gU,10.0,20.0,"/m/03qc9zr,/m/04rlf,/m/09x0r",1,0,0,0,0,0,0,0
jmTwDCJDNUU,30.0,40.0,"/m/09x0r,/t/dd00002",0,0,1,0,0,0,0,0
2Y_TDafiqow,30.0,40.0,"/m/032s66,/m/0_1c",0,0,0,0,1,0,0,0
wJkvAdX3t2A,30.0,40.0,"/m/032s66,/m/04zjc",0,0,0,0,1,0,0,0
m3gQJIzcdvs,10.0,20.0,/m/032s66,0,0,0,0,1,0,0,0
jId8lbfr-kg,250.0,260.0,"/m/09x0r,/m/0c3f7m",0,0,0,0,0,0,0,1
h_N3xZ3isAU,30.0,40.0,"/m/03qc9zr,/m/04rlf,/m/09x0r",1,0,0,0,0,0,0,0
9AQCuSPBRHc,19.0,29.0,/m/09x0r,0,0,0,0,0,0,0,0
5dL1IDgfQoE,570.0,580.0,/m/09x0r,0,0,0,0,0,0,0,0
za8KPcQ0dTw,360.0,370.0,/m/02mfyn,0,0,0,0,0,0,0,1
aRdVcVS1K3o,30.0,40.0,/m/04rlf,0,0,0,0,0,0,0,0
CguxQTK_x64,30.0,40.0,"/m/012n7d,/m/012ndj,/m/03j1ly,/m/03kmc9,/m/04qvtq",0,0,0,0,0,0,1,0
ungsqi2qR9w,20.0,30.0,/m/0g6b5,0,0,0,1,0,0,0,0
Z6tbk96UFZI,30.0,40.0,/m/09x0r,0,0,0,0,0,0,0,0
iz5BbJSFVgI,50.0,60.0,"/m/03qc9zr,/m/09x0r",1,0,0,0,0,0,0,0
ykGnG1MfoGw,14.0,24.0,/m/01y3hg,0,0,0,0,0,0,0,1
5YSsgdDyYYY,0.0,3.0,/m/014zdl,0,0,0,1,0,0,0,0
J-VpuqI34X0,20.0,30.0,/m/012ndj,0,0,0,0,0,0,1,0
lytV5-d5ZiE,420.0,430.0,"/m/01y3hg,/m/09x0r,/m/0c3f7m",0,0,0,0,0,0,0,1
LqTZUgSifzc,30.0,40.0,/t/dd00002,0,0,1,0,0,0,0,0
hm89JIArHco,0.0,10.0,"/m/032s66,/m/0_1c",0,0,0,0,1,0,0,0
GGZ3EPoirKQ,320.0,330.0,/m/0g6b5,0,0,0,1,0,0,0,0
gsz2s5qnr4Y,30.0,40.0,"/m/015lz1,/m/04rlf,/m/07p6fty,/t/dd00126",0,1,0,0,0,0,0,0
Go4TOy0z6tg,40.0,50.0,"/m/012ndj,/m/03j1ly,/m/03kmc9",0,0,0,0,0,0,1,0
gKORkOpxgQc,70.0,80.0,"/m/015lz1,/m/04rlf,/m/07p6fty,/t/dd00127",0,1,0,0,0,0,0,0
ZW9YBYVFm9c,0.0,10.0,/m/039jq,0,0,0,0,0,1,0,0
s66TsZdwchs,10.0,20.0,/m/07pp_mv,0,0,0,0,0,0,0,1
QMSo_BjxmZc,580.0,590.0,/t/dd00002,0,0,1,0,0,0,0,0
LMPOPMx4ODs,20.0,30.0,"/m/0463cq4,/m/09x0r,/m/0ytgt",0,0,1,0,0,0,0,0
lFxrEu_wlM0,0.0,8.0,/m/0g6b5,0,0,0,1,0,0,0,0
HujVRxj3Cbc,40.0,50.0,/m/0c3f7m,0,0,0,0,0,0,0,1
LqEUnJKbG30,0.0,10.0,"/m/032s66,/m/09x0r",0,0,0,0,1,0,0,0
1HUt1HOLaeY,0.0,2.0,"/m/03qc9zr,/m/03qtwd,/m/04rlf,/m/09x0r",1,0,0,0,0,0,0,0
tFd4wNtFPgc,160.0,170.0,"/m/04rlf,/m/07p6fty,/t/dd00126,/t/dd00127",0,1,0,0,0,0,0,0
dRWkhKbhsy8,30.0,40.0,/m/03qc9zr,1,0,0,0,0,0,0,0
upe9u5aSAsw,180.0,190.0,"/m/03qtwd,/t/dd00135",0,1,0,0,0,0,0,0
3-Z8hACSeL4,80.0,90.0,"/m/026z9,/m/04rlf,/m/07p6fty",0,1,0,0,0,0,0,0
SqlbIZ5FTVI,9.0,19.0,/m/0c3f7m,0,0,0,0,0,0,0,1
zo1D2kSxnxs,60.0,70.0,"/m/04rlf,/m/07lnk,/m/07s72n,/m/0cfdd",0,0,0,0,0,0,0,0
ob21uvxITMI,0.0,10.0,/m/012ndj,0,0,0,0,0,0,1,0
_UsNATz1sgE,30.0,40.0,"/m/012n7d,/m/03j1ly,/m/03kmc9,/m/04qvtq",0,0,0,0,0,0,1,0
X04FOAQFn5I,130.0,140.0,"/m/0342h,/m/03lty,/m/04rlf,/m/06by7,/m/07p6fty,/m/07q4ntr,/m/07sr1lc",0,1,0,0,0,0,0,0
SCxGnAXVhro,60.0,70.0,"/m/03kmc9,/m/04rlf",0,0,0,0,0,0,1,0
ygS6BvqnpkU,0.0,7.0,"/m/03qc9zr,/m/09x0r,/m/0jbk",1,0,0,0,0,0,0,0
Eoamls0LLow,10.0,20.0,"/m/0463cq4,/m/09x0r,/t/dd00002",0,0,1,0,0,0,0,0
B82kfUAbb8I,30.0,40.0,"/m/04rlf,/m/09x0r",0,0,0,0,0,0,0,0
NKeHstOy5lM,0.0,10.0,"/m/0463cq4,/m/09x0r",0,0,1,0,0,0,0,0
XgZURkU6xnc,40.0,50.0,"/m/0463cq4,/m/09x0r,/t/dd00125",0,0,1,0,0,0,0,0
T7vjVbyy2wU,30.0,40.0,/m/09x0r,0,0,0,0,0,0,0,0
bV_qqSZ9FpM,29.0,39.0,/m/02mfyn,0,0,0,0,0,0,0,1
ZewK2yzccP0,30.0,40.0,"/m/04rlf,/m/0c1dj",0,0,0,0,0,0,0,0
OtoBeBD-zcQ,0.0,8.0,"/m/01y3hg,/m/07pp_mv",0,0,0,0,0,0,0,1
qvgDSFlU9Eo,30.0,40.0,"/m/04rlf,/t/dd00035",0,0,0,0,0,0,0,0
NZ2ZQ7qlZZg,30.0,40.0,"/m/09x0r,/t/dd00002",0,0,1,0,0,0,0,0
LT5mUSYUzHg,30.0,40.0,"/m/014zdl,/m/04rlf,/m/09x0r",0,0,0,1,0,0,0,0
4UnCqaDSFXM,10.0,20.0,"/m/07p6fty,/m/09x0r",0,1,0,0,0,0,0,0
jI81qI1Hii8,90.0,100.0,"/m/04rlf,/m/07pp_mv,/m/09x0r",0,0,0,0,0,0,0,1
H7LHsL0iB_w,30.0,40.0,"/m/04rlf,/m/09x0r",0,0,0,0,0,0,0,0
23mgR5srpGM,170.0,180.0,"/m/03qtwd,/m/053hz1,/t/dd00135",0,1,0,0,0,0,0,0
TTWxFopU1w0,30.0,40.0,"/m/02lkt,/m/04rlf,/m/07gxw",0,0,0,0,0,0,0,0
sLKtS-G8JlM,250.0,260.0,"/m/039jq,/m/09x0r",0,0,0,0,0,1,0,0
tD_2qVN8FKo,10.0,20.0,"/g/122z_qxw,/m/0g6b5",0,0,0,1,0,0,0,0
U4ntX7yBRlM,30.0,40.0,"/m/03qc9zr,/m/0ytgt",1,0,0,0,0,0,0,0
inlCCx7BwI0,40.0,50.0,"/m/012ndj,/m/04rlf,/m/07yv9,/m/0m0jc",0,0,0,0,0,0,1,0
78QuUSr8yVw,90.0,100.0,"/m/039jq,/m/04rlf",0,0,0,0,0,1,0,0
GAGt_UEFh8E,190.0,200.0,"/m/039jq,/m/09x0r",0,0,0,0,0,1,0,0
s-wkIRVJrxc,220.0,230.0,"/m/03qtwd,/m/053hz1,/t/dd00135",0,1,0,0,0,0,0,0
RcVRd7UKl6U,10.0,20.0,"/m/012ndj,/m/03j1ly,/m/03kmc9",0,0,0,0,0,0,1,0
qVblmvSkQ3w,110.0,120.0,"/m/03qc9zr,/m/09x0r",1,0,0,0,0,0,0,0
a4SlNSngDK4,130.0,140.0,/m/03qc9zr,1,0,0,0,0,0,0,0
GcSwPcsKelM,160.0,170.0,"/m/039jq,/m/04rlf,/m/04szw",0,0,0,0,0,1,0,0
ovzltgCIdXA,20.0,30.0,"/m/039jq,/m/04rlf",0,0,0,0,0,1,0,0
sx3elBpMmW8,30.0,40.0,/m/09x0r,0,0,0,0,0,0,0,0
vyA7iZLJYYo,0.0,10.0,"/m/04qvtq,/m/07yv9,/m/09x0r,/m/0k4j",0,0,0,0,0,0,1,0
FL7EAu5HZM8,30.0,40.0,/m/03kmc9,0,0,0,0,0,0,1,0
dMgZa1dSSac,20.0,30.0,"/m/0463cq4,/m/09x0r",0,0,1,0,0,0,0,0
5c6wTpeOqpg,20.0,30.0,"/m/03qc9zr,/m/04rlf,/m/053hz1,/m/064t9",1,0,0,0,0,0,0,0
9ClMgiPpGCY,350.0,360.0,"/m/012n7d,/m/03j1ly,/m/03kmc9,/m/09x0r",0,0,0,0,0,0,1,0
gS8YCsuoMpM,60.0,70.0,"/m/04rlf,/m/064t9,/m/06by7,/m/07p6fty",0,1,0,0,0,0,0,0
1Nc42dPNDpQ,30.0,40.0,"/m/03qtwd,/m/09x0r,/m/0g6b5",0,0,0,1,0,0,0,0
BFiw1DesgY4,590.0,600.0,"/m/04rlf,/m/07qqyl4,/m/09x0r",0,0,0,0,0,0,0,0
0gD0eZEYm9c,30.0,40.0,/m/04rlf,0,0,0,0,0,0,0,0
J8ssiegBmW8,30.0,40.0,"/m/04rlf,/m/09x0r",0,0,0,0,0,0,0,0
Der6mwaDGYA,30.0,40.0,"/m/03kmc9,/m/09x0r",0,0,0,0,0,0,1,0
cY7It5ykWEc,310.0,320.0,/m/0c3f7m,0,0,0,0,0,0,0,1
-aeNwr3wq2g,40.0,50.0,"/m/039jq,/m/04rlf,/m/05pd6",0,0,0,0,0,1,0,0
MW0ggSsM1JU,170.0,180.0,"/m/039jq,/m/09x0r",0,0,0,0,0,1,0,0
OIByWG10Lpg,80.0,90.0,"/m/015lz1,/m/028sqc,/m/04rlf,/m/064t9",0,0,0,0,0,0,0,0
aaOSaiHV8JM,30.0,40.0,"/m/03qc9zr,/m/03qtwd,/m/04rlf",1,0,0,0,0,0,0,0
kUjc6fLnfmM,30.0,40.0,/m/09x0r,0,0,0,0,0,0,0,0
Jspim3KSzS4,180.0,190.0,"/m/015lz1,/m/04rlf,/m/07p6fty",0,1,0,0,0,0,0,0
5Mw_WTSGeuQ,30.0,40.0,"/m/09x0r,/m/0hsrw",0,0,0,0,0,0,0,0
l8O717wuTFE,200.0,210.0,"/m/0463cq4,/m/09x0r,/m/0ytgt",0,0,1,0,0,0,0,0
-PUjIHCgcZU,30.0,40.0,"/m/04rlf,/m/09x0r,/t/dd00128",0,0,0,0,0,0,0,0
siEhzf9cop8,4.0,14.0,"/m/07qz6j3,/t/dd00002",0,0,1,0,0,0,0,0
_7BYvjIXZBI,80.0,90.0,"/m/07p6fty,/m/09x0r",0,1,0,0,0,0,0,0
sgANY48F4NY,50.0,60.0,"/m/09x0r,/m/0g6b5",0,0,0,1,0,0,0,0
cjlelKAgAzY,120.0,130.0,"/m/0463cq4,/m/04rlf",0,0,1,0,0,0,0,0
vdP-yuw2b0s,50.0,60.0,"/m/0c3f7m,/t/dd00127",0,0,0,0,0,0,0,1
AxgI5RhRVrM,10.0,20.0,"/m/015lz1,/m/04rlf,/m/07p6fty,/t/dd00126",0,1,0,0,0,0,0,0
VgZGjFCWN84,15.0,25.0,/m/014zdl,0,0,0,1,0,0,0,0
MU78ou0Hq_k,20.0,30.0,"/m/03qtwd,/m/053hz1,/t/dd00135",0,1,0,0,0,0,0,0
bAsNBPiw1uE,30.0,40.0,"/m/03qc9zr,/m/09x0r",1,0,0,0,0,0,0,0
P0nyS2ToAIU,160.0,170.0,/m/039jq,0,0,0,0,0,1,0,0
qeSI7iO2IcY,30.0,40.0,/m/032s66,0,0,0,0,1,0,0,0
lXpGn8JWqWE,90.0,100.0,"/m/04rlf,/m/07p6fty,/t/dd00126,/t/dd00127",0,1,0,0,0,0,0,0
c7SWH2vgE4A,120.0,130.0,"/m/0463cq4,/m/04rlf,/m/07c52,/m/09x0r",0,0,1,0,0,0,0,0
m204H5MNxKg,30.0,40.0,/m/09x0r,0,0,0,0,0,0,0,0
oYTF8buJuY8,30.0,40.0,"/m/04rlf,/m/09x0r",0,0,0,0,0,0,0,0
W1OF9O8dKEI,10.0,20.0,"/m/0463cq4,/m/05zppz,/m/09x0r",0,0,1,0,0,0,0,0
I515SEYGbIw,2.0,12.0,"/m/014zdl,/m/07qsvvw",0,0,0,1,0,0,0,0
E8uP94MIcgs,30.0,40.0,"/m/07pp_mv,/m/09x0r,/m/0c3f7m",0,0,0,0,0,0,0,1
mE-tga7f1U4,80.0,90.0,"/m/04rlf,/m/05w3f,/m/06by7,/m/07p6fty",0,1,0,0,0,0,0,0
suFIELb--3M,20.0,30.0,"/m/03qc9zr,/m/09x0r",1,0,0,0,0,0,0,0
56VtY6sfVxg,0.0,10.0,"/m/0342h,/m/04rlf,/m/07p6fty,/t/dd00126",0,1,0,0,0,0,0,0
W09-xl4SEnI,10.0,20.0,/m/03qc9zr,1,0,0,0,0,0,0,0
KcewsZmME_0,40.0,50.0,"/m/014zdl,/m/02_41,/m/04rlf,/m/09x0r",0,0,0,1,0,0,0,0
ll2vr6L96ME,260.0,270.0,"/m/04rlf,/m/05pd6,/m/0ggq0m,/t/dd00127",0,0,0,0,0,0,0,0
8YRdbD4eRV4,90.0,100.0,"/m/02mfyn,/m/03kmc9",0,0,0,0,0,0,1,1
kVIeyQqqdno,220.0,230.0,"/m/030rvx,/m/09x0r,/m/0c3f7m",0,0,0,0,0,0,0,1
rLLsCxPVl-k,40.0,50.0,"/m/04rlf,/m/07p6fty,/m/09x0r",0,1,0,0,0,0,0,0
4YjSiRemuRc,0.0,7.0,"/m/014zdl,/m/07qsvvw",0,0,0,1,0,0,0,0
nsYsjLsN1_E,90.0,100.0,"/m/015lz1,/m/03qtwd,/m/04rlf,/m/07p6fty",0,1,0,0,0,0,0,0
RLxSUtyUs2k,390.0,400.0,"/m/032s66,/m/04rlf,/m/09x0r",0,0,0,0,1,0,0,0
Q1-gaJ2FIMg,30.0,40.0,"/m/09x0r,/t/dd00125",0,0,0,0,0,0,0,0
3uTU95L0F_E,10.0,20.0,"/m/03qtwd,/t/dd00135",0,1,0,0,0,0,0,0
E6x_qv3RORE,230.0,240.0,"/m/03qtwd,/m/053hz1,/t/dd00135",0,1,0,0,0,0,0,0
ojnAqmz8jcE,20.0,30.0,/m/09x0r,0,0,0,0,0,0,0,0
VoRmYwugxjw,140.0,150.0,/m/014zdl,0,0,0,1,0,0,0,0
YbNvN4__JKo,70.0,80.0,"/m/04rlf,/m/05pd6,/m/07p6fty,/t/dd00127",0,1,0,0,0,0,0,0
0yt7yNQPIs4,80.0,90.0,/m/0g6b5,0,0,0,1,0,0,0,0
5Ti9fuwzDtI,140.0,150.0,"/m/04rlf,/m/09x0r",0,0,0,0,0,0,0,0
ahta_C5qDRU,100.0,110.0,"/m/03j1ly,/m/03kmc9,/m/04qvtq",0,0,0,0,0,0,1,0
m0IfV_i2wGA,40.0,50.0,"/m/03qc9zr,/m/09x0r",1,0,0,0,0,0,0,0
hggWem3nW64,40.0,50.0,"/m/09x0r,/m/0g6b5",0,0,0,1,0,0,0,0
ioWizng27ok,90.0,100.0,"/m/09x0r,/m/0c3f7m",0,0,0,0,0,0,0,1
xRzs_ynrCkc,0.0,10.0,"/m/0463cq4,/m/09x0r",0,0,1,0,0,0,0,0
NHYBzEpFO3Q,60.0,70.0,"/m/039jq,/m/04rlf,/m/09x0r",0,0,0,0,0,1,0,0
1GBT6CJCYMw,30.0,40.0,"/m/04rlf,/t/dd00003,/t/dd00004",0,0,0,0,0,0,0,0
CXRs-StR4Lo,19.0,29.0,"/m/014zdl,/m/07qsvvw,/m/09x0r",0,0,0,1,0,0,0,0
B3gMbKoeg5A,30.0,40.0,"/m/04rlf,/m/04szw,/m/07xzm,/t/dd00125",0,0,0,0,0,0,0,0
K75W_IaeoQU,10.0,20.0,/m/032s66,0,0,0,0,1,0,0,0
WfTY322_6Kc,30.0,40.0,/m/032s66,0,0,0,0,1,0,0,0
nVA8BdFZM7k,70.0,80.0,"/m/07pp_mv,/m/09x0r,/m/0c3f7m",0,0,0,0,0,0,0,1
9Dci2M4yKHE,4.0,14.0,/m/0c3f7m,0,0,0,0,0,0,0,1
nwMHPaDYg4I,10.0,20.0,"/m/03qc9zr,/m/09x0r,/t/dd00125",1,0,0,0,0,0,0,0
edKQesSAp1M,30.0,40.0,"/m/03kmc9,/m/09x0r",0,0,0,0,0,0,1,0
o0Sc9dwjBic,30.0,40.0,/m/09x0r,0,0,0,0,0,0,0,0
sA73ScSPS30,0.0,10.0,"/m/032s66,/m/04zjc",0,0,0,0,1,0,0,0
DjyV0VxzSt0,20.0,30.0,"/m/0463cq4,/m/09x0r,/t/dd00002",0,0,1,0,0,0,0,0
uQVlRLSUDcM,30.0,40.0,/t/dd00002,0,0,1,0,0,0,0,0
FtvApi4UlEM,30.0,40.0,"/m/04rlf,/m/04szw,/m/07y_7,/m/09x0r",0,0,0,0,0,0,0,0
hTNmNcAJ5ag,30.0,40.0,"/m/03kmc9,/m/09x0r",0,0,0,0,0,0,1,0
4CFDi5B4h_k,30.0,40.0,"/m/02sgy,/m/0342h,/m/04rlf,/m/04szw,/m/0fx80y",0,0,0,0,0,0,0,0
hGklLddzBQA,530.0,540.0,"/m/032s66,/m/0_1c",0,0,0,0,1,0,0,0
gKPc0bjkW38,30.0,40.0,"/m/04rlf,/m/09x0r",0,0,0,0,0,0,0,0
ph17kR0Ul8M,240.0,250.0,/m/0g6b5,0,0,0,1,0,0,0,0
WdIuRnqwJkc,30.0,40.0,"/m/04rlf,/m/09x0r",0,0,0,0,0,0,0,0
_GmpmxH8Z7k,30.0,40.0,"/m/04rlf,/m/083vt",0,0,0,0,0,0,0,0
SStyuWS2PZc,13.0,23.0,/m/0463cq4,0,0,1,0,0,0,0,0
M-JrLMJcCr0,0.0,9.0,"/m/014zdl,/m/09x0r",0,0,0,1,0,0,0,0
nof39GgUFJs,30.0,40.0,/m/04rlf,0,0,0,0,0,0,0,0
97jyByjadQY,30.0,40.0,/m/09x0r,0,0,0,0,0,0,0,0
O9Q9g7rIoso,200.0,210.0,/m/032s66,0,0,0,0,1,0,0,0
DUxBLH7iA20,70.0,80.0,"/m/03qc9zr,/m/03qtwd",1,0,0,0,0,0,0,0
6qgivRKVUz4,30.0,40.0,"/m/03kmc9,/m/04qvtq",0,0,0,0,0,0,1,0
Fsm83J5m2rM,230.0,240.0,"/m/032s66,/m/04zjc",0,0,0,0,1,0,0,0
QZLuZlt9ay4,10.0,20.0,"/m/03qtwd,/m/053hz1,/t/dd00135",0,1,0,0,0,0,0,0
YG_dUMMTmno,1.0,11.0,/t/dd00002,0,0,1,0,0,0,0,0
ziObSLJlx28,10.0,20.0,"/m/014zdl,/m/09x0r",0,0,0,1,0,0,0,0
ONWBTiUy4To,120.0,130.0,"/m/01y3hg,/m/09x0r",0,0,0,0,0,0,0,1
BBz8gup4IKk,12.0,22.0,/m/04qvtq,0,0,0,0,0,0,1,0
vCuvS_BpXKk,60.0,70.0,"/m/015lz1,/m/04rlf",0,0,0,0,0,0,0,0
FHAOAyhP3ks,30.0,40.0,"/m/04rlf,/m/09x0r",0,0,0,0,0,0,0,0
YyqqXEmYPIA,20.0,30.0,"/m/012n7d,/m/02mfyn,/m/03j1ly,/m/03kmc9",0,0,0,0,0,0,1,1
nR_OpluwMMQ,30.0,40.0,"/m/04rlf,/m/09x0r",0,0,0,0,0,0,0,0
wFZZw7vQ4bw,120.0,130.0,"/m/032s66,/m/04zjc",0,0,0,0,1,0,0,0
iSfAWBlRoYM,30.0,40.0,"/m/07pp_mv,/m/09x0r",0,0,0,0,0,0,0,1
vDwW3dPT78I,0.0,5.0,"/m/039jq,/m/07pc8lb",0,0,0,0,0,1,0,0
d6dh7S6-IRU,30.0,40.0,"/m/03qc9zr,/m/09x0r,/t/dd00125",1,0,0,0,0,0,0,0
YfiuY9oWeSc,0.0,10.0,/m/0g6b5,0,0,0,1,0,0,0,0
BdWn9pKLz_k,160.0,170.0,"/m/03qc9zr,/m/04rlf,/m/09x0r",1,0,0,0,0,0,0,0
Q-DjeuewBsQ,13.0,23.0,"/m/03kmc9,/m/07yv9",0,0,0,0,0,0,1,0
BhqZ1vtFMPQ,30.0,40.0,"/m/04qvtq,/m/09x0r,/t/dd00128",0,0,0,0,0,0,1,0
wfcikycYrVM,30.0,40.0,/m/09x0r,0,0,0,0,0,0,0,0
pje6secpdvs,10.0,20.0,/m/039jq,0,0,0,0,0,1,0,0
hK2oRdBI1uM,24.0,34.0,"/m/09x0r,/t/dd00002",0,0,1,0,0,0,0,0
mXsO7KVD-6M,30.0,40.0,/m/032s66,0,0,0,0,1,0,0,0
bAvHJyCDSKM,30.0,40.0,/m/04rlf,0,0,0,0,0,0,0,0
eN3eHKQPg9w,210.0,220.0,"/m/03qtwd,/m/04rlf,/m/07p6fty,/m/09x0r",0,1,0,0,0,0,0,0
n-ZW6BVYZv0,160.0,170.0,"/m/04rlf,/m/04szw,/m/085jw,/m/0l14j_",0,0,0,0,0,0,0,0
CAepFl3dwMI,30.0,40.0,"/m/039jq,/m/09x0r",0,0,0,0,0,1,0,0
dfzN6ThAhJk,30.0,40.0,"/m/03qc9zr,/m/04rlf",1,0,0,0,0,0,0,0
nLHeeJEvG-8,50.0,60.0,"/m/014zdl,/m/09x0r",0,0,0,1,0,0,0,0
VNsxEujc_rg,30.0,40.0,"/m/01y3hg,/m/09x0r",0,0,0,0,0,0,0,1
0-RnTXpp8Q0,30.0,40.0,"/m/03qc9zr,/m/09x0r",1,0,0,0,0,0,0,0
oi-NyVxkKUc,0.0,5.0,/m/03qc9zr,1,0,0,0,0,0,0,0
bpQjwDZaB8g,30.0,40.0,/m/014zdl,0,0,0,1,0,0,0,0
MvSwPwkqfEA,30.0,40.0,"/m/04rlf,/m/09x0r",0,0,0,0,0,0,0,0
oDKD_gfgxLA,70.0,80.0,/m/032s66,0,0,0,0,1,0,0,0
zQmP3BqmpxQ,0.0,10.0,"/m/03qtwd,/m/04rlf,/m/09x0r,/m/0g6b5",0,0,0,1,0,0,0,0
yJ6q1RfA-V0,50.0,60.0,"/g/122z_qxw,/m/0g6b5,/t/dd00128",0,0,0,1,0,0,0,0
sTPwagn_I9A,70.0,80.0,"/m/0463cq4,/m/09x0r",0,0,1,0,0,0,0,0
lnicYf_8ywI,130.0,140.0,"/m/015lz1,/m/04rlf,/m/07p6fty,/m/09x0r,/t/dd00126",0,1,0,0,0,0,0,0
jNsgfrEblLk,60.0,70.0,"/m/02lkt,/m/04rlf",0,0,0,0,0,0,0,0
Ti2GY1i6VnU,310.0,320.0,"/m/04rlf,/m/08cyft",0,0,0,0,0,0,0,0
69farTbINDQ,30.0,40.0,"/m/04rlf,/t/dd00034",0,0,0,0,0,0,0,0
290_3BH-JE4,140.0,150.0,"/m/015lz1,/m/04rlf,/m/07sbbz2",0,0,0,0,0,0,0,0
6i-jFEm2HTw,360.0,370.0,"/m/09x0r,/t/dd00128",0,0,0,0,0,0,0,0
-njqm6R9Tko,50.0,60.0,"/m/032s66,/m/04zjc",0,0,0,0,1,0,0,0
y4b7-P801MA,40.0,50.0,"/m/039jq,/m/04rlf",0,0,0,0,0,1,0,0
eG6zQFTc8SA,40.0,50.0,"/m/03qc9zr,/m/09x0r,/m/0ytgt,/t/dd00125",1,0,0,0,0,0,0,0
HlpAb0Iqc4c,30.0,40.0,/m/03kmc9,0,0,0,0,0,0,1,0
LZZdHx7Ztc4,40.0,50.0,"/m/09x0r,/t/dd00127",0,0,0,0,0,0,0,0
N9_Dtwc1QjM,60.0,70.0,/m/02mfyn,0,0,0,0,0,0,0,1
dk99Dm1x3NY,30.0,40.0,"/m/03qc9zr,/m/09x0r",1,0,0,0,0,0,0,0
8zzNZEi5jL0,20.0,30.0,"/m/03kmc9,/m/0dgbq",0,0,0,0,0,0,1,0
7IZqDZuANyg,30.0,40.0,"/m/012ndj,/m/07yv9",0,0,0,0,0,0,1,0
axRUQGQeBkE,10.0,20.0,"/m/039jq,/m/09x0r",0,0,0,0,0,1,0,0
p-lrpXQCBX4,40.0,50.0,"/m/03qtwd,/m/053hz1,/t/dd00135",0,1,0,0,0,0,0,0
D7oNBQLxbMY,60.0,70.0,"/m/03qc9zr,/m/04rlf",1,0,0,0,0,0,0,0
jCld8xje-fE,150.0,160.0,"/m/032s66,/m/04zjc",0,0,0,0,1,0,0,0
ALGnS3eAOCg,230.0,240.0,"/m/01y3hg,/m/030rvx,/m/09x0r,/t/dd00126",0,0,0,0,0,0,0,1
-hCtVc60euU,30.0,40.0,"/m/04rlf,/m/09x0r",0,0,0,0,0,0,0,0
EfEbVZMjMYc,0.0,10.0,"/m/0463cq4,/m/09x0r,/m/0ytgt",0,0,1,0,0,0,0,0
4jDcwRUvSBE,520.0,530.0,"/m/04rlf,/m/04szw,/t/dd00126",0,0,0,0,0,0,0,0
Rn6zFf5BJAU,10.0,20.0,/m/032s66,0,0,0,0,1,0,0,0
CEQIgLuWSTY,40.0,50.0,"/m/039jq,/m/04rlf",0,0,0,0,0,1,0,0
R5tZ-gL9SIs,1.0,11.0,/m/032s66,0,0,0,0,1,0,0,0
TTxOyJm_edY,155.0,165.0,"/m/01y3hg,/m/09x0r,/m/0c3f7m",0,0,0,0,0,0,0,1
xNtX3g_67oc,10.0,20.0,"/m/03qc9zr,/m/04rlf",1,0,0,0,0,0,0,0
FAUsrd8nUHY,40.0,50.0,"/m/039jq,/m/09x0r",0,0,0,0,0,1,0,0
L_0W4TfWwNY,0.0,10.0,"/m/0c3f7m,/t/dd00125",0,0,0,0,0,0,0,1
kEslxnpmr1A,110.0,120.0,"/m/039jq,/m/04rlf,/m/09x0r",0,0,0,0,0,1,0,0
HIKMxp3Y2DQ,90.0,100.0,/m/039jq,0,0,0,0,0,1,0,0
DLMnbmSYBuo,30.0,40.0,/m/04rlf,0,0,0,0,0,0,0,0
t-S_vWRmC_g,30.0,40.0,/m/03kmc9,0,0,0,0,0,0,1,0
xd_FdT3YQQY,80.0,90.0,"/m/09x0r,/m/0g6b5",0,0,0,1,0,0,0,0
kX-25zHIuD0,60.0,70.0,"/m/03qc9zr,/m/04rlf",1,0,0,0,0,0,0,0
SSFWIHo0DdM,30.0,40.0,"/m/07yv9,/m/09x0r",0,0,0,0,0,0,0,0
-f9oaeCpiZs,30.0,40.0,/m/09x0r,0,0,0,0,0,0,0,0
uDkbD1QiN2s,30.0,40.0,/m/032s66,0,0,0,0,1,0,0,0
7DVmf-lMYjc,40.0,50.0,"/m/09x0r,/m/0ytgt,/t/dd00125",0,0,0,0,0,0,0,0
JNrJIZH5Di8,7.0,17.0,/m/014zdl,0,0,0,1,0,0,0,0
hChxVDbmG_M,360.0,370.0,"/m/04rlf,/m/07pws3f,/m/0g6b5",0,0,0,1,0,0,0,0
pD741EDWwDM,25.0,35.0,"/m/09x0r,/t/dd00002",0,0,1,0,0,0,0,0
lLxRBSb8bcY,30.0,40.0,"/m/012ndj,/m/03j1ly,/m/07yv9,/m/09x0r",0,0,0,0,0,0,1,0
LhZyvcdBfi4,18.0,28.0,"/m/014zdl,/m/04rlf,/m/07qsvvw,/m/09x0r",0,0,0,1,0,0,0,0
AHUnfLkoL5I,30.0,40.0,"/m/04rlf,/m/07p6fty,/m/09x0r,/t/dd00126",0,1,0,0,0,0,0,0
NbxZxNX6DOw,30.0,40.0,"/m/04rlf,/m/09x0r",0,0,0,0,0,0,0,0
D4cCmSn9J4E,10.0,20.0,"/m/03qtwd,/m/053hz1,/t/dd00135",0,1,0,0,0,0,0,0
Fy5kPerZcas,30.0,40.0,"/m/03kmc9,/m/0dgbq",0,0,0,0,0,0,1,0
RjZMbEP35kg,0.0,10.0,"/m/0463cq4,/m/09x0r",0,0,1,0,0,0,0,0
6N0NJpziE78,30.0,40.0,"/m/03kmc9,/m/0dgbq",0,0,0,0,0,0,1,0
vq670hKM_a0,30.0,40.0,/m/04rlf,0,0,0,0,0,0,0,0
6h-xQIG-q3Q,40.0,50.0,"/m/012ndj,/m/03j1ly,/m/03kmc9",0,0,0,0,0,0,1,0
